==> /root/autodl-tmp/logs/phase11/p2_1a/train.log <==
[1] 加载 facebook/dinov2-giant(fp16) + LoRA(r=16) + Phase6 bridge 头
Loading weights:   0%|          | 0/727 [00:00<?, ?it/s]Loading weights: 100%|██████████| 727/727 [00:00<00:00, 9651.08it/s]
/root/miniconda3/lib/python3.12/site-packages/torch/nn/modules/transformer.py:392: UserWarning: enable_nested_tensor is True, but self.use_nested_tensor is False because encoder_layer.norm_first was True
  warnings.warn(
  梯度 checkpointing: True
  可训练参数: 10.82M (LoRA + 时序头；主干冻结 fp16)
  Phase11 Exp-1a boundary head: ON (λ=0.3, k=3)
[2] mp4 现解码数据集: DATASET-omnifall/splits/syn/random/train.csv (window=64, stride=16, workers=16)
  训练视频: 9600 | 窗口: 19200 | 类权重 fall/fallen/normal: [1.318, 1.545, 0.137]
  boundary loss: λ=0.3 | 正/负帧 21,748/1,207,052 (正类率 1.77%) | pos_weight=55.50
  aux_static loss: 关（λ=0，训练行为与基线一致）
step 50 | loss 4.5819 | fall/fallen/normal acc 0.082/0.049/0.905 | lr 1.00e-04
step 100 | loss 3.8235 | fall/fallen/normal acc 0.020/0.343/0.979 | lr 1.00e-04
step 150 | loss 2.6593 | fall/fallen/normal acc 0.002/0.450/0.988 | lr 1.00e-04
step 200 | loss 2.3066 | fall/fallen/normal acc 0.121/0.462/0.968 | lr 1.00e-04
step 250 | loss 2.3380 | fall/fallen/normal acc 0.376/0.210/0.932 | lr 1.00e-04
step 300 | loss 2.4767 | fall/fallen/normal acc 0.102/0.461/0.924 | lr 1.00e-04
step 350 | loss 1.6320 | fall/fallen/normal acc 0.301/0.233/0.965 | lr 1.00e-04
step 400 | loss 2.3778 | fall/fallen/normal acc 0.563/0.377/0.879 | lr 1.00e-04
step 450 | loss 2.5427 | fall/fallen/normal acc 0.308/0.410/0.886 | lr 1.00e-04
step 500 | loss 1.1819 | fall/fallen/normal acc 0.613/0.385/0.953 | lr 1.00e-04
step 550 | loss 1.3616 | fall/fallen/normal acc 0.058/0.693/0.968 | lr 1.00e-04
step 600 | loss 1.0917 | fall/fallen/normal acc 0.368/0.474/0.956 | lr 1.00e-04
[VAL] step 600 | f1 0.6820 | fallen prec 0.6201 rec 0.7552 | train_loss 2.3645
  [CKPT] 已存 step_600_model.pt
  [BEST] 新最优 f1=0.6820 → best_model.pt
step 650 | loss 2.3874 | fall/fallen/normal acc 0.191/0.647/0.967 | lr 1.00e-04
step 700 | loss 1.8763 | fall/fallen/normal acc 0.479/0.486/0.975 | lr 1.00e-04
step 750 | loss 1.0293 | fall/fallen/normal acc 0.522/0.609/0.955 | lr 1.00e-04
step 800 | loss 2.1001 | fall/fallen/normal acc 0.211/0.487/0.943 | lr 1.00e-04
step 850 | loss 1.3309 | fall/fallen/normal acc 0.429/0.488/0.946 | lr 1.00e-04
step 900 | loss 1.5749 | fall/fallen/normal acc 0.390/0.659/0.946 | lr 1.00e-04
step 950 | loss 1.3324 | fall/fallen/normal acc 0.787/0.535/0.921 | lr 1.00e-04
step 1000 | loss 1.4558 | fall/fallen/normal acc 0.754/0.129/0.948 | lr 1.00e-04
step 1050 | loss 1.5861 | fall/fallen/normal acc 0.570/0.362/0.949 | lr 1.00e-04
step 1100 | loss 1.4907 | fall/fallen/normal acc 0.765/0.176/0.948 | lr 1.00e-04
step 1150 | loss 1.2327 | fall/fallen/normal acc 0.608/0.639/0.956 | lr 1.00e-04
step 1200 | loss 1.0790 | fall/fallen/normal acc 0.617/0.540/0.956 | lr 1.00e-04
[VAL] step 1200 | f1 0.6129 | fallen prec 0.9239 rec 0.2295 | train_loss 1.5396
  [CKPT] 已存 step_1200_model.pt
step 1250 | loss 1.5029 | fall/fallen/normal acc 0.710/0.124/0.939 | lr 1.00e-04
step 1300 | loss 1.2633 | fall/fallen/normal acc 0.576/0.671/0.954 | lr 1.00e-04
step 1350 | loss 1.0039 | fall/fallen/normal acc 0.574/0.552/0.963 | lr 1.00e-04
step 1400 | loss 0.8961 | fall/fallen/normal acc 0.446/0.389/0.940 | lr 1.00e-04
step 1450 | loss 0.9307 | fall/fallen/normal acc 0.665/0.534/0.900 | lr 1.00e-04
step 1500 | loss 0.7282 | fall/fallen/normal acc 0.856/0.649/0.946 | lr 1.00e-04
step 1550 | loss 1.1906 | fall/fallen/normal acc 0.370/0.339/0.967 | lr 1.00e-04
step 1600 | loss 1.1653 | fall/fallen/normal acc 0.597/0.587/0.908 | lr 1.00e-04
step 1650 | loss 1.4419 | fall/fallen/normal acc 0.578/0.466/0.918 | lr 1.00e-04
step 1700 | loss 1.9407 | fall/fallen/normal acc 0.800/0.507/0.968 | lr 1.00e-04
step 1750 | loss 1.0567 | fall/fallen/normal acc 0.629/0.441/0.981 | lr 1.00e-04
step 1800 | loss 1.1197 | fall/fallen/normal acc 0.416/0.456/0.949 | lr 1.00e-04
[VAL] step 1800 | f1 0.7337 | fallen prec 0.9534 rec 0.4608 | train_loss 1.1867
  [CKPT] 已存 step_1800_model.pt
  [BEST] 新最优 f1=0.7337 → best_model.pt
step 1850 | loss 0.5704 | fall/fallen/normal acc 0.767/0.496/0.953 | lr 1.00e-04
step 1900 | loss 0.8442 | fall/fallen/normal acc 0.767/0.691/0.950 | lr 1.00e-04
step 1950 | loss 0.5436 | fall/fallen/normal acc 0.675/0.595/0.970 | lr 1.00e-04
step 2000 | loss 1.0326 | fall/fallen/normal acc 0.638/0.713/0.909 | lr 1.00e-04
step 2050 | loss 0.7377 | fall/fallen/normal acc 0.571/0.658/0.950 | lr 1.00e-04
step 2100 | loss 0.9821 | fall/fallen/normal acc 0.865/0.384/0.955 | lr 1.00e-04
step 2150 | loss 0.9049 | fall/fallen/normal acc 0.590/0.295/0.981 | lr 1.00e-04
step 2200 | loss 1.2402 | fall/fallen/normal acc 0.847/0.202/0.964 | lr 1.00e-04
step 2250 | loss 0.5922 | fall/fallen/normal acc 0.829/0.388/0.950 | lr 1.00e-04
step 2300 | loss 1.5135 | fall/fallen/normal acc 0.550/0.231/0.956 | lr 1.00e-04
step 2350 | loss 0.4950 | fall/fallen/normal acc 0.480/0.215/0.983 | lr 1.00e-04
step 2400 | loss 0.6836 | fall/fallen/normal acc 0.761/0.140/0.955 | lr 1.00e-04
[VAL] step 2400 | f1 0.8236 | fallen prec 0.8390 rec 0.7273 | train_loss 0.8450
  [CKPT] 已存 step_2400_model.pt
  [BEST] 新最优 f1=0.8236 → best_model.pt
step 2450 | loss 0.6706 | fall/fallen/normal acc 0.726/0.282/0.980 | lr 1.00e-04
step 2500 | loss 0.9763 | fall/fallen/normal acc 0.693/0.555/0.965 | lr 1.00e-04
step 2550 | loss 0.5951 | fall/fallen/normal acc 0.522/0.724/0.958 | lr 1.00e-04
step 2600 | loss 0.9604 | fall/fallen/normal acc 0.591/0.627/0.956 | lr 1.00e-04
step 2650 | loss 1.1991 | fall/fallen/normal acc 0.645/0.329/0.931 | lr 1.00e-04
step 2700 | loss 0.9381 | fall/fallen/normal acc 0.431/0.669/0.970 | lr 1.00e-04
step 2750 | loss 0.7670 | fall/fallen/normal acc 0.509/0.746/0.953 | lr 1.00e-04
step 2800 | loss 0.6755 | fall/fallen/normal acc 0.751/0.703/0.939 | lr 1.00e-04
step 2850 | loss 0.8540 | fall/fallen/normal acc 0.681/0.860/0.963 | lr 1.00e-04
step 2900 | loss 0.8158 | fall/fallen/normal acc 0.660/0.603/0.974 | lr 1.00e-04
step 2950 | loss 0.9350 | fall/fallen/normal acc 0.489/0.651/0.968 | lr 1.00e-04
step 3000 | loss 0.5545 | fall/fallen/normal acc 0.779/0.753/0.921 | lr 1.00e-04
[VAL] step 3000 | f1 0.8420 | fallen prec 0.8605 rec 0.8884 | train_loss 0.8284
  [CKPT] 已存 step_3000_model.pt
  [BEST] 新最优 f1=0.8420 → best_model.pt
step 3050 | loss 1.1440 | fall/fallen/normal acc 0.710/0.511/0.923 | lr 1.00e-04
step 3100 | loss 0.5585 | fall/fallen/normal acc 0.738/0.621/0.954 | lr 1.00e-04
step 3150 | loss 0.4489 | fall/fallen/normal acc 0.337/0.921/0.982 | lr 1.00e-04
step 3200 | loss 0.7781 | fall/fallen/normal acc 0.508/0.692/0.957 | lr 1.00e-04
step 3250 | loss 0.5212 | fall/fallen/normal acc 0.652/0.550/0.947 | lr 1.00e-04
step 3300 | loss 1.2299 | fall/fallen/normal acc 0.419/0.443/0.972 | lr 1.00e-04
step 3350 | loss 0.5275 | fall/fallen/normal acc 0.876/0.591/0.952 | lr 1.00e-04
step 3400 | loss 0.5575 | fall/fallen/normal acc 0.777/0.690/0.970 | lr 1.00e-04
step 3450 | loss 0.7086 | fall/fallen/normal acc 0.717/0.703/0.945 | lr 1.00e-04
step 3500 | loss 1.5702 | fall/fallen/normal acc 0.676/0.625/0.975 | lr 1.00e-04
step 3550 | loss 0.5513 | fall/fallen/normal acc 0.647/0.720/0.962 | lr 1.00e-04
step 3600 | loss 1.2007 | fall/fallen/normal acc 0.588/0.524/0.940 | lr 1.00e-04
[VAL] step 3600 | f1 0.8561 | fallen prec 0.8618 rec 0.8362 | train_loss 0.8164
  [CKPT] 已存 step_3600_model.pt
  [BEST] 新最优 f1=0.8561 → best_model.pt
step 3650 | loss 0.6955 | fall/fallen/normal acc 0.684/0.746/0.947 | lr 1.00e-04
step 3700 | loss 0.7774 | fall/fallen/normal acc 0.769/0.483/0.969 | lr 1.00e-04
step 3750 | loss 1.6138 | fall/fallen/normal acc 0.624/0.639/0.921 | lr 1.00e-04
step 3800 | loss 0.8459 | fall/fallen/normal acc 0.558/0.463/0.941 | lr 1.00e-04
step 3850 | loss 0.3448 | fall/fallen/normal acc 0.747/0.488/0.983 | lr 1.00e-04
step 3900 | loss 1.1518 | fall/fallen/normal acc 0.725/0.532/0.960 | lr 1.00e-04
step 3950 | loss 1.1612 | fall/fallen/normal acc 0.694/0.705/0.955 | lr 1.00e-04
step 4000 | loss 0.3852 | fall/fallen/normal acc 0.818/0.554/0.963 | lr 1.00e-04
step 4050 | loss 0.6223 | fall/fallen/normal acc 0.731/0.775/0.960 | lr 1.00e-04
step 4100 | loss 0.9290 | fall/fallen/normal acc 0.679/0.704/0.922 | lr 1.00e-04
step 4150 | loss 1.0413 | fall/fallen/normal acc 0.611/0.785/0.947 | lr 1.00e-04
step 4200 | loss 0.6835 | fall/fallen/normal acc 0.784/0.802/0.906 | lr 1.00e-04
[VAL] step 4200 | f1 0.8717 | fallen prec 0.8978 rec 0.8380 | train_loss 0.8543
  [CKPT] 已存 step_4200_model.pt
  [BEST] 新最优 f1=0.8717 → best_model.pt
step 4250 | loss 0.8827 | fall/fallen/normal acc 0.725/0.749/0.982 | lr 1.00e-04
step 4300 | loss 0.9335 | fall/fallen/normal acc 0.487/0.660/0.944 | lr 1.00e-04
step 4350 | loss 0.7400 | fall/fallen/normal acc 0.651/0.326/0.961 | lr 1.00e-04
step 4400 | loss 0.4754 | fall/fallen/normal acc 0.875/0.840/0.962 | lr 1.00e-04
step 4450 | loss 0.6701 | fall/fallen/normal acc 0.831/0.504/0.960 | lr 1.00e-04
step 4500 | loss 0.6962 | fall/fallen/normal acc 0.855/0.445/0.926 | lr 1.00e-04
step 4550 | loss 0.6256 | fall/fallen/normal acc 0.577/0.807/0.935 | lr 1.00e-04
step 4600 | loss 0.6745 | fall/fallen/normal acc 0.651/0.550/0.984 | lr 1.00e-04
step 4650 | loss 0.7480 | fall/fallen/normal acc 0.567/0.778/0.956 | lr 1.00e-04
step 4700 | loss 0.7265 | fall/fallen/normal acc 0.866/0.403/0.947 | lr 1.00e-04
step 4750 | loss 0.8702 | fall/fallen/normal acc 0.693/0.762/0.947 | lr 1.00e-04
step 4800 | loss 0.7897 | fall/fallen/normal acc 0.577/0.322/0.962 | lr 1.00e-04
[VAL] step 4800 | f1 0.7560 | fallen prec 0.8992 rec 0.5059 | train_loss 0.7360
  [CKPT] 已存 step_4800_model.pt
step 4850 | loss 0.4301 | fall/fallen/normal acc 0.887/0.604/0.971 | lr 1.00e-04
step 4900 | loss 0.4524 | fall/fallen/normal acc 0.693/0.805/0.980 | lr 1.00e-04
step 4950 | loss 0.5308 | fall/fallen/normal acc 0.790/0.823/0.955 | lr 1.00e-04
step 5000 | loss 0.6794 | fall/fallen/normal acc 0.669/0.680/0.947 | lr 1.00e-04
step 5050 | loss 0.4033 | fall/fallen/normal acc 0.770/0.738/0.958 | lr 1.00e-04
step 5100 | loss 0.5043 | fall/fallen/normal acc 0.802/0.817/0.948 | lr 1.00e-04
step 5150 | loss 0.7447 | fall/fallen/normal acc 0.764/0.693/0.933 | lr 1.00e-04
step 5200 | loss 0.6155 | fall/fallen/normal acc 0.728/0.815/0.964 | lr 1.00e-04
step 5250 | loss 1.2244 | fall/fallen/normal acc 0.576/0.416/0.972 | lr 1.00e-04
step 5300 | loss 0.5662 | fall/fallen/normal acc 0.738/0.952/0.954 | lr 1.00e-04
step 5350 | loss 0.7083 | fall/fallen/normal acc 0.646/0.438/0.938 | lr 1.00e-04
step 5400 | loss 0.3684 | fall/fallen/normal acc 0.904/0.726/0.961 | lr 1.00e-04
[VAL] step 5400 | f1 0.8444 | fallen prec 0.9036 rec 0.8182 | train_loss 0.6023
  [CKPT] 已存 step_5400_model.pt
step 5450 | loss 0.8151 | fall/fallen/normal acc 0.917/0.523/0.942 | lr 1.00e-04
step 5500 | loss 0.6496 | fall/fallen/normal acc 0.597/0.796/0.960 | lr 1.00e-04
step 5550 | loss 0.2254 | fall/fallen/normal acc 0.848/0.837/0.980 | lr 1.00e-04
step 5600 | loss 0.6889 | fall/fallen/normal acc 0.834/0.908/0.930 | lr 1.00e-04
step 5650 | loss 0.4886 | fall/fallen/normal acc 0.575/0.715/0.967 | lr 1.00e-04
step 5700 | loss 0.4403 | fall/fallen/normal acc 0.705/0.867/0.953 | lr 1.00e-04
step 5750 | loss 0.8950 | fall/fallen/normal acc 0.646/0.871/0.965 | lr 1.00e-04
step 5800 | loss 0.8343 | fall/fallen/normal acc 0.622/0.770/0.952 | lr 1.00e-04
step 5850 | loss 0.6402 | fall/fallen/normal acc 0.884/0.819/0.910 | lr 1.00e-04
step 5900 | loss 0.7021 | fall/fallen/normal acc 0.901/0.691/0.984 | lr 1.00e-04
step 5950 | loss 0.5233 | fall/fallen/normal acc 0.635/0.904/0.967 | lr 1.00e-04
step 6000 | loss 0.7933 | fall/fallen/normal acc 0.659/0.714/0.947 | lr 1.00e-04
[VAL] step 6000 | f1 0.8664 | fallen prec 0.9310 rec 0.7777 | train_loss 0.6413
  [CKPT] 已存 step_6000_model.pt
step 6050 | loss 0.4462 | fall/fallen/normal acc 0.686/0.612/0.957 | lr 1.00e-04
step 6100 | loss 0.6565 | fall/fallen/normal acc 0.742/0.467/0.972 | lr 1.00e-04
step 6150 | loss 0.2552 | fall/fallen/normal acc 0.873/0.688/0.982 | lr 1.00e-04
step 6200 | loss 0.9299 | fall/fallen/normal acc 0.776/0.668/0.980 | lr 1.00e-04
step 6250 | loss 0.9659 | fall/fallen/normal acc 0.778/0.487/0.955 | lr 1.00e-04
step 6300 | loss 0.6851 | fall/fallen/normal acc 0.850/0.668/0.950 | lr 1.00e-04
step 6350 | loss 0.5865 | fall/fallen/normal acc 0.685/0.776/0.953 | lr 1.00e-04
step 6400 | loss 0.5242 | fall/fallen/normal acc 0.790/0.766/0.976 | lr 1.00e-04
step 6450 | loss 0.4568 | fall/fallen/normal acc 0.805/0.863/0.986 | lr 1.00e-04
step 6500 | loss 1.0193 | fall/fallen/normal acc 0.406/0.914/0.985 | lr 1.00e-04
step 6550 | loss 0.5276 | fall/fallen/normal acc 0.854/0.588/0.983 | lr 1.00e-04
step 6600 | loss 0.7628 | fall/fallen/normal acc 0.752/0.597/0.956 | lr 1.00e-04
[VAL] step 6600 | f1 0.8339 | fallen prec 0.9654 rec 0.7039 | train_loss 0.6513
  [CKPT] 已存 step_6600_model.pt
step 6650 | loss 0.6525 | fall/fallen/normal acc 0.683/0.802/0.974 | lr 1.00e-04
step 6700 | loss 0.4898 | fall/fallen/normal acc 0.833/0.677/0.956 | lr 1.00e-04
step 6750 | loss 0.7316 | fall/fallen/normal acc 0.702/0.755/0.977 | lr 1.00e-04
step 6800 | loss 0.3608 | fall/fallen/normal acc 0.807/0.896/0.955 | lr 1.00e-04
step 6850 | loss 0.4022 | fall/fallen/normal acc 0.830/0.724/0.956 | lr 1.00e-04
step 6900 | loss 0.4161 | fall/fallen/normal acc 0.776/0.855/0.967 | lr 1.00e-04
step 6950 | loss 0.5911 | fall/fallen/normal acc 0.787/0.818/0.935 | lr 1.00e-04
step 7000 | loss 0.7592 | fall/fallen/normal acc 0.615/0.725/0.987 | lr 1.00e-04
step 7050 | loss 0.8021 | fall/fallen/normal acc 0.553/0.562/0.968 | lr 1.00e-04
step 7100 | loss 0.2977 | fall/fallen/normal acc 0.775/0.907/0.968 | lr 1.00e-04
step 7150 | loss 0.5934 | fall/fallen/normal acc 0.757/0.694/0.982 | lr 1.00e-04
step 7200 | loss 0.5411 | fall/fallen/normal acc 0.794/0.872/0.980 | lr 1.00e-04
[VAL] step 7200 | f1 0.8293 | fallen prec 0.8772 rec 0.7525 | train_loss 0.5531
  [CKPT] 已存 step_7200_model.pt
step 7250 | loss 0.5821 | fall/fallen/normal acc 0.728/0.860/0.940 | lr 1.00e-04
step 7300 | loss 0.9369 | fall/fallen/normal acc 0.471/0.498/0.979 | lr 1.00e-04
step 7350 | loss 0.4446 | fall/fallen/normal acc 0.727/0.649/0.955 | lr 1.00e-04
step 7400 | loss 0.6269 | fall/fallen/normal acc 0.714/0.473/0.947 | lr 1.00e-04
step 7450 | loss 0.9756 | fall/fallen/normal acc 0.576/0.675/0.947 | lr 1.00e-04
step 7500 | loss 0.5609 | fall/fallen/normal acc 0.885/0.859/0.963 | lr 1.00e-04
step 7550 | loss 0.4144 | fall/fallen/normal acc 0.736/0.575/0.975 | lr 1.00e-04
step 7600 | loss 1.1137 | fall/fallen/normal acc 0.701/0.823/0.962 | lr 1.00e-04
step 7650 | loss 1.3190 | fall/fallen/normal acc 0.665/0.553/0.950 | lr 1.00e-04
step 7700 | loss 0.3517 | fall/fallen/normal acc 0.694/0.885/0.975 | lr 1.00e-04
step 7750 | loss 0.5647 | fall/fallen/normal acc 0.770/0.851/0.943 | lr 1.00e-04
step 7800 | loss 0.3792 | fall/fallen/normal acc 0.894/0.387/0.988 | lr 1.00e-04
[VAL] step 7800 | f1 0.8599 | fallen prec 0.7793 rec 0.8866 | train_loss 0.6891
  [CKPT] 已存 step_7800_model.pt
step 7850 | loss 0.3734 | fall/fallen/normal acc 0.773/0.716/0.956 | lr 1.00e-04
step 7900 | loss 0.7559 | fall/fallen/normal acc 0.333/0.645/0.975 | lr 1.00e-04
step 7950 | loss 0.3041 | fall/fallen/normal acc 0.818/0.796/0.984 | lr 1.00e-04
step 8000 | loss 0.7346 | fall/fallen/normal acc 0.805/0.607/0.947 | lr 1.00e-04
step 8050 | loss 0.5460 | fall/fallen/normal acc 0.728/0.883/0.964 | lr 1.00e-04
step 8100 | loss 0.6163 | fall/fallen/normal acc 0.459/0.835/0.966 | lr 1.00e-04
step 8150 | loss 0.4283 | fall/fallen/normal acc 0.830/0.791/0.969 | lr 1.00e-04
step 8200 | loss 0.3515 | fall/fallen/normal acc 0.837/0.748/0.979 | lr 1.00e-04
step 8250 | loss 0.9604 | fall/fallen/normal acc 0.819/0.665/0.944 | lr 1.00e-04
step 8300 | loss 0.9506 | fall/fallen/normal acc 0.661/0.516/0.948 | lr 1.00e-04
step 8350 | loss 0.4685 | fall/fallen/normal acc 0.854/0.426/0.960 | lr 1.00e-04
step 8400 | loss 0.7226 | fall/fallen/normal acc 0.713/0.824/0.976 | lr 1.00e-04
[VAL] step 8400 | f1 0.8690 | fallen prec 0.8646 rec 0.8794 | train_loss 0.6010
  [CKPT] 已存 step_8400_model.pt
step 8450 | loss 0.4778 | fall/fallen/normal acc 0.933/0.742/0.959 | lr 1.00e-04
step 8500 | loss 0.4362 | fall/fallen/normal acc 0.443/0.974/0.975 | lr 1.00e-04
step 8550 | loss 1.0531 | fall/fallen/normal acc 0.748/0.781/0.919 | lr 1.00e-04
step 8600 | loss 1.1210 | fall/fallen/normal acc 0.778/0.614/0.969 | lr 1.00e-04
step 8650 | loss 0.9014 | fall/fallen/normal acc 0.766/0.758/0.924 | lr 1.00e-04

==> /root/autodl-tmp/logs/phase11/p2_1a/run.log <==
== P2/1a launch Wed Oct  7 19:23:00 CST 2026 ==
   cmd extra: --use_boundary_head --boundary_lambda 0.3
   CUDA_VISIBLE_DEVICES=<未设=全部可见>  workers=16
PID=4860
tail: cannot open '/root/autodl-tmp/logs/phase11/p2_1a/offline.log' for reading: No such file or directory

==> /root/autodl-tmp/logs/phase11/p2_1a/train.log <==
step 8700 | loss 0.7136 | fall/fallen/normal acc 0.902/0.534/0.944 | lr 1.00e-04
step 8750 | loss 0.7372 | fall/fallen/normal acc 0.903/0.607/0.970 | lr 1.00e-04
step 8800 | loss 0.6268 | fall/fallen/normal acc 0.607/0.741/0.928 | lr 1.00e-04
step 8850 | loss 0.5675 | fall/fallen/normal acc 0.743/0.798/0.957 | lr 1.00e-04
step 8900 | loss 0.6002 | fall/fallen/normal acc 0.784/0.770/0.943 | lr 1.00e-04
step 8950 | loss 0.8520 | fall/fallen/normal acc 0.503/0.709/0.957 | lr 1.00e-04
step 9000 | loss 0.5913 | fall/fallen/normal acc 0.635/0.685/0.982 | lr 1.00e-04
[VAL] step 9000 | f1 0.8614 | fallen prec 0.8320 rec 0.9091 | train_loss 0.7232
  [CKPT] 已存 step_9000_model.pt
step 9050 | loss 0.3071 | fall/fallen/normal acc 0.853/0.876/0.971 | lr 1.00e-04
step 9100 | loss 0.5420 | fall/fallen/normal acc 0.764/0.621/0.954 | lr 1.00e-04
step 9150 | loss 0.7063 | fall/fallen/normal acc 0.711/0.793/0.938 | lr 1.00e-04
step 9200 | loss 0.3359 | fall/fallen/normal acc 0.878/0.726/0.939 | lr 1.00e-04
step 9250 | loss 0.7664 | fall/fallen/normal acc 0.797/0.745/0.931 | lr 1.00e-04
step 9300 | loss 0.7047 | fall/fallen/normal acc 0.699/0.866/0.973 | lr 1.00e-04
step 9350 | loss 0.8068 | fall/fallen/normal acc 0.826/0.615/0.899 | lr 1.00e-04
step 9400 | loss 0.9751 | fall/fallen/normal acc 0.690/0.622/0.970 | lr 1.00e-04
step 9450 | loss 0.5788 | fall/fallen/normal acc 0.980/0.414/0.941 | lr 1.00e-04
step 9500 | loss 0.5391 | fall/fallen/normal acc 0.822/0.637/0.954 | lr 1.00e-04
step 9550 | loss 0.4638 | fall/fallen/normal acc 0.943/0.599/0.981 | lr 1.00e-04
step 9600 | loss 0.6756 | fall/fallen/normal acc 0.727/0.845/0.950 | lr 1.00e-04
[VAL] step 9600 | f1 0.8707 | fallen prec 0.7710 rec 0.9244 | train_loss 0.6168
  [CKPT] 已存 step_9600_model.pt
[EPOCH 1] 完成，已存 epoch_1_model.pt
step 9650 | loss 0.6684 | fall/fallen/normal acc 0.759/0.641/0.951 | lr 1.00e-04
step 9700 | loss 0.5323 | fall/fallen/normal acc 0.759/0.711/0.930 | lr 1.00e-04
step 9750 | loss 0.7942 | fall/fallen/normal acc 0.584/0.684/0.964 | lr 1.00e-04
step 9800 | loss 0.3841 | fall/fallen/normal acc 0.933/0.744/0.957 | lr 1.00e-04
step 9850 | loss 0.6729 | fall/fallen/normal acc 0.841/0.666/0.947 | lr 1.00e-04
step 9900 | loss 0.3605 | fall/fallen/normal acc 0.748/0.794/0.982 | lr 1.00e-04
step 9950 | loss 0.2919 | fall/fallen/normal acc 0.801/0.898/0.975 | lr 1.00e-04
step 10000 | loss 0.8278 | fall/fallen/normal acc 0.718/0.676/0.975 | lr 1.00e-04
step 10050 | loss 0.6823 | fall/fallen/normal acc 0.902/0.553/0.980 | lr 1.00e-04
step 10100 | loss 0.3575 | fall/fallen/normal acc 0.642/0.935/0.974 | lr 1.00e-04
step 10150 | loss 0.7191 | fall/fallen/normal acc 0.748/0.557/0.983 | lr 1.00e-04
step 10200 | loss 0.3266 | fall/fallen/normal acc 0.808/0.759/0.991 | lr 1.00e-04
[VAL] step 10200 | f1 0.8538 | fallen prec 0.7545 rec 0.8992 | train_loss 0.5515
  [CKPT] 已存 step_10200_model.pt
step 10250 | loss 0.5966 | fall/fallen/normal acc 0.901/0.747/0.948 | lr 1.00e-04
step 10300 | loss 0.6616 | fall/fallen/normal acc 0.863/0.581/0.956 | lr 1.00e-04
step 10350 | loss 0.4131 | fall/fallen/normal acc 0.761/0.681/0.937 | lr 1.00e-04
step 10400 | loss 0.3479 | fall/fallen/normal acc 0.711/0.955/0.982 | lr 1.00e-04
step 10450 | loss 0.6037 | fall/fallen/normal acc 0.837/0.760/0.940 | lr 1.00e-04
step 10500 | loss 0.5825 | fall/fallen/normal acc 0.621/0.890/0.954 | lr 1.00e-04
step 10550 | loss 0.5886 | fall/fallen/normal acc 0.597/0.745/0.977 | lr 1.00e-04
step 10600 | loss 0.3352 | fall/fallen/normal acc 0.870/0.769/0.975 | lr 1.00e-04
step 10650 | loss 0.5381 | fall/fallen/normal acc 0.744/0.859/0.939 | lr 1.00e-04
step 10700 | loss 1.0739 | fall/fallen/normal acc 0.713/0.500/0.958 | lr 1.00e-04
step 10750 | loss 0.2909 | fall/fallen/normal acc 0.631/0.717/0.983 | lr 1.00e-04
step 10800 | loss 0.4902 | fall/fallen/normal acc 0.759/0.872/0.975 | lr 1.00e-04
[VAL] step 10800 | f1 0.8665 | fallen prec 0.8653 rec 0.8848 | train_loss 0.5435
  [CKPT] 已存 step_10800_model.pt
step 10850 | loss 0.2972 | fall/fallen/normal acc 0.817/0.686/0.979 | lr 1.00e-04
step 10900 | loss 0.6844 | fall/fallen/normal acc 0.905/0.839/0.931 | lr 1.00e-04
step 10950 | loss 0.4320 | fall/fallen/normal acc 0.801/0.770/0.954 | lr 1.00e-04
step 11000 | loss 0.4596 | fall/fallen/normal acc 0.838/0.790/0.953 | lr 1.00e-04
step 11050 | loss 0.6462 | fall/fallen/normal acc 0.751/0.879/0.979 | lr 1.00e-04
step 11100 | loss 0.8735 | fall/fallen/normal acc 0.830/0.834/0.944 | lr 1.00e-04
step 11150 | loss 0.5229 | fall/fallen/normal acc 0.849/0.592/0.935 | lr 1.00e-04
step 11200 | loss 0.9960 | fall/fallen/normal acc 0.580/0.643/0.940 | lr 1.00e-04
step 11250 | loss 0.3825 | fall/fallen/normal acc 0.765/0.884/0.963 | lr 1.00e-04
step 11300 | loss 0.4623 | fall/fallen/normal acc 0.717/0.826/0.966 | lr 1.00e-04
step 11350 | loss 0.3588 | fall/fallen/normal acc 0.852/0.841/0.972 | lr 1.00e-04
step 11400 | loss 0.5046 | fall/fallen/normal acc 0.859/0.695/0.978 | lr 1.00e-04
[VAL] step 11400 | f1 0.8641 | fallen prec 0.8253 rec 0.9352 | train_loss 0.5517
  [CKPT] 已存 step_11400_model.pt
step 11450 | loss 0.0995 | fall/fallen/normal acc 0.957/1.000/0.976 | lr 1.00e-04
step 11500 | loss 1.0177 | fall/fallen/normal acc 0.801/0.956/0.970 | lr 1.00e-04
step 11550 | loss 0.4923 | fall/fallen/normal acc 0.795/0.763/0.956 | lr 1.00e-04
step 11600 | loss 0.2800 | fall/fallen/normal acc 0.902/0.820/0.974 | lr 1.00e-04
step 11650 | loss 0.7377 | fall/fallen/normal acc 0.827/0.861/0.982 | lr 1.00e-04
step 11700 | loss 0.5138 | fall/fallen/normal acc 0.836/0.652/0.961 | lr 1.00e-04
step 11750 | loss 0.5478 | fall/fallen/normal acc 0.824/0.516/0.973 | lr 1.00e-04
step 11800 | loss 0.4499 | fall/fallen/normal acc 0.830/0.655/0.986 | lr 1.00e-04
step 11850 | loss 0.6735 | fall/fallen/normal acc 0.900/0.795/0.966 | lr 1.00e-04
step 11900 | loss 0.8442 | fall/fallen/normal acc 0.663/0.230/0.946 | lr 1.00e-04
step 11950 | loss 0.3294 | fall/fallen/normal acc 0.892/0.896/0.968 | lr 1.00e-04
step 12000 | loss 0.9616 | fall/fallen/normal acc 0.651/0.731/0.944 | lr 1.00e-04
[VAL] step 12000 | f1 0.8794 | fallen prec 0.7974 rec 0.9568 | train_loss 0.5790
  [CKPT] 已存 step_12000_model.pt
  [BEST] 新最优 f1=0.8794 → best_model.pt
step 12050 | loss 0.4058 | fall/fallen/normal acc 0.854/0.825/0.956 | lr 1.00e-04
step 12100 | loss 0.2611 | fall/fallen/normal acc 0.903/0.609/0.981 | lr 1.00e-04
step 12150 | loss 0.8744 | fall/fallen/normal acc 0.794/0.469/0.952 | lr 1.00e-04
step 12200 | loss 0.6649 | fall/fallen/normal acc 0.530/0.796/0.959 | lr 1.00e-04
step 12250 | loss 0.3573 | fall/fallen/normal acc 0.830/0.933/0.959 | lr 1.00e-04
step 12300 | loss 0.7968 | fall/fallen/normal acc 0.863/0.621/0.925 | lr 1.00e-04
step 12350 | loss 0.7815 | fall/fallen/normal acc 0.794/0.783/0.983 | lr 1.00e-04
step 12400 | loss 0.4414 | fall/fallen/normal acc 0.889/0.848/0.942 | lr 1.00e-04
step 12450 | loss 0.5688 | fall/fallen/normal acc 0.735/0.723/0.956 | lr 1.00e-04
step 12500 | loss 0.3753 | fall/fallen/normal acc 0.825/0.661/0.970 | lr 1.00e-04
step 12550 | loss 0.5604 | fall/fallen/normal acc 0.826/0.796/0.943 | lr 1.00e-04
step 12600 | loss 0.3772 | fall/fallen/normal acc 0.879/0.825/0.973 | lr 1.00e-04
[VAL] step 12600 | f1 0.8547 | fallen prec 0.9954 rec 0.7768 | train_loss 0.5387
  [CKPT] 已存 step_12600_model.pt
step 12650 | loss 0.6909 | fall/fallen/normal acc 0.748/0.897/0.937 | lr 1.00e-04
step 12700 | loss 0.6370 | fall/fallen/normal acc 0.709/0.698/0.964 | lr 1.00e-04
step 12750 | loss 1.0190 | fall/fallen/normal acc 0.702/0.662/0.955 | lr 1.00e-04
step 12800 | loss 0.1957 | fall/fallen/normal acc 0.852/0.867/0.969 | lr 1.00e-04
step 12850 | loss 0.6414 | fall/fallen/normal acc 0.648/0.886/0.941 | lr 1.00e-04
step 12900 | loss 0.4804 | fall/fallen/normal acc 0.882/0.824/0.972 | lr 1.00e-04
step 12950 | loss 0.5206 | fall/fallen/normal acc 0.735/0.874/0.978 | lr 1.00e-04
step 13000 | loss 0.7699 | fall/fallen/normal acc 0.704/0.772/0.963 | lr 1.00e-04
step 13050 | loss 0.3632 | fall/fallen/normal acc 0.929/0.680/0.944 | lr 1.00e-04
step 13100 | loss 0.6137 | fall/fallen/normal acc 0.786/0.724/0.972 | lr 1.00e-04
step 13150 | loss 0.4130 | fall/fallen/normal acc 0.610/0.884/0.960 | lr 1.00e-04
step 13200 | loss 0.4759 | fall/fallen/normal acc 0.804/0.668/0.979 | lr 1.00e-04
[VAL] step 13200 | f1 0.8635 | fallen prec 0.8348 rec 0.9325 | train_loss 0.5684
  [CKPT] 已存 step_13200_model.pt
step 13250 | loss 0.7381 | fall/fallen/normal acc 0.600/0.839/0.977 | lr 1.00e-04
step 13300 | loss 0.2819 | fall/fallen/normal acc 0.786/0.733/0.972 | lr 1.00e-04
step 13350 | loss 0.5102 | fall/fallen/normal acc 0.647/0.810/0.944 | lr 1.00e-04
step 13400 | loss 0.2088 | fall/fallen/normal acc 0.931/0.749/0.981 | lr 1.00e-04
step 13450 | loss 0.4925 | fall/fallen/normal acc 0.773/0.829/0.950 | lr 1.00e-04
step 13500 | loss 0.4537 | fall/fallen/normal acc 0.801/0.541/0.961 | lr 1.00e-04
step 13550 | loss 0.3419 | fall/fallen/normal acc 0.941/0.784/0.969 | lr 1.00e-04
step 13600 | loss 0.2575 | fall/fallen/normal acc 0.739/0.791/0.983 | lr 1.00e-04
step 13650 | loss 0.5076 | fall/fallen/normal acc 0.859/0.816/0.975 | lr 1.00e-04
step 13700 | loss 0.6585 | fall/fallen/normal acc 0.780/0.956/0.975 | lr 1.00e-04
step 13750 | loss 0.7955 | fall/fallen/normal acc 0.712/0.645/0.946 | lr 1.00e-04
step 13800 | loss 0.5906 | fall/fallen/normal acc 0.739/0.611/0.988 | lr 1.00e-04
[VAL] step 13800 | f1 0.8653 | fallen prec 0.9017 rec 0.8506 | train_loss 0.4864
  [CKPT] 已存 step_13800_model.pt
step 13850 | loss 0.5735 | fall/fallen/normal acc 0.771/0.871/0.966 | lr 1.00e-04
step 13900 | loss 0.4800 | fall/fallen/normal acc 0.830/0.744/0.969 | lr 1.00e-04
step 13950 | loss 0.7514 | fall/fallen/normal acc 0.873/0.819/0.980 | lr 1.00e-04
step 14000 | loss 0.5351 | fall/fallen/normal acc 0.843/0.747/0.943 | lr 1.00e-04
step 14050 | loss 0.5262 | fall/fallen/normal acc 0.874/0.821/0.927 | lr 1.00e-04
step 14100 | loss 0.4795 | fall/fallen/normal acc 0.733/0.749/0.972 | lr 1.00e-04
step 14150 | loss 0.6311 | fall/fallen/normal acc 0.755/0.742/0.990 | lr 1.00e-04
step 14200 | loss 0.7249 | fall/fallen/normal acc 0.727/0.912/0.959 | lr 1.00e-04
step 14250 | loss 0.5762 | fall/fallen/normal acc 0.744/0.835/0.975 | lr 1.00e-04
step 14300 | loss 0.6154 | fall/fallen/normal acc 0.737/0.858/0.961 | lr 1.00e-04
step 14350 | loss 0.6308 | fall/fallen/normal acc 0.676/0.941/0.953 | lr 1.00e-04
step 14400 | loss 0.6114 | fall/fallen/normal acc 0.833/0.665/0.963 | lr 1.00e-04
[VAL] step 14400 | f1 0.7964 | fallen prec 0.8533 rec 0.6598 | train_loss 0.5946
  [CKPT] 已存 step_14400_model.pt
step 14450 | loss 0.6159 | fall/fallen/normal acc 0.905/0.607/0.974 | lr 1.00e-04
step 14500 | loss 0.3818 | fall/fallen/normal acc 0.921/0.739/0.967 | lr 1.00e-04
step 14550 | loss 0.4647 | fall/fallen/normal acc 0.847/0.853/0.977 | lr 1.00e-04
step 14600 | loss 0.6725 | fall/fallen/normal acc 0.838/0.704/0.906 | lr 1.00e-04
step 14650 | loss 0.3010 | fall/fallen/normal acc 0.838/0.715/0.979 | lr 1.00e-04
step 14700 | loss 0.2410 | fall/fallen/normal acc 0.889/0.898/0.963 | lr 1.00e-04
step 14750 | loss 0.7141 | fall/fallen/normal acc 0.905/0.323/0.946 | lr 1.00e-04
step 14800 | loss 0.6493 | fall/fallen/normal acc 0.726/0.859/0.958 | lr 1.00e-04
step 14850 | loss 0.3935 | fall/fallen/normal acc 0.855/0.929/0.956 | lr 1.00e-04
step 14900 | loss 0.4912 | fall/fallen/normal acc 0.886/0.852/0.947 | lr 1.00e-04
step 14950 | loss 0.2825 | fall/fallen/normal acc 0.746/0.902/0.981 | lr 1.00e-04
step 15000 | loss 0.5567 | fall/fallen/normal acc 0.901/0.852/0.952 | lr 1.00e-04
[VAL] step 15000 | f1 0.8397 | fallen prec 0.8559 rec 0.8551 | train_loss 0.4803
  [CKPT] 已存 step_15000_model.pt
step 15050 | loss 0.4472 | fall/fallen/normal acc 0.758/0.877/0.943 | lr 1.00e-04
step 15100 | loss 0.7050 | fall/fallen/normal acc 0.724/0.845/0.948 | lr 1.00e-04
step 15150 | loss 0.4339 | fall/fallen/normal acc 0.745/0.813/0.976 | lr 1.00e-04
step 15200 | loss 0.2317 | fall/fallen/normal acc 0.863/0.894/0.956 | lr 1.00e-04
step 15250 | loss 0.6518 | fall/fallen/normal acc 0.841/0.715/0.954 | lr 1.00e-04
step 15300 | loss 0.3293 | fall/fallen/normal acc 0.843/0.693/0.995 | lr 1.00e-04
step 15350 | loss 0.3235 | fall/fallen/normal acc 0.844/0.887/0.982 | lr 1.00e-04
step 15400 | loss 0.6591 | fall/fallen/normal acc 0.736/0.587/0.989 | lr 1.00e-04
step 15450 | loss 0.3764 | fall/fallen/normal acc 0.836/0.962/0.974 | lr 1.00e-04
step 15500 | loss 0.4561 | fall/fallen/normal acc 0.855/0.869/0.957 | lr 1.00e-04
step 15550 | loss 0.0594 | fall/fallen/normal acc 0.981/0.943/0.994 | lr 1.00e-04
step 15600 | loss 0.4161 | fall/fallen/normal acc 0.783/0.814/0.971 | lr 1.00e-04
[VAL] step 15600 | f1 0.8515 | fallen prec 0.9230 rec 0.8524 | train_loss 0.4241
  [CKPT] 已存 step_15600_model.pt
step 15650 | loss 0.8792 | fall/fallen/normal acc 0.861/0.477/0.960 | lr 1.00e-04
step 15700 | loss 0.3767 | fall/fallen/normal acc 0.886/0.920/0.956 | lr 1.00e-04
step 15750 | loss 1.1004 | fall/fallen/normal acc 0.773/0.703/0.964 | lr 1.00e-04
step 15800 | loss 0.7840 | fall/fallen/normal acc 0.676/0.797/0.979 | lr 1.00e-04
step 15850 | loss 0.4707 | fall/fallen/normal acc 0.747/0.796/0.965 | lr 1.00e-04
step 15900 | loss 0.6462 | fall/fallen/normal acc 0.894/0.621/0.960 | lr 1.00e-04
step 15950 | loss 0.9804 | fall/fallen/normal acc 0.839/0.544/0.971 | lr 1.00e-04
step 16000 | loss 0.1984 | fall/fallen/normal acc 0.904/0.886/0.977 | lr 1.00e-04
step 16050 | loss 0.4789 | fall/fallen/normal acc 0.863/0.783/0.950 | lr 1.00e-04
step 16100 | loss 0.5066 | fall/fallen/normal acc 0.833/0.846/0.984 | lr 1.00e-04
step 16150 | loss 0.1671 | fall/fallen/normal acc 0.876/0.876/0.996 | lr 1.00e-04
step 16200 | loss 0.5593 | fall/fallen/normal acc 0.728/0.862/0.976 | lr 1.00e-04
[VAL] step 16200 | f1 0.8701 | fallen prec 0.9543 rec 0.8641 | train_loss 0.5956
  [CKPT] 已存 step_16200_model.pt
step 16250 | loss 0.4771 | fall/fallen/normal acc 0.919/0.770/0.944 | lr 1.00e-04
step 16300 | loss 0.9923 | fall/fallen/normal acc 0.744/0.634/0.950 | lr 1.00e-04
step 16350 | loss 0.3432 | fall/fallen/normal acc 0.856/0.909/0.961 | lr 1.00e-04
step 16400 | loss 0.5893 | fall/fallen/normal acc 0.875/0.784/0.959 | lr 1.00e-04
step 16450 | loss 0.6514 | fall/fallen/normal acc 0.863/0.375/0.998 | lr 1.00e-04
step 16500 | loss 1.2652 | fall/fallen/normal acc 0.621/0.532/0.961 | lr 1.00e-04
step 16550 | loss 0.8211 | fall/fallen/normal acc 0.670/0.697/0.961 | lr 1.00e-04
step 16600 | loss 0.3917 | fall/fallen/normal acc 0.830/0.812/0.995 | lr 1.00e-04
step 16650 | loss 0.2750 | fall/fallen/normal acc 0.764/0.870/0.989 | lr 1.00e-04
step 16700 | loss 0.4167 | fall/fallen/normal acc 0.794/0.838/0.967 | lr 1.00e-04
step 16750 | loss 0.3795 | fall/fallen/normal acc 0.829/0.640/0.985 | lr 1.00e-04
step 16800 | loss 0.6251 | fall/fallen/normal acc 0.921/0.820/0.926 | lr 1.00e-04
[VAL] step 16800 | f1 0.8314 | fallen prec 0.9432 rec 0.7030 | train_loss 0.6023
  [CKPT] 已存 step_16800_model.pt
step 16850 | loss 0.5640 | fall/fallen/normal acc 0.788/0.659/0.992 | lr 1.00e-04
step 16900 | loss 0.9262 | fall/fallen/normal acc 0.667/0.654/0.951 | lr 1.00e-04
step 16950 | loss 0.5724 | fall/fallen/normal acc 0.642/0.877/0.944 | lr 1.00e-04
step 17000 | loss 0.2653 | fall/fallen/normal acc 0.886/0.797/0.975 | lr 1.00e-04
step 17050 | loss 0.8671 | fall/fallen/normal acc 0.868/0.723/0.965 | lr 1.00e-04
step 17100 | loss 0.4129 | fall/fallen/normal acc 0.647/0.878/0.977 | lr 1.00e-04
step 17150 | loss 0.5152 | fall/fallen/normal acc 0.646/0.872/0.978 | lr 1.00e-04
step 17200 | loss 0.3795 | fall/fallen/normal acc 0.851/0.885/0.977 | lr 1.00e-04
step 17250 | loss 0.5116 | fall/fallen/normal acc 0.710/0.759/0.985 | lr 1.00e-04
step 17300 | loss 0.3088 | fall/fallen/normal acc 0.852/0.862/0.976 | lr 1.00e-04
step 17350 | loss 0.3684 | fall/fallen/normal acc 0.803/0.935/0.990 | lr 1.00e-04
step 17400 | loss 0.2305 | fall/fallen/normal acc 0.899/0.920/0.972 | lr 1.00e-04
[VAL] step 17400 | f1 0.7449 | fallen prec 0.9835 rec 0.5365 | train_loss 0.4935
  [CKPT] 已存 step_17400_model.pt
step 17450 | loss 0.5540 | fall/fallen/normal acc 0.791/0.724/0.952 | lr 1.00e-04
step 17500 | loss 0.7300 | fall/fallen/normal acc 0.845/0.572/0.939 | lr 1.00e-04
step 17550 | loss 0.6180 | fall/fallen/normal acc 0.897/0.934/0.972 | lr 1.00e-04
step 17600 | loss 0.2565 | fall/fallen/normal acc 0.919/0.903/0.972 | lr 1.00e-04
step 17650 | loss 0.3795 | fall/fallen/normal acc 0.930/0.879/0.962 | lr 1.00e-04
step 17700 | loss 0.7364 | fall/fallen/normal acc 0.842/0.633/0.962 | lr 1.00e-04
step 17750 | loss 0.3418 | fall/fallen/normal acc 0.883/0.581/0.978 | lr 1.00e-04
step 17800 | loss 0.5044 | fall/fallen/normal acc 0.855/0.862/0.964 | lr 1.00e-04
step 17850 | loss 0.5315 | fall/fallen/normal acc 0.900/0.926/0.945 | lr 1.00e-04
step 17900 | loss 0.6858 | fall/fallen/normal acc 0.696/0.693/0.965 | lr 1.00e-04
step 17950 | loss 0.5404 | fall/fallen/normal acc 0.849/0.584/0.977 | lr 1.00e-04
step 18000 | loss 0.3808 | fall/fallen/normal acc 0.796/0.941/0.980 | lr 1.00e-04
[VAL] step 18000 | f1 0.8525 | fallen prec 0.8129 rec 0.9307 | train_loss 0.5216
  [CKPT] 已存 step_18000_model.pt
step 18050 | loss 0.4827 | fall/fallen/normal acc 0.934/0.854/0.950 | lr 1.00e-04
step 18100 | loss 1.1360 | fall/fallen/normal acc 0.666/0.677/0.958 | lr 1.00e-04
step 18150 | loss 0.3842 | fall/fallen/normal acc 0.807/0.907/0.974 | lr 1.00e-04
step 18200 | loss 0.5609 | fall/fallen/normal acc 0.800/0.673/0.952 | lr 1.00e-04
step 18250 | loss 0.4830 | fall/fallen/normal acc 0.977/0.767/0.971 | lr 1.00e-04
step 18300 | loss 0.4609 | fall/fallen/normal acc 0.820/0.692/0.937 | lr 1.00e-04
step 18350 | loss 0.7352 | fall/fallen/normal acc 0.940/0.376/0.954 | lr 1.00e-04
step 18400 | loss 0.5254 | fall/fallen/normal acc 0.847/0.801/0.938 | lr 1.00e-04
step 18450 | loss 0.7672 | fall/fallen/normal acc 0.703/0.745/0.974 | lr 1.00e-04
step 18500 | loss 0.4619 | fall/fallen/normal acc 0.896/0.880/0.965 | lr 1.00e-04
step 18550 | loss 0.2638 | fall/fallen/normal acc 0.853/0.630/0.992 | lr 1.00e-04
step 18600 | loss 0.5278 | fall/fallen/normal acc 0.870/0.933/0.946 | lr 1.00e-04
[VAL] step 18600 | f1 0.8401 | fallen prec 0.8662 rec 0.8506 | train_loss 0.5657
  [CKPT] 已存 step_18600_model.pt
step 18650 | loss 0.5425 | fall/fallen/normal acc 0.766/0.802/0.923 | lr 1.00e-04
step 18700 | loss 0.4643 | fall/fallen/normal acc 0.816/0.746/0.956 | lr 1.00e-04
step 18750 | loss 0.1933 | fall/fallen/normal acc 0.725/0.805/0.970 | lr 1.00e-04
step 18800 | loss 1.5826 | fall/fallen/normal acc 0.813/0.596/0.900 | lr 1.00e-04
step 18850 | loss 0.7607 | fall/fallen/normal acc 0.561/0.747/0.937 | lr 1.00e-04
step 18900 | loss 0.3498 | fall/fallen/normal acc 0.875/0.752/0.980 | lr 1.00e-04
step 18950 | loss 0.4852 | fall/fallen/normal acc 0.782/0.686/0.972 | lr 1.00e-04
step 19000 | loss 0.6099 | fall/fallen/normal acc 0.715/0.733/0.958 | lr 1.00e-04
step 19050 | loss 0.8260 | fall/fallen/normal acc 0.681/0.826/0.985 | lr 1.00e-04
step 19100 | loss 1.0295 | fall/fallen/normal acc 0.787/0.838/0.971 | lr 1.00e-04
step 19150 | loss 0.3716 | fall/fallen/normal acc 0.672/0.881/0.966 | lr 1.00e-04
step 19200 | loss 0.2494 | fall/fallen/normal acc 0.935/0.854/0.976 | lr 1.00e-04
[VAL] step 19200 | f1 0.8759 | fallen prec 0.7406 rec 0.9406 | train_loss 0.6221
  [CKPT] 已存 step_19200_model.pt
[EPOCH 2] 完成，已存 epoch_2_model.pt
step 19250 | loss 0.3750 | fall/fallen/normal acc 0.859/0.924/0.954 | lr 1.00e-04
step 19300 | loss 0.3005 | fall/fallen/normal acc 0.749/0.907/0.982 | lr 1.00e-04
step 19350 | loss 0.4617 | fall/fallen/normal acc 0.756/0.924/0.972 | lr 1.00e-04
step 19400 | loss 0.3213 | fall/fallen/normal acc 0.939/0.752/0.986 | lr 1.00e-04
step 19450 | loss 0.3926 | fall/fallen/normal acc 0.829/0.773/0.983 | lr 1.00e-04
step 19500 | loss 0.3840 | fall/fallen/normal acc 0.823/0.764/0.959 | lr 1.00e-04
step 19550 | loss 0.1438 | fall/fallen/normal acc 0.936/0.858/0.988 | lr 1.00e-04
step 19600 | loss 0.4352 | fall/fallen/normal acc 0.896/0.888/0.976 | lr 1.00e-04
step 19650 | loss 0.3830 | fall/fallen/normal acc 0.861/0.886/0.978 | lr 1.00e-04
step 19700 | loss 1.0562 | fall/fallen/normal acc 0.827/0.744/0.967 | lr 1.00e-04
step 19750 | loss 0.8264 | fall/fallen/normal acc 0.855/0.888/0.955 | lr 1.00e-04
step 19800 | loss 0.3002 | fall/fallen/normal acc 0.856/0.741/0.969 | lr 1.00e-04
[VAL] step 19800 | f1 0.8491 | fallen prec 0.7843 rec 0.8803 | train_loss 0.4483
  [CKPT] 已存 step_19800_model.pt
step 19850 | loss 0.4076 | fall/fallen/normal acc 0.960/0.664/0.977 | lr 1.00e-04
step 19900 | loss 0.2513 | fall/fallen/normal acc 0.710/0.885/0.975 | lr 1.00e-04
step 19950 | loss 0.2666 | fall/fallen/normal acc 0.856/0.912/0.971 | lr 1.00e-04
step 20000 | loss 0.4341 | fall/fallen/normal acc 0.867/0.835/0.967 | lr 1.00e-04
step 20050 | loss 0.3071 | fall/fallen/normal acc 0.948/0.900/0.966 | lr 1.00e-04
step 20100 | loss 0.3157 | fall/fallen/normal acc 0.908/0.929/0.979 | lr 1.00e-04
step 20150 | loss 0.4825 | fall/fallen/normal acc 0.834/0.841/0.933 | lr 1.00e-04
step 20200 | loss 0.5145 | fall/fallen/normal acc 0.637/0.799/0.982 | lr 1.00e-04
step 20250 | loss 0.1733 | fall/fallen/normal acc 0.730/0.943/0.998 | lr 1.00e-04
step 20300 | loss 0.4601 | fall/fallen/normal acc 0.828/0.837/0.961 | lr 1.00e-04
step 20350 | loss 0.8020 | fall/fallen/normal acc 0.880/0.686/0.957 | lr 1.00e-04
step 20400 | loss 0.3164 | fall/fallen/normal acc 0.766/0.830/0.965 | lr 1.00e-04
[VAL] step 20400 | f1 0.8360 | fallen prec 0.9851 rec 0.7165 | train_loss 0.3943
  [CKPT] 已存 step_20400_model.pt
step 20450 | loss 0.2202 | fall/fallen/normal acc 0.842/0.806/0.993 | lr 1.00e-04
step 20500 | loss 1.0490 | fall/fallen/normal acc 0.730/0.696/0.983 | lr 1.00e-04
step 20550 | loss 0.3606 | fall/fallen/normal acc 0.918/0.808/0.959 | lr 1.00e-04
step 20600 | loss 0.4606 | fall/fallen/normal acc 0.883/0.907/0.954 | lr 1.00e-04
step 20650 | loss 0.3909 | fall/fallen/normal acc 0.577/0.938/0.988 | lr 1.00e-04
step 20700 | loss 0.8874 | fall/fallen/normal acc 0.781/0.672/0.976 | lr 1.00e-04
step 20750 | loss 0.3794 | fall/fallen/normal acc 0.969/0.883/0.966 | lr 1.00e-04
step 20800 | loss 0.4481 | fall/fallen/normal acc 0.828/0.888/0.969 | lr 1.00e-04
step 20850 | loss 0.5211 | fall/fallen/normal acc 0.650/0.789/0.989 | lr 1.00e-04
step 20900 | loss 0.4500 | fall/fallen/normal acc 0.863/0.947/0.961 | lr 1.00e-04
step 20950 | loss 0.4632 | fall/fallen/normal acc 0.888/0.808/0.967 | lr 1.00e-04
step 21000 | loss 0.3085 | fall/fallen/normal acc 0.785/0.879/0.959 | lr 1.00e-04
[VAL] step 21000 | f1 0.8623 | fallen prec 0.7925 rec 0.9559 | train_loss 0.4949
  [CKPT] 已存 step_21000_model.pt
step 21050 | loss 0.9049 | fall/fallen/normal acc 0.784/0.807/0.974 | lr 1.00e-04
step 21100 | loss 0.3344 | fall/fallen/normal acc 0.840/0.872/0.986 | lr 1.00e-04
step 21150 | loss 0.6121 | fall/fallen/normal acc 0.790/0.846/0.992 | lr 1.00e-04
step 21200 | loss 0.6018 | fall/fallen/normal acc 0.811/0.810/0.986 | lr 1.00e-04
step 21250 | loss 0.5822 | fall/fallen/normal acc 0.879/0.803/0.929 | lr 1.00e-04
step 21300 | loss 0.4836 | fall/fallen/normal acc 0.772/0.909/0.964 | lr 1.00e-04
step 21350 | loss 0.3969 | fall/fallen/normal acc 0.912/0.691/0.984 | lr 1.00e-04
step 21400 | loss 0.2102 | fall/fallen/normal acc 0.953/0.842/0.988 | lr 1.00e-04
step 21450 | loss 0.2906 | fall/fallen/normal acc 0.903/0.838/0.989 | lr 1.00e-04
step 21500 | loss 0.2411 | fall/fallen/normal acc 0.902/0.940/0.987 | lr 1.00e-04
step 21550 | loss 0.3867 | fall/fallen/normal acc 0.819/0.844/0.975 | lr 1.00e-04
step 21600 | loss 0.3262 | fall/fallen/normal acc 0.748/0.913/0.975 | lr 1.00e-04
[VAL] step 21600 | f1 0.8653 | fallen prec 0.8844 rec 0.8812 | train_loss 0.4476
  [CKPT] 已存 step_21600_model.pt
step 21650 | loss 0.3402 | fall/fallen/normal acc 0.809/0.966/0.976 | lr 1.00e-04
step 21700 | loss 0.4759 | fall/fallen/normal acc 0.863/0.818/0.981 | lr 1.00e-04
step 21750 | loss 0.2107 | fall/fallen/normal acc 0.876/0.963/0.975 | lr 1.00e-04
step 21800 | loss 0.3662 | fall/fallen/normal acc 0.909/0.874/0.977 | lr 1.00e-04
step 21850 | loss 0.3954 | fall/fallen/normal acc 0.909/0.750/0.968 | lr 1.00e-04
step 21900 | loss 0.8199 | fall/fallen/normal acc 0.747/0.566/0.967 | lr 1.00e-04
step 21950 | loss 0.8086 | fall/fallen/normal acc 0.620/0.802/0.965 | lr 1.00e-04
step 22000 | loss 0.3612 | fall/fallen/normal acc 0.925/0.743/0.977 | lr 1.00e-04
step 22050 | loss 0.2926 | fall/fallen/normal acc 0.683/0.765/0.985 | lr 1.00e-04
step 22100 | loss 0.5381 | fall/fallen/normal acc 0.607/0.871/0.970 | lr 1.00e-04
step 22150 | loss 0.4486 | fall/fallen/normal acc 0.939/0.580/0.964 | lr 1.00e-04
step 22200 | loss 0.4440 | fall/fallen/normal acc 0.861/0.791/0.958 | lr 1.00e-04
[VAL] step 22200 | f1 0.8400 | fallen prec 0.9108 rec 0.8452 | train_loss 0.4584
  [CKPT] 已存 step_22200_model.pt
step 22250 | loss 0.7681 | fall/fallen/normal acc 0.808/0.777/0.948 | lr 1.00e-04
step 22300 | loss 0.5591 | fall/fallen/normal acc 0.774/0.734/0.974 | lr 1.00e-04
step 22350 | loss 0.4626 | fall/fallen/normal acc 0.892/0.850/0.965 | lr 1.00e-04
step 22400 | loss 0.4121 | fall/fallen/normal acc 0.829/0.822/0.977 | lr 1.00e-04
step 22450 | loss 0.4744 | fall/fallen/normal acc 0.746/0.810/0.978 | lr 1.00e-04
step 22500 | loss 0.2688 | fall/fallen/normal acc 0.672/0.895/0.982 | lr 1.00e-04
step 22550 | loss 0.5506 | fall/fallen/normal acc 0.853/0.710/0.973 | lr 1.00e-04
step 22600 | loss 2.9917 | fall/fallen/normal acc 0.231/0.122/0.879 | lr 1.00e-04
step 22650 | loss 3.1627 | fall/fallen/normal acc 0.003/0.000/0.982 | lr 1.00e-04
step 22700 | loss 3.4171 | fall/fallen/normal acc 0.000/0.000/1.000 | lr 1.00e-04
step 22750 | loss 2.7268 | fall/fallen/normal acc 0.000/0.000/1.000 | lr 1.00e-04
step 22800 | loss 2.7973 | fall/fallen/normal acc 0.000/0.000/1.000 | lr 1.00e-04
[VAL] step 22800 | f1 0.2981 | fallen prec 0.0000 rec 0.0000 | train_loss 1.5493
  [CKPT] 已存 step_22800_model.pt
step 22850 | loss 4.3612 | fall/fallen/normal acc 0.180/0.115/0.693 | lr 1.00e-04
step 22900 | loss 3.4794 | fall/fallen/normal acc 0.004/0.000/0.990 | lr 1.00e-04
step 22950 | loss 3.2087 | fall/fallen/normal acc 0.000/0.000/1.000 | lr 1.00e-04
step 23000 | loss 2.7630 | fall/fallen/normal acc 0.000/0.000/1.000 | lr 1.00e-04
step 23050 | loss 2.7434 | fall/fallen/normal acc 0.015/0.000/0.949 | lr 1.00e-04
step 23100 | loss 3.0383 | fall/fallen/normal acc 0.000/0.000/1.000 | lr 1.00e-04
step 23150 | loss 3.5249 | fall/fallen/normal acc 0.000/0.000/1.000 | lr 1.00e-04
step 23200 | loss 2.5685 | fall/fallen/normal acc 0.000/0.000/1.000 | lr 1.00e-04
step 23250 | loss 2.3913 | fall/fallen/normal acc 0.000/0.000/1.000 | lr 1.00e-04
step 23300 | loss 3.2100 | fall/fallen/normal acc 0.000/0.000/1.000 | lr 1.00e-04
step 23350 | loss 2.7706 | fall/fallen/normal acc 0.000/0.000/1.000 | lr 1.00e-04
step 23400 | loss 2.6972 | fall/fallen/normal acc 0.000/0.000/1.000 | lr 1.00e-04
[VAL] step 23400 | f1 0.2981 | fallen prec 0.0000 rec 0.0000 | train_loss 3.0630
  [CKPT] 已存 step_23400_model.pt
step 23450 | loss 1.9006 | fall/fallen/normal acc 0.000/0.000/1.000 | lr 1.00e-04
step 23500 | loss 3.4642 | fall/fallen/normal acc 0.000/0.000/1.000 | lr 1.00e-04
step 23550 | loss 2.6710 | fall/fallen/normal acc 0.000/0.000/1.000 | lr 1.00e-04
step 23600 | loss 3.1353 | fall/fallen/normal acc 0.000/0.000/1.000 | lr 1.00e-04
step 23650 | loss 2.1532 | fall/fallen/normal acc 0.000/0.000/1.000 | lr 1.00e-04
step 23700 | loss 2.3650 | fall/fallen/normal acc 0.000/0.000/1.000 | lr 1.00e-04
step 23750 | loss 2.5550 | fall/fallen/normal acc 0.000/0.000/1.000 | lr 1.00e-04
step 23800 | loss 2.9509 | fall/fallen/normal acc 0.000/0.000/1.000 | lr 1.00e-04
step 23850 | loss 3.1686 | fall/fallen/normal acc 0.000/0.000/1.000 | lr 1.00e-04
step 23900 | loss 3.0522 | fall/fallen/normal acc 0.000/0.000/1.000 | lr 1.00e-04
step 23950 | loss 2.7471 | fall/fallen/normal acc 0.000/0.000/1.000 | lr 1.00e-04
step 24000 | loss 2.2492 | fall/fallen/normal acc 0.000/0.000/1.000 | lr 1.00e-04
[VAL] step 24000 | f1 0.2981 | fallen prec 0.0000 rec 0.0000 | train_loss 2.7010
  [CKPT] 已存 step_24000_model.pt
step 24050 | loss 2.3735 | fall/fallen/normal acc 0.000/0.000/1.000 | lr 1.00e-04
step 24100 | loss 2.7636 | fall/fallen/normal acc 0.000/0.000/1.000 | lr 1.00e-04
step 24150 | loss 2.4280 | fall/fallen/normal acc 0.000/0.000/1.000 | lr 1.00e-04
step 24200 | loss 2.0725 | fall/fallen/normal acc 0.000/0.000/1.000 | lr 1.00e-04
step 24250 | loss 4.0441 | fall/fallen/normal acc 0.000/0.000/1.000 | lr 1.00e-04
step 24300 | loss 2.4805 | fall/fallen/normal acc 0.000/0.000/1.000 | lr 1.00e-04
step 24350 | loss 2.6478 | fall/fallen/normal acc 0.000/0.000/1.000 | lr 1.00e-04
step 24400 | loss 2.8888 | fall/fallen/normal acc 0.000/0.000/1.000 | lr 1.00e-04
step 24450 | loss 3.0235 | fall/fallen/normal acc 0.000/0.000/1.000 | lr 1.00e-04
step 24500 | loss 3.1472 | fall/fallen/normal acc 0.000/0.000/1.000 | lr 1.00e-04
step 24550 | loss 2.2665 | fall/fallen/normal acc 0.000/0.000/1.000 | lr 1.00e-04
step 24600 | loss 2.7857 | fall/fallen/normal acc 0.000/0.000/1.000 | lr 1.00e-04
[VAL] step 24600 | f1 0.2981 | fallen prec 0.0000 rec 0.0000 | train_loss 2.7435
  [CKPT] 已存 step_24600_model.pt
step 24650 | loss 2.6328 | fall/fallen/normal acc 0.000/0.000/1.000 | lr 1.00e-04
step 24700 | loss 1.9047 | fall/fallen/normal acc 0.000/0.000/1.000 | lr 1.00e-04
step 24750 | loss 2.2884 | fall/fallen/normal acc 0.000/0.000/1.000 | lr 1.00e-04
step 24800 | loss 2.3592 | fall/fallen/normal acc 0.000/0.000/1.000 | lr 1.00e-04
step 24850 | loss 0.4524 | fall/fallen/normal acc 0.749/0.615/0.982 | lr 1.00e-04
step 24900 | loss 0.9658 | fall/fallen/normal acc 0.630/0.760/0.978 | lr 1.00e-04
step 24950 | loss 0.5221 | fall/fallen/normal acc 0.756/0.564/0.977 | lr 1.00e-04
step 25000 | loss 0.3644 | fall/fallen/normal acc 0.793/0.696/0.985 | lr 1.00e-04
step 25050 | loss 0.4177 | fall/fallen/normal acc 0.824/0.798/0.953 | lr 1.00e-04
step 25100 | loss 0.9020 | fall/fallen/normal acc 0.736/0.607/0.965 | lr 1.00e-04
step 25150 | loss 0.2971 | fall/fallen/normal acc 0.839/0.816/0.958 | lr 1.00e-04
step 25200 | loss 1.4274 | fall/fallen/normal acc 0.527/0.640/0.977 | lr 1.00e-04
[VAL] step 25200 | f1 0.7957 | fallen prec 0.8367 rec 0.7885 | train_loss 1.2112
  [CKPT] 已存 step_25200_model.pt
step 25250 | loss 0.5040 | fall/fallen/normal acc 0.837/0.735/0.979 | lr 1.00e-04
step 25300 | loss 0.3594 | fall/fallen/normal acc 0.557/0.810/0.988 | lr 1.00e-04
step 25350 | loss 0.3118 | fall/fallen/normal acc 0.852/0.938/0.971 | lr 1.00e-04
step 25400 | loss 0.4998 | fall/fallen/normal acc 0.884/0.899/0.952 | lr 1.00e-04
step 25450 | loss 0.2411 | fall/fallen/normal acc 0.885/0.923/0.985 | lr 1.00e-04
step 25500 | loss 0.5803 | fall/fallen/normal acc 0.851/0.815/0.944 | lr 1.00e-04
step 25550 | loss 0.3233 | fall/fallen/normal acc 0.834/0.818/0.971 | lr 1.00e-04
step 25600 | loss 0.8754 | fall/fallen/normal acc 0.810/0.723/0.936 | lr 1.00e-04
step 25650 | loss 0.3887 | fall/fallen/normal acc 0.848/0.811/0.973 | lr 1.00e-04
step 25700 | loss 0.3198 | fall/fallen/normal acc 0.817/0.782/0.987 | lr 1.00e-04
step 25750 | loss 0.8105 | fall/fallen/normal acc 0.804/0.921/0.935 | lr 1.00e-04
step 25800 | loss 0.4794 | fall/fallen/normal acc 0.749/0.882/0.972 | lr 1.00e-04
[VAL] step 25800 | f1 0.8847 | fallen prec 0.8048 rec 0.9577 | train_loss 0.4745
  [CKPT] 已存 step_25800_model.pt
  [BEST] 新最优 f1=0.8847 → best_model.pt
step 25850 | loss 0.3667 | fall/fallen/normal acc 0.823/0.668/0.980 | lr 1.00e-04
step 25900 | loss 0.3264 | fall/fallen/normal acc 0.927/0.885/0.963 | lr 1.00e-04
step 25950 | loss 0.3798 | fall/fallen/normal acc 0.807/0.801/0.981 | lr 1.00e-04
step 26000 | loss 0.6397 | fall/fallen/normal acc 0.799/0.611/0.961 | lr 1.00e-04
step 26050 | loss 0.2564 | fall/fallen/normal acc 0.703/0.955/0.978 | lr 1.00e-04
step 26100 | loss 0.3325 | fall/fallen/normal acc 0.840/0.827/0.967 | lr 1.00e-04
step 26150 | loss 0.4397 | fall/fallen/normal acc 0.760/0.863/0.967 | lr 1.00e-04
step 26200 | loss 0.1903 | fall/fallen/normal acc 0.930/0.951/0.971 | lr 1.00e-04
step 26250 | loss 0.4624 | fall/fallen/normal acc 0.883/0.889/0.977 | lr 1.00e-04
step 26300 | loss 0.3464 | fall/fallen/normal acc 0.908/0.875/0.942 | lr 1.00e-04
step 26350 | loss 0.3928 | fall/fallen/normal acc 0.789/0.725/0.968 | lr 1.00e-04
step 26400 | loss 0.2308 | fall/fallen/normal acc 0.950/0.841/0.974 | lr 1.00e-04
[VAL] step 26400 | f1 0.8347 | fallen prec 0.6616 rec 0.9748 | train_loss 0.3637
  [CKPT] 已存 step_26400_model.pt
step 26450 | loss 0.7313 | fall/fallen/normal acc 0.845/0.744/0.956 | lr 1.00e-04
step 26500 | loss 0.3295 | fall/fallen/normal acc 0.748/0.902/0.989 | lr 1.00e-04
step 26550 | loss 0.7576 | fall/fallen/normal acc 0.764/0.783/0.951 | lr 1.00e-04
step 26600 | loss 0.3544 | fall/fallen/normal acc 0.885/0.776/0.975 | lr 1.00e-04
step 26650 | loss 1.3857 | fall/fallen/normal acc 0.781/0.516/0.951 | lr 1.00e-04
step 26700 | loss 0.4417 | fall/fallen/normal acc 0.754/0.790/0.993 | lr 1.00e-04
step 26750 | loss 0.5621 | fall/fallen/normal acc 0.932/0.850/0.946 | lr 1.00e-04
step 26800 | loss 0.3126 | fall/fallen/normal acc 0.870/0.907/0.943 | lr 1.00e-04
step 26850 | loss 0.4888 | fall/fallen/normal acc 0.839/0.861/0.963 | lr 1.00e-04
step 26900 | loss 0.5156 | fall/fallen/normal acc 0.859/0.758/0.969 | lr 1.00e-04
step 26950 | loss 0.6875 | fall/fallen/normal acc 0.873/0.783/0.976 | lr 1.00e-04
step 27000 | loss 0.5738 | fall/fallen/normal acc 0.731/0.877/0.991 | lr 1.00e-04
[VAL] step 27000 | f1 0.8430 | fallen prec 0.7713 rec 0.9109 | train_loss 0.5951
  [CKPT] 已存 step_27000_model.pt
step 27050 | loss 0.3498 | fall/fallen/normal acc 0.956/0.969/0.939 | lr 1.00e-04
step 27100 | loss 0.4850 | fall/fallen/normal acc 0.763/0.898/0.960 | lr 1.00e-04
step 27150 | loss 0.4447 | fall/fallen/normal acc 0.875/0.849/0.989 | lr 1.00e-04
step 27200 | loss 0.4130 | fall/fallen/normal acc 0.677/0.876/0.973 | lr 1.00e-04
step 27250 | loss 0.7600 | fall/fallen/normal acc 0.855/0.545/0.980 | lr 1.00e-04
step 27300 | loss 0.3034 | fall/fallen/normal acc 0.876/0.962/0.950 | lr 1.00e-04
step 27350 | loss 0.2633 | fall/fallen/normal acc 0.848/0.833/0.958 | lr 1.00e-04
step 27400 | loss 0.4553 | fall/fallen/normal acc 0.853/0.595/0.971 | lr 1.00e-04
step 27450 | loss 0.5303 | fall/fallen/normal acc 0.846/0.957/0.971 | lr 1.00e-04
step 27500 | loss 0.3456 | fall/fallen/normal acc 0.868/0.707/0.970 | lr 1.00e-04
step 27550 | loss 0.3862 | fall/fallen/normal acc 0.774/0.808/0.968 | lr 1.00e-04
step 27600 | loss 0.2486 | fall/fallen/normal acc 0.908/0.862/0.973 | lr 1.00e-04
[VAL] step 27600 | f1 0.8853 | fallen prec 0.8799 rec 0.9100 | train_loss 0.4154
  [CKPT] 已存 step_27600_model.pt
  [BEST] 新最优 f1=0.8853 → best_model.pt
step 27650 | loss 0.6310 | fall/fallen/normal acc 0.750/0.778/0.974 | lr 1.00e-04
step 27700 | loss 0.6295 | fall/fallen/normal acc 0.765/0.836/0.944 | lr 1.00e-04
step 27750 | loss 0.8202 | fall/fallen/normal acc 0.772/0.692/0.961 | lr 1.00e-04
step 27800 | loss 0.4589 | fall/fallen/normal acc 0.766/0.907/0.960 | lr 1.00e-04
step 27850 | loss 0.3177 | fall/fallen/normal acc 0.841/0.830/0.980 | lr 1.00e-04
step 27900 | loss 0.3131 | fall/fallen/normal acc 0.844/0.825/0.972 | lr 1.00e-04
step 27950 | loss 0.7513 | fall/fallen/normal acc 0.683/0.920/0.960 | lr 1.00e-04
step 28000 | loss 0.6585 | fall/fallen/normal acc 0.815/0.883/0.941 | lr 1.00e-04
step 28050 | loss 0.6766 | fall/fallen/normal acc 0.864/0.756/0.963 | lr 1.00e-04
step 28100 | loss 0.7639 | fall/fallen/normal acc 0.860/0.655/0.964 | lr 1.00e-04
step 28150 | loss 0.3852 | fall/fallen/normal acc 0.840/0.907/0.974 | lr 1.00e-04
step 28200 | loss 0.6315 | fall/fallen/normal acc 0.833/0.879/0.986 | lr 1.00e-04
[VAL] step 28200 | f1 0.4780 | fallen prec 0.8653 rec 0.2313 | train_loss 0.5864
  [CKPT] 已存 step_28200_model.pt
step 28250 | loss 0.9428 | fall/fallen/normal acc 0.582/0.727/0.990 | lr 1.00e-04
step 28300 | loss 0.4839 | fall/fallen/normal acc 0.861/0.961/0.963 | lr 1.00e-04
step 28350 | loss 0.8084 | fall/fallen/normal acc 0.793/0.572/0.970 | lr 1.00e-04
step 28400 | loss 0.4372 | fall/fallen/normal acc 0.888/0.614/0.979 | lr 1.00e-04
step 28450 | loss 0.5212 | fall/fallen/normal acc 0.745/0.576/0.946 | lr 1.00e-04
step 28500 | loss 0.8075 | fall/fallen/normal acc 0.849/0.394/0.981 | lr 1.00e-04
step 28550 | loss 0.6576 | fall/fallen/normal acc 0.877/0.723/0.969 | lr 1.00e-04
step 28600 | loss 0.5313 | fall/fallen/normal acc 0.765/0.799/0.965 | lr 1.00e-04
step 28650 | loss 0.4375 | fall/fallen/normal acc 0.931/0.761/0.966 | lr 1.00e-04
step 28700 | loss 0.1969 | fall/fallen/normal acc 0.935/0.811/0.988 | lr 1.00e-04
step 28750 | loss 0.2880 | fall/fallen/normal acc 0.926/0.907/0.974 | lr 1.00e-04
step 28800 | loss 0.7772 | fall/fallen/normal acc 0.789/0.804/0.970 | lr 1.00e-04
[VAL] step 28800 | f1 0.7880 | fallen prec 0.9805 rec 0.5419 | train_loss 0.5741
  [CKPT] 已存 step_28800_model.pt
[EPOCH 3] 完成，已存 epoch_3_model.pt
[DONE] 已存 last_model.pt
[TOTAL] 28800 步, 58017.6s

==> /root/autodl-tmp/logs/phase11/p2_1a/run.log <==
EXT_WATCHDOG_EXIT pid=4860 @ Thu Oct  8 11:30:07 CST 2026
ARM_DONE arm=1a rc=0 @ Thu Oct  8 11:30:10 CST 2026
CHAIN_TRIGGER 训练完成，起离线阶段 @ Thu Oct  8 11:31:26 CST 2026

==> /root/autodl-tmp/logs/phase11/p2_1a/offline.log <==
[2026-10-08 11:31:26] === 阶段① 开始：1a 的密集 ckpt 全评全量 val ===
tail: '/root/autodl-tmp/logs/phase11/p2_1a/offline.log' has appeared;  following new file
[2026-10-08 11:31:26] step ckpt 数 = 48
[2026-10-08 11:31:26] RUN: /root/miniconda3/bin/python -u analysis/reeval_val_ckpts.py --out logs/phase11/p2_val_probe/1a.json logs/phase11/p2_1a/step_600_model.pt logs/phase11/p2_1a/step_1200_model.pt logs/phase11/p2_1a/step_1800_model.pt logs/phase11/p2_1a/step_2400_model.pt logs/phase11/p2_1a/step_3000_model.pt logs/phase11/p2_1a/step_3600_model.pt logs/phase11/p2_1a/step_4200_model.pt logs/phase11/p2_1a/step_4800_model.pt logs/phase11/p2_1a/step_5400_model.pt logs/phase11/p2_1a/step_6000_model.pt logs/phase11/p2_1a/step_6600_model.pt logs/phase11/p2_1a/step_7200_model.pt logs/phase11/p2_1a/step_7800_model.pt logs/phase11/p2_1a/step_8400_model.pt logs/phase11/p2_1a/step_9000_model.pt logs/phase11/p2_1a/step_9600_model.pt logs/phase11/p2_1a/step_10200_model.pt logs/phase11/p2_1a/step_10800_model.pt logs/phase11/p2_1a/step_11400_model.pt logs/phase11/p2_1a/step_12000_model.pt logs/phase11/p2_1a/step_12600_model.pt logs/phase11/p2_1a/step_13200_model.pt logs/phase11/p2_1a/step_13800_model.pt logs/phase11/p2_1a/step_14400_model.pt logs/phase11/p2_1a/step_15000_model.pt logs/phase11/p2_1a/step_15600_model.pt logs/phase11/p2_1a/step_16200_model.pt logs/phase11/p2_1a/step_16800_model.pt logs/phase11/p2_1a/step_17400_model.pt logs/phase11/p2_1a/step_18000_model.pt logs/phase11/p2_1a/step_18600_model.pt logs/phase11/p2_1a/step_19200_model.pt logs/phase11/p2_1a/step_19800_model.pt logs/phase11/p2_1a/step_20400_model.pt logs/phase11/p2_1a/step_21000_model.pt logs/phase11/p2_1a/step_21600_model.pt logs/phase11/p2_1a/step_22200_model.pt logs/phase11/p2_1a/step_22800_model.pt logs/phase11/p2_1a/step_23400_model.pt logs/phase11/p2_1a/step_24000_model.pt logs/phase11/p2_1a/step_24600_model.pt logs/phase11/p2_1a/step_25200_model.pt logs/phase11/p2_1a/step_25800_model.pt logs/phase11/p2_1a/step_26400_model.pt logs/phase11/p2_1a/step_27000_model.pt logs/phase11/p2_1a/step_27600_model.pt logs/phase11/p2_1a/step_28200_model.pt logs/phase11/p2_1a/step_28800_model.pt
device=cuda  val=/root/autodl-tmp/DATASET-omnifall/splits/syn/random/val.csv  stride=16  ckpt 数=48
窗口总数=2400  视频数=1200  pose=无
    [decode] 50/1200 视频  17s
    [decode] 100/1200 视频  34s
    [decode] 150/1200 视频  49s
    [decode] 200/1200 视频  64s
    [decode] 250/1200 视频  80s
    [decode] 300/1200 视频  95s
    [decode] 350/1200 视频  111s
    [decode] 400/1200 视频  124s
    [decode] 450/1200 视频  137s
    [decode] 500/1200 视频  153s

==> /root/autodl-tmp/logs/phase11/p2_1a/run.log <==
STALLWATCH_RETIRED 训练进程 4860 已消失，正常退出（非停滞）@ Thu Oct  8 11:34:09 CST 2026

==> /root/autodl-tmp/logs/phase11/p2_1a/offline.log <==
    [decode] 550/1200 视频  169s
    [decode] 600/1200 视频  186s
    [decode] 650/1200 视频  201s
    [decode] 700/1200 视频  218s
    [decode] 750/1200 视频  230s
    [decode] 800/1200 视频  243s
    [decode] 850/1200 视频  258s
    [decode] 900/1200 视频  272s
    [decode] 950/1200 视频  288s
    [decode] 1000/1200 视频  301s
    [decode] 1050/1200 视频  315s
    [decode] 1100/1200 视频  331s
    [decode] 1150/1200 视频  348s
    [decode] 1200/1200 视频  367s
  val 解码完成：1200 视频 × 2 窗  367s

=== p2_1a/step_600_model.pt  boundary=True pose=无
Loading weights:   0%|          | 0/727 [00:00<?, ?it/s]Loading weights: 100%|██████████| 727/727 [00:00<00:00, 7943.65it/s]
/root/miniconda3/lib/python3.12/site-packages/torch/nn/modules/transformer.py:392: UserWarning: enable_nested_tensor is True, but self.use_nested_tensor is False because encoder_layer.norm_first was True
  warnings.warn(
[E1Model.from_checkpoint] 已从 step_600_model.pt 恢复 7.86M LoRA 参数 (rank=16) + 时序头；缺失键 748 个 = 冻结主干（预期）
    [p2_1a] 8/2400 窗  3s
    [p2_1a] 808/2400 窗  252s
    [p2_1a] 1608/2400 窗  502s
  → val_avg_f1=0.6665  帧数=96000  每视频帧数=[80]  耗时=749.2s
  [checkpoint] 已落盘 1/48 → logs/phase11/p2_val_probe/1a.json

=== p2_1a/step_1200_model.pt  boundary=True pose=无
Loading weights:   0%|          | 0/727 [00:00<?, ?it/s]Loading weights: 100%|██████████| 727/727 [00:00<00:00, 7346.53it/s]
/root/miniconda3/lib/python3.12/site-packages/torch/nn/modules/transformer.py:392: UserWarning: enable_nested_tensor is True, but self.use_nested_tensor is False because encoder_layer.norm_first was True
  warnings.warn(
[E1Model.from_checkpoint] 已从 step_1200_model.pt 恢复 7.86M LoRA 参数 (rank=16) + 时序头；缺失键 748 个 = 冻结主干（预期）
    [p2_1a] 8/2400 窗  2s
    [p2_1a] 808/2400 窗  253s
    [p2_1a] 1608/2400 窗  502s
  → val_avg_f1=0.5832  帧数=96000  每视频帧数=[80]  耗时=749.8s
  [checkpoint] 已落盘 2/48 → logs/phase11/p2_val_probe/1a.json

=== p2_1a/step_1800_model.pt  boundary=True pose=无
Loading weights:   0%|          | 0/727 [00:00<?, ?it/s]Loading weights: 100%|██████████| 727/727 [00:00<00:00, 10022.05it/s]
/root/miniconda3/lib/python3.12/site-packages/torch/nn/modules/transformer.py:392: UserWarning: enable_nested_tensor is True, but self.use_nested_tensor is False because encoder_layer.norm_first was True
  warnings.warn(
[E1Model.from_checkpoint] 已从 step_1800_model.pt 恢复 7.86M LoRA 参数 (rank=16) + 时序头；缺失键 748 个 = 冻结主干（预期）
    [p2_1a] 8/2400 窗  2s
    [p2_1a] 808/2400 窗  253s
    [p2_1a] 1608/2400 窗  503s
  → val_avg_f1=0.6663  帧数=96000  每视频帧数=[80]  耗时=750.2s
  [checkpoint] 已落盘 3/48 → logs/phase11/p2_val_probe/1a.json

=== p2_1a/step_2400_model.pt  boundary=True pose=无
Loading weights:   0%|          | 0/727 [00:00<?, ?it/s]Loading weights: 100%|██████████| 727/727 [00:00<00:00, 7889.33it/s]
/root/miniconda3/lib/python3.12/site-packages/torch/nn/modules/transformer.py:392: UserWarning: enable_nested_tensor is True, but self.use_nested_tensor is False because encoder_layer.norm_first was True
  warnings.warn(
[E1Model.from_checkpoint] 已从 step_2400_model.pt 恢复 7.86M LoRA 参数 (rank=16) + 时序头；缺失键 748 个 = 冻结主干（预期）
    [p2_1a] 8/2400 窗  2s
    [p2_1a] 808/2400 窗  252s
    [p2_1a] 1608/2400 窗  502s
  → val_avg_f1=0.7743  帧数=96000  每视频帧数=[80]  耗时=750.1s
  [checkpoint] 已落盘 4/48 → logs/phase11/p2_val_probe/1a.json

=== p2_1a/step_3000_model.pt  boundary=True pose=无
Loading weights:   0%|          | 0/727 [00:00<?, ?it/s]Loading weights: 100%|██████████| 727/727 [00:00<00:00, 8026.90it/s]
/root/miniconda3/lib/python3.12/site-packages/torch/nn/modules/transformer.py:392: UserWarning: enable_nested_tensor is True, but self.use_nested_tensor is False because encoder_layer.norm_first was True
  warnings.warn(
[E1Model.from_checkpoint] 已从 step_3000_model.pt 恢复 7.86M LoRA 参数 (rank=16) + 时序头；缺失键 748 个 = 冻结主干（预期）
    [p2_1a] 8/2400 窗  2s
    [p2_1a] 808/2400 窗  252s
    [p2_1a] 1608/2400 窗  502s
  → val_avg_f1=0.7963  帧数=96000  每视频帧数=[80]  耗时=749.9s
  [checkpoint] 已落盘 5/48 → logs/phase11/p2_val_probe/1a.json

=== p2_1a/step_3600_model.pt  boundary=True pose=无
Loading weights:   0%|          | 0/727 [00:00<?, ?it/s]Loading weights: 100%|██████████| 727/727 [00:00<00:00, 8155.11it/s]
/root/miniconda3/lib/python3.12/site-packages/torch/nn/modules/transformer.py:392: UserWarning: enable_nested_tensor is True, but self.use_nested_tensor is False because encoder_layer.norm_first was True
  warnings.warn(
[E1Model.from_checkpoint] 已从 step_3600_model.pt 恢复 7.86M LoRA 参数 (rank=16) + 时序头；缺失键 748 个 = 冻结主干（预期）
    [p2_1a] 8/2400 窗  2s
    [p2_1a] 808/2400 窗  252s
    [p2_1a] 1608/2400 窗  502s
  → val_avg_f1=0.7978  帧数=96000  每视频帧数=[80]  耗时=750.0s
  [checkpoint] 已落盘 6/48 → logs/phase11/p2_val_probe/1a.json

=== p2_1a/step_4200_model.pt  boundary=True pose=无
Loading weights:   0%|          | 0/727 [00:00<?, ?it/s]Loading weights: 100%|██████████| 727/727 [00:00<00:00, 9781.48it/s]
/root/miniconda3/lib/python3.12/site-packages/torch/nn/modules/transformer.py:392: UserWarning: enable_nested_tensor is True, but self.use_nested_tensor is False because encoder_layer.norm_first was True
  warnings.warn(
[E1Model.from_checkpoint] 已从 step_4200_model.pt 恢复 7.86M LoRA 参数 (rank=16) + 时序头；缺失键 748 个 = 冻结主干（预期）
    [p2_1a] 8/2400 窗  2s
    [p2_1a] 808/2400 窗  252s
    [p2_1a] 1608/2400 窗  502s
  → val_avg_f1=0.8213  帧数=96000  每视频帧数=[80]  耗时=750.0s
  [checkpoint] 已落盘 7/48 → logs/phase11/p2_val_probe/1a.json

=== p2_1a/step_4800_model.pt  boundary=True pose=无
Loading weights:   0%|          | 0/727 [00:00<?, ?it/s]Loading weights: 100%|██████████| 727/727 [00:00<00:00, 7631.96it/s]
/root/miniconda3/lib/python3.12/site-packages/torch/nn/modules/transformer.py:392: UserWarning: enable_nested_tensor is True, but self.use_nested_tensor is False because encoder_layer.norm_first was True
  warnings.warn(
[E1Model.from_checkpoint] 已从 step_4800_model.pt 恢复 7.86M LoRA 参数 (rank=16) + 时序头；缺失键 748 个 = 冻结主干（预期）
    [p2_1a] 8/2400 窗  3s
    [p2_1a] 808/2400 窗  253s
    [p2_1a] 1608/2400 窗  503s
  → val_avg_f1=0.7255  帧数=96000  每视频帧数=[80]  耗时=750.2s
  [checkpoint] 已落盘 8/48 → logs/phase11/p2_val_probe/1a.json

=== p2_1a/step_5400_model.pt  boundary=True pose=无
Loading weights:   0%|          | 0/727 [00:00<?, ?it/s]Loading weights: 100%|██████████| 727/727 [00:00<00:00, 10371.84it/s]
/root/miniconda3/lib/python3.12/site-packages/torch/nn/modules/transformer.py:392: UserWarning: enable_nested_tensor is True, but self.use_nested_tensor is False because encoder_layer.norm_first was True
  warnings.warn(
[E1Model.from_checkpoint] 已从 step_5400_model.pt 恢复 7.86M LoRA 参数 (rank=16) + 时序头；缺失键 748 个 = 冻结主干（预期）
    [p2_1a] 8/2400 窗  2s
    [p2_1a] 808/2400 窗  253s
    [p2_1a] 1608/2400 窗  503s
  → val_avg_f1=0.8086  帧数=96000  每视频帧数=[80]  耗时=750.1s
  [checkpoint] 已落盘 9/48 → logs/phase11/p2_val_probe/1a.json

=== p2_1a/step_6000_model.pt  boundary=True pose=无
Loading weights:   0%|          | 0/727 [00:00<?, ?it/s]Loading weights: 100%|██████████| 727/727 [00:00<00:00, 11064.28it/s]
/root/miniconda3/lib/python3.12/site-packages/torch/nn/modules/transformer.py:392: UserWarning: enable_nested_tensor is True, but self.use_nested_tensor is False because encoder_layer.norm_first was True
  warnings.warn(
[E1Model.from_checkpoint] 已从 step_6000_model.pt 恢复 7.86M LoRA 参数 (rank=16) + 时序头；缺失键 748 个 = 冻结主干（预期）
    [p2_1a] 8/2400 窗  2s
    [p2_1a] 808/2400 窗  252s
    [p2_1a] 1608/2400 窗  502s
  → val_avg_f1=0.8267  帧数=96000  每视频帧数=[80]  耗时=749.8s
  [checkpoint] 已落盘 10/48 → logs/phase11/p2_val_probe/1a.json

=== p2_1a/step_6600_model.pt  boundary=True pose=无
Loading weights:   0%|          | 0/727 [00:00<?, ?it/s]Loading weights:  97%|█████████▋| 707/727 [00:00<00:00, 7057.08it/s]Loading weights: 100%|██████████| 727/727 [00:00<00:00, 7079.25it/s]
/root/miniconda3/lib/python3.12/site-packages/torch/nn/modules/transformer.py:392: UserWarning: enable_nested_tensor is True, but self.use_nested_tensor is False because encoder_layer.norm_first was True
  warnings.warn(
[E1Model.from_checkpoint] 已从 step_6600_model.pt 恢复 7.86M LoRA 参数 (rank=16) + 时序头；缺失键 748 个 = 冻结主干（预期）
    [p2_1a] 8/2400 窗  2s
    [p2_1a] 808/2400 窗  252s
    [p2_1a] 1608/2400 窗  502s
  → val_avg_f1=0.8030  帧数=96000  每视频帧数=[80]  耗时=749.8s
  [checkpoint] 已落盘 11/48 → logs/phase11/p2_val_probe/1a.json

=== p2_1a/step_7200_model.pt  boundary=True pose=无
Loading weights:   0%|          | 0/727 [00:00<?, ?it/s]Loading weights: 100%|██████████| 727/727 [00:00<00:00, 8099.71it/s]
/root/miniconda3/lib/python3.12/site-packages/torch/nn/modules/transformer.py:392: UserWarning: enable_nested_tensor is True, but self.use_nested_tensor is False because encoder_layer.norm_first was True
  warnings.warn(
[E1Model.from_checkpoint] 已从 step_7200_model.pt 恢复 7.86M LoRA 参数 (rank=16) + 时序头；缺失键 748 个 = 冻结主干（预期）
    [p2_1a] 8/2400 窗  2s
    [p2_1a] 808/2400 窗  252s
    [p2_1a] 1608/2400 窗  502s
  → val_avg_f1=0.7802  帧数=96000  每视频帧数=[80]  耗时=749.7s
  [checkpoint] 已落盘 12/48 → logs/phase11/p2_val_probe/1a.json

=== p2_1a/step_7800_model.pt  boundary=True pose=无
Loading weights:   0%|          | 0/727 [00:00<?, ?it/s]Loading weights:  97%|█████████▋| 702/727 [00:00<00:00, 6998.38it/s]Loading weights: 100%|██████████| 727/727 [00:00<00:00, 6952.81it/s]
/root/miniconda3/lib/python3.12/site-packages/torch/nn/modules/transformer.py:392: UserWarning: enable_nested_tensor is True, but self.use_nested_tensor is False because encoder_layer.norm_first was True
  warnings.warn(
[E1Model.from_checkpoint] 已从 step_7800_model.pt 恢复 7.86M LoRA 参数 (rank=16) + 时序头；缺失键 748 个 = 冻结主干（预期）
    [p2_1a] 8/2400 窗  2s
    [p2_1a] 808/2400 窗  253s
    [p2_1a] 1608/2400 窗  503s
  → val_avg_f1=0.8024  帧数=96000  每视频帧数=[80]  耗时=750.4s
  [checkpoint] 已落盘 13/48 → logs/phase11/p2_val_probe/1a.json

=== p2_1a/step_8400_model.pt  boundary=True pose=无
Loading weights:   0%|          | 0/727 [00:00<?, ?it/s]Loading weights: 100%|██████████| 727/727 [00:00<00:00, 8178.00it/s]
/root/miniconda3/lib/python3.12/site-packages/torch/nn/modules/transformer.py:392: UserWarning: enable_nested_tensor is True, but self.use_nested_tensor is False because encoder_layer.norm_first was True
  warnings.warn(
[E1Model.from_checkpoint] 已从 step_8400_model.pt 恢复 7.86M LoRA 参数 (rank=16) + 时序头；缺失键 748 个 = 冻结主干（预期）
    [p2_1a] 8/2400 窗  2s
    [p2_1a] 808/2400 窗  253s
    [p2_1a] 1608/2400 窗  503s
  → val_avg_f1=0.8164  帧数=96000  每视频帧数=[80]  耗时=750.2s
  [checkpoint] 已落盘 14/48 → logs/phase11/p2_val_probe/1a.json

=== p2_1a/step_9000_model.pt  boundary=True pose=无
Loading weights:   0%|          | 0/727 [00:00<?, ?it/s]Loading weights: 100%|██████████| 727/727 [00:00<00:00, 8014.56it/s]
/root/miniconda3/lib/python3.12/site-packages/torch/nn/modules/transformer.py:392: UserWarning: enable_nested_tensor is True, but self.use_nested_tensor is False because encoder_layer.norm_first was True
  warnings.warn(
[E1Model.from_checkpoint] 已从 step_9000_model.pt 恢复 7.86M LoRA 参数 (rank=16) + 时序头；缺失键 748 个 = 冻结主干（预期）
    [p2_1a] 8/2400 窗  2s
    [p2_1a] 808/2400 窗  252s
    [p2_1a] 1608/2400 窗  502s
  → val_avg_f1=0.8171  帧数=96000  每视频帧数=[80]  耗时=750.0s
  [checkpoint] 已落盘 15/48 → logs/phase11/p2_val_probe/1a.json

=== p2_1a/step_9600_model.pt  boundary=True pose=无
Loading weights:   0%|          | 0/727 [00:00<?, ?it/s]Loading weights:  88%|████████▊ | 638/727 [00:00<00:00, 6365.48it/s]Loading weights: 100%|██████████| 727/727 [00:00<00:00, 6453.91it/s]
/root/miniconda3/lib/python3.12/site-packages/torch/nn/modules/transformer.py:392: UserWarning: enable_nested_tensor is True, but self.use_nested_tensor is False because encoder_layer.norm_first was True
  warnings.warn(
[E1Model.from_checkpoint] 已从 step_9600_model.pt 恢复 7.86M LoRA 参数 (rank=16) + 时序头；缺失键 748 个 = 冻结主干（预期）
    [p2_1a] 8/2400 窗  2s
    [p2_1a] 808/2400 窗  252s
    [p2_1a] 1608/2400 窗  502s
  → val_avg_f1=0.8276  帧数=96000  每视频帧数=[80]  耗时=750.0s
  [checkpoint] 已落盘 16/48 → logs/phase11/p2_val_probe/1a.json

=== p2_1a/step_10200_model.pt  boundary=True pose=无
Loading weights:   0%|          | 0/727 [00:00<?, ?it/s]Loading weights: 100%|██████████| 727/727 [00:00<00:00, 7707.41it/s]
/root/miniconda3/lib/python3.12/site-packages/torch/nn/modules/transformer.py:392: UserWarning: enable_nested_tensor is True, but self.use_nested_tensor is False because encoder_layer.norm_first was True
  warnings.warn(
[E1Model.from_checkpoint] 已从 step_10200_model.pt 恢复 7.86M LoRA 参数 (rank=16) + 时序头；缺失键 748 个 = 冻结主干（预期）
    [p2_1a] 8/2400 窗  2s
    [p2_1a] 808/2400 窗  252s
    [p2_1a] 1608/2400 窗  503s
  → val_avg_f1=0.8112  帧数=96000  每视频帧数=[80]  耗时=750.1s
  [checkpoint] 已落盘 17/48 → logs/phase11/p2_val_probe/1a.json

=== p2_1a/step_10800_model.pt  boundary=True pose=无
Loading weights:   0%|          | 0/727 [00:00<?, ?it/s]Loading weights:  93%|█████████▎| 677/727 [00:00<00:00, 6765.62it/s]Loading weights: 100%|██████████| 727/727 [00:00<00:00, 6712.02it/s]
/root/miniconda3/lib/python3.12/site-packages/torch/nn/modules/transformer.py:392: UserWarning: enable_nested_tensor is True, but self.use_nested_tensor is False because encoder_layer.norm_first was True
  warnings.warn(
[E1Model.from_checkpoint] 已从 step_10800_model.pt 恢复 7.86M LoRA 参数 (rank=16) + 时序头；缺失键 748 个 = 冻结主干（预期）
    [p2_1a] 8/2400 窗  2s
    [p2_1a] 808/2400 窗  252s
    [p2_1a] 1608/2400 窗  502s
  → val_avg_f1=0.8241  帧数=96000  每视频帧数=[80]  耗时=749.8s
  [checkpoint] 已落盘 18/48 → logs/phase11/p2_val_probe/1a.json

=== p2_1a/step_11400_model.pt  boundary=True pose=无
Loading weights:   0%|          | 0/727 [00:00<?, ?it/s]Loading weights:  95%|█████████▍| 689/727 [00:00<00:00, 6853.67it/s]Loading weights: 100%|██████████| 727/727 [00:00<00:00, 6869.22it/s]
/root/miniconda3/lib/python3.12/site-packages/torch/nn/modules/transformer.py:392: UserWarning: enable_nested_tensor is True, but self.use_nested_tensor is False because encoder_layer.norm_first was True
  warnings.warn(
[E1Model.from_checkpoint] 已从 step_11400_model.pt 恢复 7.86M LoRA 参数 (rank=16) + 时序头；缺失键 748 个 = 冻结主干（预期）
    [p2_1a] 8/2400 窗  2s
    [p2_1a] 808/2400 窗  252s
    [p2_1a] 1608/2400 窗  502s
  → val_avg_f1=0.8257  帧数=96000  每视频帧数=[80]  耗时=750.0s
  [checkpoint] 已落盘 19/48 → logs/phase11/p2_val_probe/1a.json

=== p2_1a/step_12000_model.pt  boundary=True pose=无
Loading weights:   0%|          | 0/727 [00:00<?, ?it/s]Loading weights: 100%|██████████| 727/727 [00:00<00:00, 7849.45it/s]
/root/miniconda3/lib/python3.12/site-packages/torch/nn/modules/transformer.py:392: UserWarning: enable_nested_tensor is True, but self.use_nested_tensor is False because encoder_layer.norm_first was True
  warnings.warn(
[E1Model.from_checkpoint] 已从 step_12000_model.pt 恢复 7.86M LoRA 参数 (rank=16) + 时序头；缺失键 748 个 = 冻结主干（预期）
    [p2_1a] 8/2400 窗  2s
    [p2_1a] 808/2400 窗  252s
    [p2_1a] 1608/2400 窗  502s
  → val_avg_f1=0.8349  帧数=96000  每视频帧数=[80]  耗时=750.1s
  [checkpoint] 已落盘 20/48 → logs/phase11/p2_val_probe/1a.json

=== p2_1a/step_12600_model.pt  boundary=True pose=无
Loading weights:   0%|          | 0/727 [00:00<?, ?it/s]Loading weights: 100%|██████████| 727/727 [00:00<00:00, 7750.31it/s]
/root/miniconda3/lib/python3.12/site-packages/torch/nn/modules/transformer.py:392: UserWarning: enable_nested_tensor is True, but self.use_nested_tensor is False because encoder_layer.norm_first was True
  warnings.warn(
[E1Model.from_checkpoint] 已从 step_12600_model.pt 恢复 7.86M LoRA 参数 (rank=16) + 时序头；缺失键 748 个 = 冻结主干（预期）
    [p2_1a] 8/2400 窗  2s
    [p2_1a] 808/2400 窗  252s
    [p2_1a] 1608/2400 窗  503s
  → val_avg_f1=0.7976  帧数=96000  每视频帧数=[80]  耗时=750.2s
  [checkpoint] 已落盘 21/48 → logs/phase11/p2_val_probe/1a.json

=== p2_1a/step_13200_model.pt  boundary=True pose=无
Loading weights:   0%|          | 0/727 [00:00<?, ?it/s]Loading weights:  95%|█████████▌| 694/727 [00:00<00:00, 6936.80it/s]Loading weights: 100%|██████████| 727/727 [00:00<00:00, 7009.77it/s]
/root/miniconda3/lib/python3.12/site-packages/torch/nn/modules/transformer.py:392: UserWarning: enable_nested_tensor is True, but self.use_nested_tensor is False because encoder_layer.norm_first was True
  warnings.warn(
[E1Model.from_checkpoint] 已从 step_13200_model.pt 恢复 7.86M LoRA 参数 (rank=16) + 时序头；缺失键 748 个 = 冻结主干（预期）
    [p2_1a] 8/2400 窗  2s
    [p2_1a] 808/2400 窗  253s
    [p2_1a] 1608/2400 窗  502s
  → val_avg_f1=0.8309  帧数=96000  每视频帧数=[80]  耗时=749.8s
  [checkpoint] 已落盘 22/48 → logs/phase11/p2_val_probe/1a.json

=== p2_1a/step_13800_model.pt  boundary=True pose=无
Loading weights:   0%|          | 0/727 [00:00<?, ?it/s]Loading weights: 100%|██████████| 727/727 [00:00<00:00, 8416.09it/s]
/root/miniconda3/lib/python3.12/site-packages/torch/nn/modules/transformer.py:392: UserWarning: enable_nested_tensor is True, but self.use_nested_tensor is False because encoder_layer.norm_first was True
  warnings.warn(
[E1Model.from_checkpoint] 已从 step_13800_model.pt 恢复 7.86M LoRA 参数 (rank=16) + 时序头；缺失键 748 个 = 冻结主干（预期）
    [p2_1a] 8/2400 窗  2s
    [p2_1a] 808/2400 窗  252s
    [p2_1a] 1608/2400 窗  502s
  → val_avg_f1=0.8102  帧数=96000  每视频帧数=[80]  耗时=749.7s
  [checkpoint] 已落盘 23/48 → logs/phase11/p2_val_probe/1a.json

=== p2_1a/step_14400_model.pt  boundary=True pose=无
Loading weights:   0%|          | 0/727 [00:00<?, ?it/s]Loading weights: 100%|██████████| 727/727 [00:00<00:00, 7917.05it/s]
/root/miniconda3/lib/python3.12/site-packages/torch/nn/modules/transformer.py:392: UserWarning: enable_nested_tensor is True, but self.use_nested_tensor is False because encoder_layer.norm_first was True
  warnings.warn(
[E1Model.from_checkpoint] 已从 step_14400_model.pt 恢复 7.86M LoRA 参数 (rank=16) + 时序头；缺失键 748 个 = 冻结主干（预期）
    [p2_1a] 8/2400 窗  2s
    [p2_1a] 808/2400 窗  253s
    [p2_1a] 1608/2400 窗  503s
  → val_avg_f1=0.7762  帧数=96000  每视频帧数=[80]  耗时=750.2s
  [checkpoint] 已落盘 24/48 → logs/phase11/p2_val_probe/1a.json

=== p2_1a/step_15000_model.pt  boundary=True pose=无
Loading weights:   0%|          | 0/727 [00:00<?, ?it/s]Loading weights:  92%|█████████▏| 670/727 [00:00<00:00, 6617.09it/s]Loading weights: 100%|██████████| 727/727 [00:00<00:00, 6622.71it/s]
/root/miniconda3/lib/python3.12/site-packages/torch/nn/modules/transformer.py:392: UserWarning: enable_nested_tensor is True, but self.use_nested_tensor is False because encoder_layer.norm_first was True
  warnings.warn(
[E1Model.from_checkpoint] 已从 step_15000_model.pt 恢复 7.86M LoRA 参数 (rank=16) + 时序头；缺失键 748 个 = 冻结主干（预期）
    [p2_1a] 8/2400 窗  2s
    [p2_1a] 808/2400 窗  252s
    [p2_1a] 1608/2400 窗  502s
  → val_avg_f1=0.7876  帧数=96000  每视频帧数=[80]  耗时=750.0s
  [checkpoint] 已落盘 25/48 → logs/phase11/p2_val_probe/1a.json

=== p2_1a/step_15600_model.pt  boundary=True pose=无
Loading weights:   0%|          | 0/727 [00:00<?, ?it/s]Loading weights:  98%|█████████▊| 709/727 [00:00<00:00, 7052.49it/s]Loading weights: 100%|██████████| 727/727 [00:00<00:00, 7068.50it/s]
/root/miniconda3/lib/python3.12/site-packages/torch/nn/modules/transformer.py:392: UserWarning: enable_nested_tensor is True, but self.use_nested_tensor is False because encoder_layer.norm_first was True
  warnings.warn(
[E1Model.from_checkpoint] 已从 step_15600_model.pt 恢复 7.86M LoRA 参数 (rank=16) + 时序头；缺失键 748 个 = 冻结主干（预期）
    [p2_1a] 8/2400 窗  2s
    [p2_1a] 808/2400 窗  252s
    [p2_1a] 1608/2400 窗  502s
  → val_avg_f1=0.7852  帧数=96000  每视频帧数=[80]  耗时=749.9s
  [checkpoint] 已落盘 26/48 → logs/phase11/p2_val_probe/1a.json

=== p2_1a/step_16200_model.pt  boundary=True pose=无
Loading weights:   0%|          | 0/727 [00:00<?, ?it/s]Loading weights:  11%|█         | 80/727 [00:00<00:00, 796.53it/s]Loading weights:  22%|██▏       | 160/727 [00:00<00:00, 700.37it/s]Loading weights:  32%|███▏      | 231/727 [00:00<00:00, 694.06it/s]Loading weights:  51%|█████     | 371/727 [00:00<00:00, 949.94it/s]Loading weights:  64%|██████▍   | 468/727 [00:00<00:00, 910.89it/s]Loading weights:  77%|███████▋  | 561/727 [00:00<00:00, 912.14it/s]Loading weights:  90%|████████▉ | 653/727 [00:00<00:00, 842.26it/s]Loading weights: 100%|██████████| 727/727 [00:00<00:00, 866.60it/s]
/root/miniconda3/lib/python3.12/site-packages/torch/nn/modules/transformer.py:392: UserWarning: enable_nested_tensor is True, but self.use_nested_tensor is False because encoder_layer.norm_first was True
  warnings.warn(
[E1Model.from_checkpoint] 已从 step_16200_model.pt 恢复 7.86M LoRA 参数 (rank=16) + 时序头；缺失键 748 个 = 冻结主干（预期）
    [p2_1a] 8/2400 窗  2s
    [p2_1a] 808/2400 窗  252s
    [p2_1a] 1608/2400 窗  502s
  → val_avg_f1=0.8050  帧数=96000  每视频帧数=[80]  耗时=749.9s
  [checkpoint] 已落盘 27/48 → logs/phase11/p2_val_probe/1a.json

=== p2_1a/step_16800_model.pt  boundary=True pose=无
Loading weights:   0%|          | 0/727 [00:00<?, ?it/s]Loading weights:  94%|█████████▎| 680/727 [00:00<00:00, 6796.30it/s]Loading weights: 100%|██████████| 727/727 [00:00<00:00, 6715.04it/s]
/root/miniconda3/lib/python3.12/site-packages/torch/nn/modules/transformer.py:392: UserWarning: enable_nested_tensor is True, but self.use_nested_tensor is False because encoder_layer.norm_first was True
  warnings.warn(
[E1Model.from_checkpoint] 已从 step_16800_model.pt 恢复 7.86M LoRA 参数 (rank=16) + 时序头；缺失键 748 个 = 冻结主干（预期）
    [p2_1a] 8/2400 窗  2s
    [p2_1a] 808/2400 窗  253s
    [p2_1a] 1608/2400 窗  503s
  → val_avg_f1=0.7839  帧数=96000  每视频帧数=[80]  耗时=750.2s
  [checkpoint] 已落盘 28/48 → logs/phase11/p2_val_probe/1a.json

=== p2_1a/step_17400_model.pt  boundary=True pose=无
Loading weights:   0%|          | 0/727 [00:00<?, ?it/s]Loading weights:  94%|█████████▍| 682/727 [00:00<00:00, 6778.87it/s]Loading weights: 100%|██████████| 727/727 [00:00<00:00, 6746.57it/s]
/root/miniconda3/lib/python3.12/site-packages/torch/nn/modules/transformer.py:392: UserWarning: enable_nested_tensor is True, but self.use_nested_tensor is False because encoder_layer.norm_first was True
  warnings.warn(
[E1Model.from_checkpoint] 已从 step_17400_model.pt 恢复 7.86M LoRA 参数 (rank=16) + 时序头；缺失键 748 个 = 冻结主干（预期）
    [p2_1a] 8/2400 窗  2s
    [p2_1a] 808/2400 窗  252s
    [p2_1a] 1608/2400 窗  503s
  → val_avg_f1=0.7170  帧数=96000  每视频帧数=[80]  耗时=750.2s
  [checkpoint] 已落盘 29/48 → logs/phase11/p2_val_probe/1a.json

=== p2_1a/step_18000_model.pt  boundary=True pose=无
Loading weights:   0%|          | 0/727 [00:00<?, ?it/s]Loading weights:  99%|█████████▉| 720/727 [00:00<00:00, 7185.07it/s]Loading weights: 100%|██████████| 727/727 [00:00<00:00, 7199.90it/s]
/root/miniconda3/lib/python3.12/site-packages/torch/nn/modules/transformer.py:392: UserWarning: enable_nested_tensor is True, but self.use_nested_tensor is False because encoder_layer.norm_first was True
  warnings.warn(
[E1Model.from_checkpoint] 已从 step_18000_model.pt 恢复 7.86M LoRA 参数 (rank=16) + 时序头；缺失键 748 个 = 冻结主干（预期）
    [p2_1a] 8/2400 窗  2s
    [p2_1a] 808/2400 窗  252s
    [p2_1a] 1608/2400 窗  503s
  → val_avg_f1=0.8075  帧数=96000  每视频帧数=[80]  耗时=750.2s
  [checkpoint] 已落盘 30/48 → logs/phase11/p2_val_probe/1a.json

=== p2_1a/step_18600_model.pt  boundary=True pose=无
Loading weights:   0%|          | 0/727 [00:00<?, ?it/s]Loading weights:  95%|█████████▍| 688/727 [00:00<00:00, 6877.63it/s]Loading weights: 100%|██████████| 727/727 [00:00<00:00, 6825.78it/s]
/root/miniconda3/lib/python3.12/site-packages/torch/nn/modules/transformer.py:392: UserWarning: enable_nested_tensor is True, but self.use_nested_tensor is False because encoder_layer.norm_first was True
  warnings.warn(
[E1Model.from_checkpoint] 已从 step_18600_model.pt 恢复 7.86M LoRA 参数 (rank=16) + 时序头；缺失键 748 个 = 冻结主干（预期）
    [p2_1a] 8/2400 窗  2s
    [p2_1a] 808/2400 窗  253s
    [p2_1a] 1608/2400 窗  502s
  → val_avg_f1=0.8000  帧数=96000  每视频帧数=[80]  耗时=750.0s
  [checkpoint] 已落盘 31/48 → logs/phase11/p2_val_probe/1a.json

=== p2_1a/step_19200_model.pt  boundary=True pose=无
Loading weights:   0%|          | 0/727 [00:00<?, ?it/s]Loading weights: 100%|██████████| 727/727 [00:00<00:00, 7309.94it/s]
/root/miniconda3/lib/python3.12/site-packages/torch/nn/modules/transformer.py:392: UserWarning: enable_nested_tensor is True, but self.use_nested_tensor is False because encoder_layer.norm_first was True
  warnings.warn(
[E1Model.from_checkpoint] 已从 step_19200_model.pt 恢复 7.86M LoRA 参数 (rank=16) + 时序头；缺失键 748 个 = 冻结主干（预期）
    [p2_1a] 8/2400 窗  2s
    [p2_1a] 808/2400 窗  252s
    [p2_1a] 1608/2400 窗  502s
  → val_avg_f1=0.8317  帧数=96000  每视频帧数=[80]  耗时=750.0s
  [checkpoint] 已落盘 32/48 → logs/phase11/p2_val_probe/1a.json

=== p2_1a/step_19800_model.pt  boundary=True pose=无
Loading weights:   0%|          | 0/727 [00:00<?, ?it/s]Loading weights: 100%|██████████| 727/727 [00:00<00:00, 9131.16it/s]
/root/miniconda3/lib/python3.12/site-packages/torch/nn/modules/transformer.py:392: UserWarning: enable_nested_tensor is True, but self.use_nested_tensor is False because encoder_layer.norm_first was True
  warnings.warn(
[E1Model.from_checkpoint] 已从 step_19800_model.pt 恢复 7.86M LoRA 参数 (rank=16) + 时序头；缺失键 748 个 = 冻结主干（预期）
    [p2_1a] 8/2400 窗  2s
    [p2_1a] 808/2400 窗  253s
    [p2_1a] 1608/2400 窗  502s
  → val_avg_f1=0.8030  帧数=96000  每视频帧数=[80]  耗时=751.5s
  [checkpoint] 已落盘 33/48 → logs/phase11/p2_val_probe/1a.json

=== p2_1a/step_20400_model.pt  boundary=True pose=无
Loading weights:   0%|          | 0/727 [00:00<?, ?it/s]Loading weights: 100%|██████████| 727/727 [00:00<00:00, 7290.90it/s]
/root/miniconda3/lib/python3.12/site-packages/torch/nn/modules/transformer.py:392: UserWarning: enable_nested_tensor is True, but self.use_nested_tensor is False because encoder_layer.norm_first was True
  warnings.warn(
[E1Model.from_checkpoint] 已从 step_20400_model.pt 恢复 7.86M LoRA 参数 (rank=16) + 时序头；缺失键 748 个 = 冻结主干（预期）
    [p2_1a] 8/2400 窗  2s
    [p2_1a] 808/2400 窗  252s
    [p2_1a] 1608/2400 窗  502s
  → val_avg_f1=0.7529  帧数=96000  每视频帧数=[80]  耗时=749.9s
  [checkpoint] 已落盘 34/48 → logs/phase11/p2_val_probe/1a.json

=== p2_1a/step_21000_model.pt  boundary=True pose=无
Loading weights:   0%|          | 0/727 [00:00<?, ?it/s]Loading weights: 100%|██████████| 727/727 [00:00<00:00, 9876.24it/s]
/root/miniconda3/lib/python3.12/site-packages/torch/nn/modules/transformer.py:392: UserWarning: enable_nested_tensor is True, but self.use_nested_tensor is False because encoder_layer.norm_first was True
  warnings.warn(
[E1Model.from_checkpoint] 已从 step_21000_model.pt 恢复 7.86M LoRA 参数 (rank=16) + 时序头；缺失键 748 个 = 冻结主干（预期）
    [p2_1a] 8/2400 窗  2s
    [p2_1a] 808/2400 窗  253s
    [p2_1a] 1608/2400 窗  503s
  → val_avg_f1=0.8219  帧数=96000  每视频帧数=[80]  耗时=750.3s
  [checkpoint] 已落盘 35/48 → logs/phase11/p2_val_probe/1a.json

=== p2_1a/step_21600_model.pt  boundary=True pose=无
Loading weights:   0%|          | 0/727 [00:00<?, ?it/s]Loading weights: 100%|██████████| 727/727 [00:00<00:00, 9109.39it/s]
/root/miniconda3/lib/python3.12/site-packages/torch/nn/modules/transformer.py:392: UserWarning: enable_nested_tensor is True, but self.use_nested_tensor is False because encoder_layer.norm_first was True
  warnings.warn(
[E1Model.from_checkpoint] 已从 step_21600_model.pt 恢复 7.86M LoRA 参数 (rank=16) + 时序头；缺失键 748 个 = 冻结主干（预期）
    [p2_1a] 8/2400 窗  2s
    [p2_1a] 808/2400 窗  253s
    [p2_1a] 1608/2400 窗  502s
  → val_avg_f1=0.8039  帧数=96000  每视频帧数=[80]  耗时=749.5s
  [checkpoint] 已落盘 36/48 → logs/phase11/p2_val_probe/1a.json

=== p2_1a/step_22200_model.pt  boundary=True pose=无
Loading weights:   0%|          | 0/727 [00:00<?, ?it/s]Loading weights: 100%|██████████| 727/727 [00:00<00:00, 9609.23it/s]
/root/miniconda3/lib/python3.12/site-packages/torch/nn/modules/transformer.py:392: UserWarning: enable_nested_tensor is True, but self.use_nested_tensor is False because encoder_layer.norm_first was True
  warnings.warn(
[E1Model.from_checkpoint] 已从 step_22200_model.pt 恢复 7.86M LoRA 参数 (rank=16) + 时序头；缺失键 748 个 = 冻结主干（预期）
    [p2_1a] 8/2400 窗  2s
    [p2_1a] 808/2400 窗  252s
    [p2_1a] 1608/2400 窗  502s
  → val_avg_f1=0.7690  帧数=96000  每视频帧数=[80]  耗时=749.5s
  [checkpoint] 已落盘 37/48 → logs/phase11/p2_val_probe/1a.json

=== p2_1a/step_22800_model.pt  boundary=True pose=无
Loading weights:   0%|          | 0/727 [00:00<?, ?it/s]Loading weights:  95%|█████████▌| 691/727 [00:00<00:00, 6895.95it/s]Loading weights: 100%|██████████| 727/727 [00:00<00:00, 6855.90it/s]
/root/miniconda3/lib/python3.12/site-packages/torch/nn/modules/transformer.py:392: UserWarning: enable_nested_tensor is True, but self.use_nested_tensor is False because encoder_layer.norm_first was True
  warnings.warn(
[E1Model.from_checkpoint] 已从 step_22800_model.pt 恢复 7.86M LoRA 参数 (rank=16) + 时序头；缺失键 748 个 = 冻结主干（预期）
    [p2_1a] 8/2400 窗  2s
    [p2_1a] 808/2400 窗  252s
    [p2_1a] 1608/2400 窗  503s
  → val_avg_f1=0.3070  帧数=96000  每视频帧数=[80]  耗时=750.2s
  [checkpoint] 已落盘 38/48 → logs/phase11/p2_val_probe/1a.json

=== p2_1a/step_23400_model.pt  boundary=True pose=无
Loading weights:   0%|          | 0/727 [00:00<?, ?it/s]Loading weights:  96%|█████████▌| 699/727 [00:00<00:00, 6952.41it/s]Loading weights: 100%|██████████| 727/727 [00:00<00:00, 6948.06it/s]
/root/miniconda3/lib/python3.12/site-packages/torch/nn/modules/transformer.py:392: UserWarning: enable_nested_tensor is True, but self.use_nested_tensor is False because encoder_layer.norm_first was True
  warnings.warn(
[E1Model.from_checkpoint] 已从 step_23400_model.pt 恢复 7.86M LoRA 参数 (rank=16) + 时序头；缺失键 748 个 = 冻结主干（预期）
    [p2_1a] 8/2400 窗  2s
    [p2_1a] 808/2400 窗  252s
    [p2_1a] 1608/2400 窗  502s
  → val_avg_f1=0.3070  帧数=96000  每视频帧数=[80]  耗时=750.0s
  [checkpoint] 已落盘 39/48 → logs/phase11/p2_val_probe/1a.json

=== p2_1a/step_24000_model.pt  boundary=True pose=无
Loading weights:   0%|          | 0/727 [00:00<?, ?it/s]Loading weights: 100%|██████████| 727/727 [00:00<00:00, 7276.44it/s]
/root/miniconda3/lib/python3.12/site-packages/torch/nn/modules/transformer.py:392: UserWarning: enable_nested_tensor is True, but self.use_nested_tensor is False because encoder_layer.norm_first was True
  warnings.warn(
[E1Model.from_checkpoint] 已从 step_24000_model.pt 恢复 7.86M LoRA 参数 (rank=16) + 时序头；缺失键 748 个 = 冻结主干（预期）
    [p2_1a] 8/2400 窗  2s
    [p2_1a] 808/2400 窗  253s
    [p2_1a] 1608/2400 窗  503s
  → val_avg_f1=0.3070  帧数=96000  每视频帧数=[80]  耗时=750.3s
  [checkpoint] 已落盘 40/48 → logs/phase11/p2_val_probe/1a.json

=== p2_1a/step_24600_model.pt  boundary=True pose=无
Loading weights:   0%|          | 0/727 [00:00<?, ?it/s]Loading weights: 100%|██████████| 727/727 [00:00<00:00, 7813.26it/s]
/root/miniconda3/lib/python3.12/site-packages/torch/nn/modules/transformer.py:392: UserWarning: enable_nested_tensor is True, but self.use_nested_tensor is False because encoder_layer.norm_first was True
  warnings.warn(
[E1Model.from_checkpoint] 已从 step_24600_model.pt 恢复 7.86M LoRA 参数 (rank=16) + 时序头；缺失键 748 个 = 冻结主干（预期）
    [p2_1a] 8/2400 窗  2s
    [p2_1a] 808/2400 窗  253s
    [p2_1a] 1608/2400 窗  503s
  → val_avg_f1=0.3070  帧数=96000  每视频帧数=[80]  耗时=750.4s
  [checkpoint] 已落盘 41/48 → logs/phase11/p2_val_probe/1a.json

=== p2_1a/step_25200_model.pt  boundary=True pose=无
Loading weights:   0%|          | 0/727 [00:00<?, ?it/s]Loading weights: 100%|██████████| 727/727 [00:00<00:00, 9255.27it/s]
/root/miniconda3/lib/python3.12/site-packages/torch/nn/modules/transformer.py:392: UserWarning: enable_nested_tensor is True, but self.use_nested_tensor is False because encoder_layer.norm_first was True
  warnings.warn(
[E1Model.from_checkpoint] 已从 step_25200_model.pt 恢复 7.86M LoRA 参数 (rank=16) + 时序头；缺失键 748 个 = 冻结主干（预期）
    [p2_1a] 8/2400 窗  2s
    [p2_1a] 808/2400 窗  252s
    [p2_1a] 1608/2400 窗  502s
  → val_avg_f1=0.7704  帧数=96000  每视频帧数=[80]  耗时=749.9s
  [checkpoint] 已落盘 42/48 → logs/phase11/p2_val_probe/1a.json

=== p2_1a/step_25800_model.pt  boundary=True pose=无
Loading weights:   0%|          | 0/727 [00:00<?, ?it/s]Loading weights: 100%|██████████| 727/727 [00:00<00:00, 9846.07it/s]
/root/miniconda3/lib/python3.12/site-packages/torch/nn/modules/transformer.py:392: UserWarning: enable_nested_tensor is True, but self.use_nested_tensor is False because encoder_layer.norm_first was True
  warnings.warn(
[E1Model.from_checkpoint] 已从 step_25800_model.pt 恢复 7.86M LoRA 参数 (rank=16) + 时序头；缺失键 748 个 = 冻结主干（预期）
    [p2_1a] 8/2400 窗  2s
    [p2_1a] 808/2400 窗  252s
    [p2_1a] 1608/2400 窗  502s
  → val_avg_f1=0.8214  帧数=96000  每视频帧数=[80]  耗时=749.9s
  [checkpoint] 已落盘 43/48 → logs/phase11/p2_val_probe/1a.json

=== p2_1a/step_26400_model.pt  boundary=True pose=无
Loading weights:   0%|          | 0/727 [00:00<?, ?it/s]Loading weights:  90%|████████▉ | 654/727 [00:00<00:00, 6470.02it/s]Loading weights: 100%|██████████| 727/727 [00:00<00:00, 6378.62it/s]
/root/miniconda3/lib/python3.12/site-packages/torch/nn/modules/transformer.py:392: UserWarning: enable_nested_tensor is True, but self.use_nested_tensor is False because encoder_layer.norm_first was True
  warnings.warn(
[E1Model.from_checkpoint] 已从 step_26400_model.pt 恢复 7.86M LoRA 参数 (rank=16) + 时序头；缺失键 748 个 = 冻结主干（预期）
    [p2_1a] 8/2400 窗  2s
    [p2_1a] 808/2400 窗  252s
    [p2_1a] 1608/2400 窗  503s
  → val_avg_f1=0.7993  帧数=96000  每视频帧数=[80]  耗时=750.1s
  [checkpoint] 已落盘 44/48 → logs/phase11/p2_val_probe/1a.json

=== p2_1a/step_27000_model.pt  boundary=True pose=无
Loading weights:   0%|          | 0/727 [00:00<?, ?it/s]Loading weights:  89%|████████▉ | 646/727 [00:00<00:00, 6428.10it/s]Loading weights: 100%|██████████| 727/727 [00:00<00:00, 6416.98it/s]
/root/miniconda3/lib/python3.12/site-packages/torch/nn/modules/transformer.py:392: UserWarning: enable_nested_tensor is True, but self.use_nested_tensor is False because encoder_layer.norm_first was True
  warnings.warn(
[E1Model.from_checkpoint] 已从 step_27000_model.pt 恢复 7.86M LoRA 参数 (rank=16) + 时序头；缺失键 748 个 = 冻结主干（预期）
    [p2_1a] 8/2400 窗  2s
    [p2_1a] 808/2400 窗  252s
    [p2_1a] 1608/2400 窗  502s
  → val_avg_f1=0.8053  帧数=96000  每视频帧数=[80]  耗时=749.8s
  [checkpoint] 已落盘 45/48 → logs/phase11/p2_val_probe/1a.json

=== p2_1a/step_27600_model.pt  boundary=True pose=无
Loading weights:   0%|          | 0/727 [00:00<?, ?it/s]Loading weights: 100%|██████████| 727/727 [00:00<00:00, 7942.47it/s]
/root/miniconda3/lib/python3.12/site-packages/torch/nn/modules/transformer.py:392: UserWarning: enable_nested_tensor is True, but self.use_nested_tensor is False because encoder_layer.norm_first was True
  warnings.warn(
[E1Model.from_checkpoint] 已从 step_27600_model.pt 恢复 7.86M LoRA 参数 (rank=16) + 时序头；缺失键 748 个 = 冻结主干（预期）
    [p2_1a] 8/2400 窗  2s
    [p2_1a] 808/2400 窗  252s
    [p2_1a] 1608/2400 窗  503s
  → val_avg_f1=0.8195  帧数=96000  每视频帧数=[80]  耗时=750.3s
  [checkpoint] 已落盘 46/48 → logs/phase11/p2_val_probe/1a.json

=== p2_1a/step_28200_model.pt  boundary=True pose=无
Loading weights:   0%|          | 0/727 [00:00<?, ?it/s]Loading weights: 100%|██████████| 727/727 [00:00<00:00, 7395.19it/s]
/root/miniconda3/lib/python3.12/site-packages/torch/nn/modules/transformer.py:392: UserWarning: enable_nested_tensor is True, but self.use_nested_tensor is False because encoder_layer.norm_first was True
  warnings.warn(
[E1Model.from_checkpoint] 已从 step_28200_model.pt 恢复 7.86M LoRA 参数 (rank=16) + 时序头；缺失键 748 个 = 冻结主干（预期）
    [p2_1a] 8/2400 窗  2s
    [p2_1a] 808/2400 窗  252s
    [p2_1a] 1608/2400 窗  502s
  → val_avg_f1=0.4507  帧数=96000  每视频帧数=[80]  耗时=749.9s
  [checkpoint] 已落盘 47/48 → logs/phase11/p2_val_probe/1a.json

=== p2_1a/step_28800_model.pt  boundary=True pose=无
Loading weights:   0%|          | 0/727 [00:00<?, ?it/s]Loading weights: 100%|██████████| 727/727 [00:00<00:00, 7527.40it/s]
/root/miniconda3/lib/python3.12/site-packages/torch/nn/modules/transformer.py:392: UserWarning: enable_nested_tensor is True, but self.use_nested_tensor is False because encoder_layer.norm_first was True
  warnings.warn(
[E1Model.from_checkpoint] 已从 step_28800_model.pt 恢复 7.86M LoRA 参数 (rank=16) + 时序头；缺失键 748 个 = 冻结主干（预期）
    [p2_1a] 8/2400 窗  2s
    [p2_1a] 808/2400 窗  252s
    [p2_1a] 1608/2400 窗  501s
  → val_avg_f1=0.7218  帧数=96000  每视频帧数=[80]  耗时=748.9s
  [checkpoint] 已落盘 48/48 → logs/phase11/p2_val_probe/1a.json

ALL_CKPTS_DONE 已写出 logs/phase11/p2_val_probe/1a.json
                logs/phase11/p2_val_probe/1a.pv.pt
[2026-10-08 21:41:15] RUN: /root/miniconda3/bin/python -u - logs/phase11/p2_val_probe/1a.json logs/phase11/p2_val_probe/selection.json 1a
[select] 1a: step_12000 (val 0.8349), 次优 step_19200 (差 0.0032)
[2026-10-08 21:41:15] 阶段① 完成，selection.json 已更新
[2026-10-08 21:41:15] 阶段② 候选：step_12000 epoch_1 epoch_2 epoch_3 step_19200 
[2026-10-08 21:41:15] RUN: /root/miniconda3/bin/python -u experiments/eval_p9e1_dual.py --ckpt logs/phase11/p2_1a/step_12000_model.pt --out logs/phase11/p2_1a/eval_step_12000.json --dump_pv logs/phase11/p2_1a/pv_step_12000.pt
Loading weights:   0%|          | 0/727 [00:00<?, ?it/s]Loading weights: 100%|██████████| 727/727 [00:00<00:00, 9979.57it/s]
/root/miniconda3/lib/python3.12/site-packages/torch/nn/modules/transformer.py:392: UserWarning: enable_nested_tensor is True, but self.use_nested_tensor is False because encoder_layer.norm_first was True
  warnings.warn(
[E1Model.from_checkpoint] 已从 step_12000_model.pt 恢复 7.86M LoRA 参数 (rank=16) + 时序头；缺失键 748 个 = 冻结主干（预期）
  [200/1200] videos done, skip 0
  [400/1200] videos done, skip 0
  [600/1200] videos done, skip 0
  [800/1200] videos done, skip 0
  [1000/1200] videos done, skip 0
  [1200/1200] videos done, skip 0
Saved: logs/phase11/p2_1a/eval_step_12000.json
Dumped pv: logs/phase11/p2_1a/pv_step_12000.pt (1200 videos)
[instance] acc=0.9281 fall_rec=0.8414 fallen_prec=0.6689 fallen_rec=0.8145 avg=0.8174
[merged] raw ev_f1=0.8114 | canonical=0.8058 | best(K2=5,W=32)=0.8128 fallen_prec=0.6663
[2026-10-08 22:05:02] RUN: /root/miniconda3/bin/python -u experiments/eval_p9e1_dual.py --ckpt logs/phase11/p2_1a/epoch_1_model.pt --out logs/phase11/p2_1a/eval_epoch_1.json --dump_pv logs/phase11/p2_1a/pv_epoch_1.pt
Loading weights:   0%|          | 0/727 [00:00<?, ?it/s]Loading weights: 100%|██████████| 727/727 [00:00<00:00, 9286.44it/s]
/root/miniconda3/lib/python3.12/site-packages/torch/nn/modules/transformer.py:392: UserWarning: enable_nested_tensor is True, but self.use_nested_tensor is False because encoder_layer.norm_first was True
  warnings.warn(
[E1Model.from_checkpoint] 已从 epoch_1_model.pt 恢复 7.86M LoRA 参数 (rank=16) + 时序头；缺失键 748 个 = 冻结主干（预期）
  [200/1200] videos done, skip 0
  [400/1200] videos done, skip 0
  [600/1200] videos done, skip 0
  [800/1200] videos done, skip 0
  [1000/1200] videos done, skip 0
  [1200/1200] videos done, skip 0
Saved: logs/phase11/p2_1a/eval_epoch_1.json
Dumped pv: logs/phase11/p2_1a/pv_epoch_1.pt (1200 videos)
[instance] acc=0.9251 fall_rec=0.8390 fallen_prec=0.6408 fallen_rec=0.8190 avg=0.8114
[merged] raw ev_f1=0.8081 | canonical=0.8153 | best(K2=7,W=32)=0.8156 fallen_prec=0.6562
[2026-10-08 22:28:51] RUN: /root/miniconda3/bin/python -u experiments/eval_p9e1_dual.py --ckpt logs/phase11/p2_1a/epoch_2_model.pt --out logs/phase11/p2_1a/eval_epoch_2.json --dump_pv logs/phase11/p2_1a/pv_epoch_2.pt
Loading weights:   0%|          | 0/727 [00:00<?, ?it/s]Loading weights: 100%|██████████| 727/727 [00:00<00:00, 9890.37it/s]
/root/miniconda3/lib/python3.12/site-packages/torch/nn/modules/transformer.py:392: UserWarning: enable_nested_tensor is True, but self.use_nested_tensor is False because encoder_layer.norm_first was True
  warnings.warn(
[E1Model.from_checkpoint] 已从 epoch_2_model.pt 恢复 7.86M LoRA 参数 (rank=16) + 时序头；缺失键 748 个 = 冻结主干（预期）
  [200/1200] videos done, skip 0
  [400/1200] videos done, skip 0
  [600/1200] videos done, skip 0
  [800/1200] videos done, skip 0
  [1000/1200] videos done, skip 0
  [1200/1200] videos done, skip 0
Saved: logs/phase11/p2_1a/eval_epoch_2.json
Dumped pv: logs/phase11/p2_1a/pv_epoch_2.pt (1200 videos)
[instance] acc=0.9250 fall_rec=0.7950 fallen_prec=0.6357 fallen_rec=0.7698 avg=0.8070
[merged] raw ev_f1=0.7955 | canonical=0.7872 | best(K2=5,W=32)=0.7903 fallen_prec=0.6323
[2026-10-08 22:52:38] RUN: /root/miniconda3/bin/python -u experiments/eval_p9e1_dual.py --ckpt logs/phase11/p2_1a/epoch_3_model.pt --out logs/phase11/p2_1a/eval_epoch_3.json --dump_pv logs/phase11/p2_1a/pv_epoch_3.pt
Loading weights:   0%|          | 0/727 [00:00<?, ?it/s]Loading weights: 100%|██████████| 727/727 [00:00<00:00, 7867.55it/s]
/root/miniconda3/lib/python3.12/site-packages/torch/nn/modules/transformer.py:392: UserWarning: enable_nested_tensor is True, but self.use_nested_tensor is False because encoder_layer.norm_first was True
  warnings.warn(
[E1Model.from_checkpoint] 已从 epoch_3_model.pt 恢复 7.86M LoRA 参数 (rank=16) + 时序头；缺失键 748 个 = 冻结主干（预期）
  [200/1200] videos done, skip 0
  [400/1200] videos done, skip 0
  [600/1200] videos done, skip 0
  [800/1200] videos done, skip 0
  [1000/1200] videos done, skip 0
  [1200/1200] videos done, skip 0
Saved: logs/phase11/p2_1a/eval_epoch_3.json
Dumped pv: logs/phase11/p2_1a/pv_epoch_3.pt (1200 videos)
[instance] acc=0.9140 fall_rec=0.7462 fallen_prec=0.8499 fallen_rec=0.3104 avg=0.7097
[merged] raw ev_f1=0.7098 | canonical=0.7096 | best(K2=3,W=64)=0.7096 fallen_prec=0.8434
[2026-10-08 23:16:21] RUN: /root/miniconda3/bin/python -u experiments/eval_p9e1_dual.py --ckpt logs/phase11/p2_1a/step_19200_model.pt --out logs/phase11/p2_1a/eval_step_19200.json --dump_pv logs/phase11/p2_1a/pv_step_19200.pt
Loading weights:   0%|          | 0/727 [00:00<?, ?it/s]Loading weights: 100%|██████████| 727/727 [00:00<00:00, 10799.76it/s]
/root/miniconda3/lib/python3.12/site-packages/torch/nn/modules/transformer.py:392: UserWarning: enable_nested_tensor is True, but self.use_nested_tensor is False because encoder_layer.norm_first was True
  warnings.warn(
[E1Model.from_checkpoint] 已从 step_19200_model.pt 恢复 7.86M LoRA 参数 (rank=16) + 时序头；缺失键 748 个 = 冻结主干（预期）
  [200/1200] videos done, skip 0
  [400/1200] videos done, skip 0
  [600/1200] videos done, skip 0
  [800/1200] videos done, skip 0
  [1000/1200] videos done, skip 0
  [1200/1200] videos done, skip 0
Saved: logs/phase11/p2_1a/eval_step_19200.json
Dumped pv: logs/phase11/p2_1a/pv_step_19200.pt (1200 videos)
[instance] acc=0.9250 fall_rec=0.7950 fallen_prec=0.6357 fallen_rec=0.7698 avg=0.8070
[merged] raw ev_f1=0.7955 | canonical=0.7872 | best(K2=5,W=32)=0.7903 fallen_prec=0.6323
[2026-10-08 23:40:07] 已复制 pv_step_12000.pt → pv_best.pt（供 judge_w1_arm 的 find_pv）
[2026-10-08 23:40:07] RUN: /root/miniconda3/bin/python -u experiments/eval_timeline_metrics.py step_12000=logs/phase11/p2_1a/pv_step_12000.pt --out logs/phase11/p2_1a/timeline_step_12000.json
模型                    n事件  fall_f1 fallen_f1   avg_f1    覆盖率F/N     误报率F/N      延迟中位   翻转(video)    order      满分比
------------------------------------------------------------------------------------------------------------------
step_12000            211   0.7944    0.7267   0.7622 0.972/0.880 0.028/0.059       0.0        0.65    0.993   19/211

== 逐视频 fall_f1 分布（事件视频内）==
  step_12000         n=211 | =1.0: 19  0.8-1.0:137  0.5-0.8: 55  0-0.5: 13  =0:  6

Saved: logs/phase11/p2_1a/timeline_step_12000.json
[2026-10-08 23:40:10] RUN: /root/miniconda3/bin/python -u experiments/eval_timeline_metrics.py epoch_1=logs/phase11/p2_1a/pv_epoch_1.pt --out logs/phase11/p2_1a/timeline_epoch_1.json
模型                    n事件  fall_f1 fallen_f1   avg_f1    覆盖率F/N     误报率F/N      延迟中位   翻转(video)    order      满分比
------------------------------------------------------------------------------------------------------------------
epoch_1               211   0.7603    0.7477   0.7519 0.948/0.900 0.036/0.065       0.0        0.70    1.000   19/211

== 逐视频 fall_f1 分布（事件视频内）==
  epoch_1            n=211 | =1.0: 19  0.8-1.0:124  0.5-0.8: 64  0-0.5: 12  =0: 11

Saved: logs/phase11/p2_1a/timeline_epoch_1.json
[2026-10-08 23:40:13] RUN: /root/miniconda3/bin/python -u experiments/eval_timeline_metrics.py epoch_2=logs/phase11/p2_1a/pv_epoch_2.pt --out logs/phase11/p2_1a/timeline_epoch_2.json
模型                    n事件  fall_f1 fallen_f1   avg_f1    覆盖率F/N     误报率F/N      延迟中位   翻转(video)    order      满分比
------------------------------------------------------------------------------------------------------------------
epoch_2               211   0.7725    0.6784   0.7302 0.934/0.827 0.019/0.061       0.0        0.60    0.993   16/211

== 逐视频 fall_f1 分布（事件视频内）==
  epoch_2            n=211 | =1.0: 16  0.8-1.0:129  0.5-0.8: 61  0-0.5:  7  =0: 14

Saved: logs/phase11/p2_1a/timeline_epoch_2.json
[2026-10-08 23:40:16] RUN: /root/miniconda3/bin/python -u experiments/eval_timeline_metrics.py epoch_3=logs/phase11/p2_1a/pv_epoch_3.pt --out logs/phase11/p2_1a/timeline_epoch_3.json
模型                    n事件  fall_f1 fallen_f1   avg_f1    覆盖率F/N     误报率F/N      延迟中位   翻转(video)    order      满分比
------------------------------------------------------------------------------------------------------------------
epoch_3               211   0.6353    0.3097   0.5176 0.839/0.473 0.011/0.009       0.0        0.53    1.000   15/211

== 逐视频 fall_f1 分布（事件视频内）==
  epoch_3            n=211 | =1.0: 15  0.8-1.0: 88  0.5-0.8: 71  0-0.5: 18  =0: 34

Saved: logs/phase11/p2_1a/timeline_epoch_3.json
[2026-10-08 23:40:19] RUN: /root/miniconda3/bin/python -u experiments/eval_timeline_metrics.py step_19200=logs/phase11/p2_1a/pv_step_19200.pt --out logs/phase11/p2_1a/timeline_step_19200.json
模型                    n事件  fall_f1 fallen_f1   avg_f1    覆盖率F/N     误报率F/N      延迟中位   翻转(video)    order      满分比
------------------------------------------------------------------------------------------------------------------
step_19200            211   0.7725    0.6784   0.7302 0.934/0.827 0.019/0.061       0.0        0.60    0.993   16/211

== 逐视频 fall_f1 分布（事件视频内）==
  step_19200         n=211 | =1.0: 16  0.8-1.0:129  0.5-0.8: 61  0-0.5:  7  =0: 14

Saved: logs/phase11/p2_1a/timeline_step_19200.json
[2026-10-08 23:40:22] === 阶段② 完成 rc=0 ===
[2026-10-08 23:40:22] 产物：logs/phase11/p2_1a/eval_*.json, pv_best.pt, timeline_*.json；选点：logs/phase11/p2_val_probe/selection.json
[2026-10-08 23:40:22] 下一步（本地）：python -u analysis/p2_judge.py

==> /root/autodl-tmp/logs/phase11/p2_1a/run.log <==
CHAIN_OFFLINE_DONE rc=0 @ Thu Oct  8 23:40:22 CST 2026
Connection to connect.westd.seetacloud.com closed by remote host.
