path,split,orig_group,review_cat_zh,review_cat,causeless,uniform_fallen,uniform_lie_down,labels_16,frames,pred_fall,pred_fallen,pred_normal,decision
fall/fall_el_019,train,uniform_fallen,躺下动作,lie_down,True,True,False,fallen,fallen:81,,,,keep
fall/fall_el_112,val,uniform_lie_down,躺下动作,lie_down,False,False,True,lie_down,lie_down:81,,,,keep
fall/fall_el_160,val,uniform_lie_down,躺下动作,lie_down,False,False,True,lie_down,lie_down:81,,,,keep
fall/fall_mi_182,train,causeless_mixed,跌倒,fall,True,False,False,lying+stand_up+standing+other,lying:11/stand_up:26/standing:14/other:30,,,,keep
fall/fall_mi_184,train,uniform_fallen,全程保持躺着,keep_lying,True,True,False,fallen,fallen:81,,,,remove
fall/fall_te_186,train,causeless_mixed,躺着到站起来,lie_to_stand,True,False,False,fallen+stand_up+standing,fallen:10/stand_up:39/standing:32,,,,keep
fall/fall_yo_024,train,uniform_fallen,全程保持躺着,keep_lying,True,True,False,fallen,fallen:81,,,,remove
fallen/fallen_ch_012,train,uniform_fallen,全程保持躺着,keep_lying,True,True,False,fallen,fallen:81,,,,remove
fallen/fallen_ch_013,train,uniform_fallen,全程保持躺着,keep_lying,True,True,False,fallen,fallen:81,,,,remove
fallen/fallen_ch_019,train,uniform_fallen,全程保持躺着,keep_lying,True,True,False,fallen,fallen:81,,,,remove
fallen/fallen_ch_023,train,uniform_fallen,全程保持躺着,keep_lying,True,True,False,fallen,fallen:81,,,,remove
fallen/fallen_ch_027,train,uniform_fallen,全程保持躺着,keep_lying,True,True,False,fallen,fallen:81,,,,remove
fallen/fallen_ch_034,val,uniform_fallen,全程保持躺着,keep_lying,True,True,False,fallen,fallen:81,,,,remove
fallen/fallen_ch_042,train,uniform_fallen,全程保持躺着,keep_lying,True,True,False,fallen,fallen:81,,,,remove
fallen/fallen_ch_043,train,uniform_fallen,全程保持躺着,keep_lying,True,True,False,fallen,fallen:81,,,,remove
fallen/fallen_ch_052,val,uniform_fallen,全程保持躺着,keep_lying,True,True,False,fallen,fallen:81,,,,remove
fallen/fallen_ch_053,train,uniform_fallen,全程保持躺着,keep_lying,True,True,False,fallen,fallen:81,,,,remove
fallen/fallen_ch_056,train,uniform_fallen,全程保持躺着,keep_lying,True,True,False,fallen,fallen:81,,,,remove
fallen/fallen_ch_057,train,uniform_fallen,全程保持躺着,keep_lying,True,True,False,fallen,fallen:81,,,,remove
fallen/fallen_ch_067,train,uniform_fallen,全程保持躺着,keep_lying,True,True,False,fallen,fallen:81,,,,remove
fallen/fallen_ch_069,train,uniform_fallen,跌倒,fall,True,True,False,fallen,fallen:81,,,,keep
fallen/fallen_ch_073,train,uniform_fallen,全程保持躺着,keep_lying,True,True,False,fallen,fallen:81,,,,remove
fallen/fallen_ch_074,train,causeless_lying,全程保持躺着,keep_lying,True,False,False,lying,lying:81,,,,remove
fallen/fallen_ch_076,val,causeless_mixed,全程保持躺着,keep_lying,True,False,False,fallen+stand_up,fallen:54/stand_up:27,,,,remove
fallen/fallen_ch_079,train,uniform_fallen,全程保持躺着,keep_lying,True,True,False,fallen,fallen:81,,,,remove
fallen/fallen_ch_082,train,uniform_fallen,全程保持躺着,keep_lying,True,True,False,fallen,fallen:81,,,,remove
fallen/fallen_ch_092,test,uniform_fallen,全程保持躺着,keep_lying,True,True,False,fallen,fallen:81,0.0,80.0,0.0,remove
fallen/fallen_ch_096,train,uniform_fallen,全程保持躺着,keep_lying,True,True,False,fallen,fallen:81,,,,remove
fallen/fallen_ch_115,train,uniform_fallen,全程保持躺着,keep_lying,True,True,False,fallen,fallen:81,,,,remove
fallen/fallen_ch_116,test,causeless_lying,全程保持躺着,keep_lying,True,False,False,lying,lying:81,4.0,76.0,0.0,remove
fallen/fallen_ch_123,train,uniform_fallen,全程保持躺着,keep_lying,True,True,False,fallen,fallen:81,,,,remove
fallen/fallen_ch_127,train,uniform_fallen,全程保持躺着,keep_lying,True,True,False,fallen,fallen:81,,,,remove
fallen/fallen_ch_130,train,uniform_fallen,全程保持躺着,keep_lying,True,True,False,fallen,fallen:81,,,,remove
fallen/fallen_ch_133,train,causeless_mixed,全程保持躺着,keep_lying,True,False,False,lying+stand_up,lying:74/stand_up:7,,,,remove
fallen/fallen_ch_137,val,uniform_fallen,全程保持躺着,keep_lying,True,True,False,fallen,fallen:81,,,,remove
fallen/fallen_ch_143,train,uniform_fallen,全程保持躺着,keep_lying,True,True,False,fallen,fallen:81,,,,remove
fallen/fallen_ch_153,train,causeless_lying,全程保持躺着,keep_lying,True,False,False,lying,lying:81,,,,remove
fallen/fallen_ch_159,train,uniform_fallen,全程保持躺着,keep_lying,True,True,False,fallen,fallen:81,,,,remove
fallen/fallen_ch_164,train,uniform_fallen,全程保持躺着,keep_lying,True,True,False,fallen,fallen:81,,,,remove
fallen/fallen_ch_169,train,uniform_fallen,全程保持躺着,keep_lying,True,True,False,fallen,fallen:81,,,,remove
fallen/fallen_ch_184,train,uniform_fallen,全程保持躺着,keep_lying,True,True,False,fallen,fallen:81,,,,remove
fallen/fallen_ch_188,train,uniform_fallen,全程保持躺着,keep_lying,True,True,False,fallen,fallen:81,,,,remove
fallen/fallen_ch_197,train,uniform_fallen,全程保持躺着,keep_lying,True,True,False,fallen,fallen:81,,,,remove
fallen/fallen_el_017,train,causeless_lying,全程保持躺着,keep_lying,True,False,False,lying,lying:81,,,,remove
fallen/fallen_el_024,train,uniform_fallen,跌倒,fall,True,True,False,fallen,fallen:81,,,,keep
fallen/fallen_el_039,val,uniform_fallen,全程保持躺着,keep_lying,True,True,False,fallen,fallen:81,,,,remove
fallen/fallen_el_057,train,causeless_mixed,全程保持躺着,keep_lying,True,False,False,fallen+stand_up,fallen:46/stand_up:35,,,,remove
fallen/fallen_el_066,val,uniform_fallen,跌倒,fall,True,True,False,fallen,fallen:81,,,,keep
fallen/fallen_el_087,train,uniform_fallen,躺下动作,lie_down,True,True,False,fallen,fallen:81,,,,keep
fallen/fallen_el_103,val,uniform_fallen,全程保持躺着,keep_lying,True,True,False,fallen,fallen:81,,,,remove
fallen/fallen_el_109,train,uniform_fallen,全程保持躺着,keep_lying,True,True,False,fallen,fallen:81,,,,remove
fallen/fallen_el_111,train,uniform_fallen,全程保持躺着,keep_lying,True,True,False,fallen,fallen:81,,,,remove
fallen/fallen_el_117,train,uniform_fallen,跌倒,fall,True,True,False,fallen,fallen:81,,,,keep
fallen/fallen_el_135,train,uniform_fallen,全程保持躺着,keep_lying,True,True,False,fallen,fallen:81,,,,remove
fallen/fallen_el_147,train,uniform_fallen,跌倒,fall,True,True,False,fallen,fallen:81,,,,keep
fallen/fallen_el_155,train,uniform_fallen,全程保持躺着,keep_lying,True,True,False,fallen,fallen:81,,,,remove
fallen/fallen_el_171,train,uniform_fallen,全程保持躺着,keep_lying,True,True,False,fallen,fallen:81,,,,remove
fallen/fallen_el_174,train,uniform_fallen,全程保持躺着,keep_lying,True,True,False,fallen,fallen:81,,,,remove
fallen/fallen_el_180,train,uniform_fallen,躺下到坐起来,lie_down_to_sit,True,True,False,fallen,fallen:81,,,,keep
fallen/fallen_el_190,train,uniform_fallen,全程保持躺着,keep_lying,True,True,False,fallen,fallen:81,,,,remove
fallen/fallen_mi_003,train,uniform_fallen,全程保持躺着,keep_lying,True,True,False,fallen,fallen:81,,,,remove
fallen/fallen_mi_018,train,uniform_fallen,全程保持躺着,keep_lying,True,True,False,fallen,fallen:81,,,,remove
fallen/fallen_mi_027,train,uniform_fallen,全程保持躺着,keep_lying,True,True,False,fallen,fallen:81,,,,remove
fallen/fallen_mi_031,train,causeless_lying,全程保持躺着,keep_lying,True,False,False,lying,lying:81,,,,remove
fallen/fallen_mi_041,train,uniform_fallen,全程保持躺着,keep_lying,True,True,False,fallen,fallen:81,,,,remove
fallen/fallen_mi_050,train,uniform_fallen,全程保持躺着,keep_lying,True,True,False,fallen,fallen:81,,,,remove
fallen/fallen_mi_073,train,uniform_fallen,跌倒,fall,True,True,False,fallen,fallen:81,,,,keep
fallen/fallen_mi_093,train,uniform_fallen,全程保持躺着,keep_lying,True,True,False,fallen,fallen:81,,,,remove
fallen/fallen_mi_094,train,uniform_fallen,全程保持躺着,keep_lying,True,True,False,fallen,fallen:81,,,,remove
fallen/fallen_mi_104,train,uniform_fallen,全程保持躺着,keep_lying,True,True,False,fallen,fallen:81,,,,remove
fallen/fallen_mi_117,train,uniform_fallen,全程保持躺着,keep_lying,True,True,False,fallen,fallen:81,,,,remove
fallen/fallen_mi_129,train,causeless_mixed,全程保持躺着,keep_lying,True,False,False,fallen+stand_up,fallen:74/stand_up:7,,,,remove
fallen/fallen_mi_130,test,uniform_fallen,全程保持躺着,keep_lying,True,True,False,fallen,fallen:81,10.0,55.0,15.0,remove
fallen/fallen_mi_143,train,uniform_fallen,跌倒,fall,True,True,False,fallen,fallen:81,,,,keep
fallen/fallen_mi_151,train,uniform_fallen,躺下到坐起来,lie_down_to_sit,True,True,False,fallen,fallen:81,,,,keep
fallen/fallen_mi_158,train,uniform_fallen,全程保持躺着,keep_lying,True,True,False,fallen,fallen:81,,,,remove
fallen/fallen_mi_171,train,uniform_fallen,全程保持躺着,keep_lying,True,True,False,fallen,fallen:81,,,,remove
fallen/fallen_mi_186,train,uniform_fallen,全程保持躺着,keep_lying,True,True,False,fallen,fallen:81,,,,remove
fallen/fallen_mi_189,train,causeless_lying,全程保持躺着,keep_lying,True,False,False,lying,lying:81,,,,remove
fallen/fallen_mi_195,train,uniform_fallen,全程保持躺着,keep_lying,True,True,False,fallen,fallen:81,,,,remove
fallen/fallen_te_013,train,uniform_fallen,全程保持躺着,keep_lying,True,True,False,fallen,fallen:81,,,,remove
fallen/fallen_te_018,train,uniform_fallen,全程保持躺着,keep_lying,True,True,False,fallen,fallen:81,,,,remove
fallen/fallen_te_022,val,uniform_fallen,跌倒,fall,True,True,False,fallen,fallen:81,,,,keep
fallen/fallen_te_030,train,uniform_fallen,全程保持躺着,keep_lying,True,True,False,fallen,fallen:81,,,,remove
fallen/fallen_te_037,train,uniform_fallen,全程保持躺着,keep_lying,True,True,False,fallen,fallen:81,,,,remove
fallen/fallen_te_042,train,uniform_fallen,全程保持躺着,keep_lying,True,True,False,fallen,fallen:81,,,,remove
fallen/fallen_te_048,train,uniform_fallen,全程保持躺着,keep_lying,True,True,False,fallen,fallen:81,,,,remove
fallen/fallen_te_052,train,uniform_fallen,全程保持躺着,keep_lying,True,True,False,fallen,fallen:81,,,,remove
fallen/fallen_te_057,train,uniform_fallen,全程保持躺着,keep_lying,True,True,False,fallen,fallen:81,,,,remove
fallen/fallen_te_060,train,uniform_fallen,全程保持躺着,keep_lying,True,True,False,fallen,fallen:81,,,,remove
fallen/fallen_te_065,val,uniform_fallen,全程保持躺着,keep_lying,True,True,False,fallen,fallen:81,,,,remove
fallen/fallen_te_076,train,uniform_fallen,躺下动作,lie_down,True,True,False,fallen,fallen:81,,,,keep
fallen/fallen_te_078,train,uniform_fallen,全程保持躺着,keep_lying,True,True,False,fallen,fallen:81,,,,remove
fallen/fallen_te_082,train,uniform_fallen,全程保持躺着,keep_lying,True,True,False,fallen,fallen:81,,,,remove
fallen/fallen_te_084,train,uniform_fallen,全程保持躺着,keep_lying,True,True,False,fallen,fallen:81,,,,remove
fallen/fallen_te_094,train,uniform_fallen,全程保持躺着,keep_lying,True,True,False,fallen,fallen:81,,,,remove
fallen/fallen_te_095,test,uniform_fallen,全程保持躺着,keep_lying,True,True,False,fallen,fallen:81,0.0,80.0,0.0,remove
fallen/fallen_te_100,test,uniform_fallen,全程保持躺着,keep_lying,True,True,False,fallen,fallen:81,0.0,0.0,80.0,remove
fallen/fallen_te_108,train,uniform_fallen,全程保持躺着,keep_lying,True,True,False,fallen,fallen:81,,,,remove
fallen/fallen_te_112,val,causeless_mixed,跌倒,fall,True,False,False,fallen+other,fallen:60/other:21,,,,keep
fallen/fallen_te_116,train,uniform_lie_down,躺下动作,lie_down,False,False,True,lie_down,lie_down:81,,,,keep
fallen/fallen_te_126,train,uniform_fallen,全程保持躺着,keep_lying,True,True,False,fallen,fallen:81,,,,remove
fallen/fallen_te_142,train,uniform_fallen,全程保持躺着,keep_lying,True,True,False,fallen,fallen:81,,,,remove
fallen/fallen_te_153,train,uniform_fallen,全程保持躺着,keep_lying,True,True,False,fallen,fallen:81,,,,remove
fallen/fallen_te_156,train,uniform_fallen,全程保持躺着,keep_lying,True,True,False,fallen,fallen:81,,,,remove
fallen/fallen_te_174,train,uniform_fallen,全程保持躺着,keep_lying,True,True,False,fallen,fallen:81,,,,remove
fallen/fallen_te_175,train,causeless_lying,全程保持躺着,keep_lying,True,False,False,lying,lying:81,,,,remove
fallen/fallen_te_176,train,uniform_fallen,全程保持躺着,keep_lying,True,True,False,fallen,fallen:81,,,,remove
fallen/fallen_te_182,train,uniform_fallen,全程保持躺着,keep_lying,True,True,False,fallen,fallen:81,,,,remove
fallen/fallen_te_185,train,causeless_mixed,全程保持躺着,keep_lying,True,False,False,fallen+stand_up,fallen:48/stand_up:33,,,,remove
fallen/fallen_te_193,train,uniform_fallen,全程保持躺着,keep_lying,True,True,False,fallen,fallen:81,,,,remove
fallen/fallen_te_195,train,uniform_fallen,全程保持躺着,keep_lying,True,True,False,fallen,fallen:81,,,,remove
fallen/fallen_to_001,train,uniform_fallen,全程保持躺着,keep_lying,True,True,False,fallen,fallen:81,,,,remove
fallen/fallen_to_002,val,uniform_fallen,全程保持躺着,keep_lying,True,True,False,fallen,fallen:81,,,,remove
fallen/fallen_to_010,val,uniform_fallen,全程保持躺着,keep_lying,True,True,False,fallen,fallen:81,,,,remove
fallen/fallen_to_014,train,uniform_fallen,全程保持躺着,keep_lying,True,True,False,fallen,fallen:81,,,,remove
fallen/fallen_to_016,train,uniform_fallen,躺下动作,lie_down,True,True,False,fallen,fallen:81,,,,keep
fallen/fallen_to_018,train,uniform_fallen,全程保持躺着,keep_lying,True,True,False,fallen,fallen:81,,,,remove
fallen/fallen_to_022,train,causeless_mixed,全程保持躺着,keep_lying,True,False,False,fallen+stand_up,fallen:58/stand_up:23,,,,remove
fallen/fallen_to_024,train,uniform_fallen,全程保持躺着,keep_lying,True,True,False,fallen,fallen:81,,,,remove
fallen/fallen_to_025,val,uniform_fallen,全程保持躺着,keep_lying,True,True,False,fallen,fallen:81,,,,remove
fallen/fallen_to_032,train,uniform_fallen,全程保持躺着,keep_lying,True,True,False,fallen,fallen:81,,,,remove
fallen/fallen_to_036,train,uniform_fallen,全程保持躺着,keep_lying,True,True,False,fallen,fallen:81,,,,remove
fallen/fallen_to_037,train,uniform_fallen,全程保持躺着,keep_lying,True,True,False,fallen,fallen:81,,,,remove
fallen/fallen_to_040,val,uniform_fallen,全程保持躺着,keep_lying,True,True,False,fallen,fallen:81,,,,remove
fallen/fallen_to_045,train,uniform_fallen,全程保持躺着,keep_lying,True,True,False,fallen,fallen:81,,,,remove
fallen/fallen_to_046,test,uniform_fallen,全程保持躺着,keep_lying,True,True,False,fallen,fallen:81,0.0,80.0,0.0,remove
fallen/fallen_to_051,val,uniform_fallen,全程保持躺着,keep_lying,True,True,False,fallen,fallen:81,,,,remove
fallen/fallen_to_053,train,causeless_lying,全程保持躺着,keep_lying,True,False,False,lying,lying:81,,,,remove
fallen/fallen_to_058,train,uniform_fallen,全程保持躺着,keep_lying,True,True,False,fallen,fallen:81,,,,remove
fallen/fallen_to_062,train,uniform_fallen,全程保持躺着,keep_lying,True,True,False,fallen,fallen:81,,,,remove
fallen/fallen_to_070,train,uniform_fallen,全程保持躺着,keep_lying,True,True,False,fallen,fallen:81,,,,remove
fallen/fallen_to_071,train,causeless_lying,全程保持躺着,keep_lying,True,False,False,lying,lying:81,,,,remove
fallen/fallen_to_073,train,uniform_fallen,全程保持躺着,keep_lying,True,True,False,fallen,fallen:81,,,,remove
fallen/fallen_to_074,test,uniform_fallen,全程保持躺着,keep_lying,True,True,False,fallen,fallen:81,0.0,67.0,13.0,remove
fallen/fallen_to_075,train,uniform_fallen,躺下动作,lie_down,True,True,False,fallen,fallen:81,,,,keep
fallen/fallen_to_079,train,uniform_fallen,全程保持躺着,keep_lying,True,True,False,fallen,fallen:81,,,,remove
fallen/fallen_to_080,train,causeless_lying,全程保持躺着,keep_lying,True,False,False,lying,lying:81,,,,remove
fallen/fallen_to_081,train,uniform_fallen,躺下动作,lie_down,True,True,False,fallen,fallen:81,,,,keep
fallen/fallen_to_087,train,uniform_fallen,全程保持躺着,keep_lying,True,True,False,fallen,fallen:81,,,,remove
fallen/fallen_to_102,train,uniform_fallen,全程保持躺着,keep_lying,True,True,False,fallen,fallen:81,,,,remove
fallen/fallen_to_107,train,uniform_fallen,全程保持躺着,keep_lying,True,True,False,fallen,fallen:81,,,,remove
fallen/fallen_to_118,train,causeless_mixed,全程保持躺着,keep_lying,True,False,False,fallen+stand_up,fallen:58/stand_up:23,,,,remove
fallen/fallen_to_131,train,uniform_fallen,躺下动作,lie_down,True,True,False,fallen,fallen:81,,,,keep
fallen/fallen_to_138,train,uniform_fallen,跌倒,fall,True,True,False,fallen,fallen:81,,,,keep
fallen/fallen_to_155,train,uniform_fallen,全程保持躺着,keep_lying,True,True,False,fallen,fallen:81,,,,remove
fallen/fallen_to_163,train,uniform_fallen,全程保持躺着,keep_lying,True,True,False,fallen,fallen:81,,,,remove
fallen/fallen_to_167,train,uniform_fallen,全程保持躺着,keep_lying,True,True,False,fallen,fallen:81,,,,remove
fallen/fallen_to_168,test,uniform_fallen,全程保持躺着,keep_lying,True,True,False,fallen,fallen:81,22.0,50.0,8.0,remove
fallen/fallen_to_171,test,uniform_fallen,全程保持躺着,keep_lying,True,True,False,fallen,fallen:81,0.0,80.0,0.0,remove
fallen/fallen_to_175,train,uniform_fallen,全程保持躺着,keep_lying,True,True,False,fallen,fallen:81,,,,remove
fallen/fallen_to_177,train,uniform_fallen,全程保持躺着,keep_lying,True,True,False,fallen,fallen:81,,,,remove
fallen/fallen_to_181,train,uniform_fallen,全程保持躺着,keep_lying,True,True,False,fallen,fallen:81,,,,remove
fallen/fallen_to_182,train,uniform_fallen,全程保持躺着,keep_lying,True,True,False,fallen,fallen:81,,,,remove
fallen/fallen_to_188,train,causeless_lying,全程保持躺着,keep_lying,True,False,False,lying,lying:81,,,,remove
fallen/fallen_to_194,train,causeless_mixed,躺着到坐起来,lie_to_sit,True,False,False,fallen+stand_up,fallen:36/stand_up:45,,,,keep
fallen/fallen_yo_004,train,uniform_fallen,全程保持躺着,keep_lying,True,True,False,fallen,fallen:81,,,,remove
fallen/fallen_yo_006,train,uniform_fallen,全程保持躺着,keep_lying,True,True,False,fallen,fallen:81,,,,remove
fallen/fallen_yo_016,train,uniform_fallen,全程保持躺着,keep_lying,True,True,False,fallen,fallen:81,,,,remove
fallen/fallen_yo_022,train,uniform_fallen,全程保持躺着,keep_lying,True,True,False,fallen,fallen:81,,,,remove
fallen/fallen_yo_037,test,uniform_fallen,全程保持躺着,keep_lying,True,True,False,fallen,fallen:81,0.0,80.0,0.0,remove
fallen/fallen_yo_038,train,causeless_mixed,全程保持躺着,keep_lying,True,False,False,fallen+stand_up,fallen:17/stand_up:64,,,,remove
fallen/fallen_yo_048,train,uniform_fallen,全程保持躺着,keep_lying,True,True,False,fallen,fallen:81,,,,remove
fallen/fallen_yo_058,train,uniform_fallen,全程保持躺着,keep_lying,True,True,False,fallen,fallen:81,,,,remove
fallen/fallen_yo_078,train,uniform_fallen,全程保持躺着,keep_lying,True,True,False,fallen,fallen:81,,,,remove
fallen/fallen_yo_082,train,uniform_fallen,全程保持躺着,keep_lying,True,True,False,fallen,fallen:81,,,,remove
fallen/fallen_yo_087,test,uniform_fallen,全程保持躺着,keep_lying,True,True,False,fallen,fallen:81,0.0,80.0,0.0,remove
fallen/fallen_yo_109,val,uniform_fallen,全程保持躺着,keep_lying,True,True,False,fallen,fallen:81,,,,remove
fallen/fallen_yo_111,train,uniform_fallen,全程保持躺着,keep_lying,True,True,False,fallen,fallen:81,,,,remove
fallen/fallen_yo_122,train,uniform_fallen,全程保持躺着,keep_lying,True,True,False,fallen,fallen:81,,,,remove
fallen/fallen_yo_124,train,uniform_fallen,全程保持躺着,keep_lying,True,True,False,fallen,fallen:81,,,,remove
fallen/fallen_yo_146,train,uniform_fallen,全程保持躺着,keep_lying,True,True,False,fallen,fallen:81,,,,remove
fallen/fallen_yo_155,train,uniform_fallen,全程保持躺着,keep_lying,True,True,False,fallen,fallen:81,,,,remove
fallen/fallen_yo_156,train,uniform_fallen,跌倒,fall,True,True,False,fallen,fallen:81,,,,keep
fallen/fallen_yo_162,test,uniform_fallen,全程保持躺着,keep_lying,True,True,False,fallen,fallen:81,21.0,41.0,18.0,remove
fallen/fallen_yo_168,train,uniform_fallen,全程保持躺着,keep_lying,True,True,False,fallen,fallen:81,,,,remove
fallen/fallen_yo_172,train,causeless_lying,全程保持躺着,keep_lying,True,False,False,lying,lying:81,,,,remove
fallen/fallen_yo_190,train,uniform_fallen,全程保持躺着,keep_lying,True,True,False,fallen,fallen:81,,,,remove
lie_down/lie_down_ch_012,train,causeless_lying,全程保持躺着,keep_lying,True,False,False,lying,lying:81,,,,remove
lie_down/lie_down_ch_019,train,uniform_lie_down,躺下动作,lie_down,False,False,True,lie_down,lie_down:81,,,,keep
lie_down/lie_down_ch_039,train,uniform_lie_down,躺下动作,lie_down,False,False,True,lie_down,lie_down:81,,,,keep
lie_down/lie_down_ch_063,train,uniform_lie_down,躺下动作,lie_down,False,False,True,lie_down,lie_down:81,,,,keep
lie_down/lie_down_ch_066,train,uniform_lie_down,躺下动作,lie_down,False,False,True,lie_down,lie_down:81,,,,keep
lie_down/lie_down_ch_090,train,uniform_lie_down,躺下动作,lie_down,False,False,True,lie_down,lie_down:81,,,,keep
lie_down/lie_down_ch_119,train,uniform_lie_down,躺下动作,lie_down,False,False,True,lie_down,lie_down:81,,,,keep
lie_down/lie_down_ch_129,train,uniform_lie_down,躺下动作,lie_down,False,False,True,lie_down,lie_down:81,,,,keep
lie_down/lie_down_ch_141,train,uniform_lie_down,躺下动作,lie_down,False,False,True,lie_down,lie_down:81,,,,keep
lie_down/lie_down_ch_145,train,uniform_lie_down,躺下动作,lie_down,False,False,True,lie_down,lie_down:81,,,,keep
lie_down/lie_down_ch_148,test,uniform_lie_down,躺下动作,lie_down,False,False,True,lie_down,lie_down:81,0.0,0.0,80.0,keep
lie_down/lie_down_ch_154,train,causeless_lying,全程保持躺着,keep_lying,True,False,False,lying,lying:81,,,,remove
lie_down/lie_down_ch_155,train,uniform_lie_down,躺下动作,lie_down,False,False,True,lie_down,lie_down:81,,,,keep
lie_down/lie_down_ch_170,train,uniform_lie_down,躺下动作,lie_down,False,False,True,lie_down,lie_down:81,,,,keep
lie_down/lie_down_ch_190,val,causeless_lying,全程保持躺着,keep_lying,True,False,False,lying,lying:81,,,,remove
lie_down/lie_down_ch_198,train,uniform_lie_down,躺下动作,lie_down,False,False,True,lie_down,lie_down:81,,,,keep
lie_down/lie_down_ch_199,train,uniform_lie_down,躺下动作,lie_down,False,False,True,lie_down,lie_down:81,,,,keep
lie_down/lie_down_el_006,train,uniform_lie_down,躺下动作,lie_down,False,False,True,lie_down,lie_down:81,,,,keep
lie_down/lie_down_el_012,train,uniform_lie_down,躺下动作,lie_down,False,False,True,lie_down,lie_down:81,,,,keep
lie_down/lie_down_el_013,train,uniform_lie_down,躺下动作,lie_down,False,False,True,lie_down,lie_down:81,,,,keep
lie_down/lie_down_el_018,train,uniform_lie_down,躺下动作,lie_down,False,False,True,lie_down,lie_down:81,,,,keep
lie_down/lie_down_el_020,train,uniform_lie_down,躺下动作,lie_down,False,False,True,lie_down,lie_down:81,,,,keep
lie_down/lie_down_el_023,train,uniform_lie_down,躺下动作,lie_down,False,False,True,lie_down,lie_down:81,,,,keep
lie_down/lie_down_el_026,train,uniform_lie_down,躺下动作,lie_down,False,False,True,lie_down,lie_down:81,,,,keep
lie_down/lie_down_el_029,train,uniform_lie_down,躺下动作,lie_down,False,False,True,lie_down,lie_down:81,,,,keep
lie_down/lie_down_el_037,train,uniform_lie_down,躺下动作,lie_down,False,False,True,lie_down,lie_down:81,,,,keep
lie_down/lie_down_el_044,train,uniform_lie_down,躺下动作,lie_down,False,False,True,lie_down,lie_down:81,,,,keep
lie_down/lie_down_el_047,test,uniform_lie_down,躺下动作,lie_down,False,False,True,lie_down,lie_down:81,32.0,47.0,1.0,keep
lie_down/lie_down_el_049,train,uniform_lie_down,躺下动作,lie_down,False,False,True,lie_down,lie_down:81,,,,keep
lie_down/lie_down_el_067,train,uniform_lie_down,躺下动作,lie_down,False,False,True,lie_down,lie_down:81,,,,keep
lie_down/lie_down_el_068,train,uniform_lie_down,躺下动作,lie_down,False,False,True,lie_down,lie_down:81,,,,keep
lie_down/lie_down_el_070,train,uniform_lie_down,躺下动作,lie_down,False,False,True,lie_down,lie_down:81,,,,keep
lie_down/lie_down_el_071,train,uniform_lie_down,躺下动作,lie_down,False,False,True,lie_down,lie_down:81,,,,keep
lie_down/lie_down_el_076,train,uniform_lie_down,躺下动作,lie_down,False,False,True,lie_down,lie_down:81,,,,keep
lie_down/lie_down_el_088,train,uniform_lie_down,躺下动作,lie_down,False,False,True,lie_down,lie_down:81,,,,keep
lie_down/lie_down_el_090,train,uniform_lie_down,躺下动作,lie_down,False,False,True,lie_down,lie_down:81,,,,keep
lie_down/lie_down_el_091,train,uniform_lie_down,躺下动作,lie_down,False,False,True,lie_down,lie_down:81,,,,keep
lie_down/lie_down_el_093,train,uniform_lie_down,躺下动作,lie_down,False,False,True,lie_down,lie_down:81,,,,keep
lie_down/lie_down_el_094,train,uniform_lie_down,躺下动作,lie_down,False,False,True,lie_down,lie_down:81,,,,keep
lie_down/lie_down_el_095,train,uniform_lie_down,躺下动作,lie_down,False,False,True,lie_down,lie_down:81,,,,keep
lie_down/lie_down_el_100,train,uniform_lie_down,躺下动作,lie_down,False,False,True,lie_down,lie_down:81,,,,keep
lie_down/lie_down_el_117,train,uniform_lie_down,躺下动作,lie_down,False,False,True,lie_down,lie_down:81,,,,keep
lie_down/lie_down_el_120,train,uniform_lie_down,躺下动作,lie_down,False,False,True,lie_down,lie_down:81,,,,keep
lie_down/lie_down_el_124,train,uniform_lie_down,躺下动作,lie_down,False,False,True,lie_down,lie_down:81,,,,keep
lie_down/lie_down_el_129,train,causeless_lying,全程保持躺着,keep_lying,True,False,False,lying,lying:81,,,,remove
lie_down/lie_down_el_130,train,uniform_lie_down,躺下动作,lie_down,False,False,True,lie_down,lie_down:81,,,,keep
lie_down/lie_down_el_138,train,uniform_lie_down,躺下动作,lie_down,False,False,True,lie_down,lie_down:81,,,,keep
lie_down/lie_down_el_156,train,uniform_lie_down,躺下动作,lie_down,False,False,True,lie_down,lie_down:81,,,,keep
lie_down/lie_down_el_158,train,uniform_lie_down,躺下动作,lie_down,False,False,True,lie_down,lie_down:81,,,,keep
lie_down/lie_down_el_160,train,uniform_lie_down,躺下动作,lie_down,False,False,True,lie_down,lie_down:81,,,,keep
lie_down/lie_down_el_161,train,uniform_lie_down,躺下动作,lie_down,False,False,True,lie_down,lie_down:81,,,,keep
lie_down/lie_down_el_170,train,uniform_lie_down,躺下动作,lie_down,False,False,True,lie_down,lie_down:81,,,,keep
lie_down/lie_down_el_171,train,uniform_lie_down,躺下动作,lie_down,False,False,True,lie_down,lie_down:81,,,,keep
lie_down/lie_down_el_172,train,uniform_lie_down,躺下动作,lie_down,False,False,True,lie_down,lie_down:81,,,,keep
lie_down/lie_down_el_173,train,uniform_lie_down,躺下动作,lie_down,False,False,True,lie_down,lie_down:81,,,,keep
lie_down/lie_down_el_174,train,uniform_lie_down,躺下动作,lie_down,False,False,True,lie_down,lie_down:81,,,,keep
lie_down/lie_down_el_175,train,causeless_lying,全程保持躺着,keep_lying,True,False,False,lying,lying:81,,,,remove
lie_down/lie_down_el_177,train,uniform_lie_down,躺下动作,lie_down,False,False,True,lie_down,lie_down:81,,,,keep
lie_down/lie_down_el_181,test,uniform_lie_down,躺下动作,lie_down,False,False,True,lie_down,lie_down:81,0.0,0.0,80.0,keep
lie_down/lie_down_el_185,train,uniform_lie_down,躺下动作,lie_down,False,False,True,lie_down,lie_down:81,,,,keep
lie_down/lie_down_el_190,train,uniform_lie_down,躺下动作,lie_down,False,False,True,lie_down,lie_down:81,,,,keep
lie_down/lie_down_el_195,train,uniform_lie_down,躺下动作,lie_down,False,False,True,lie_down,lie_down:81,,,,keep
lie_down/lie_down_el_198,train,uniform_lie_down,躺下动作,lie_down,False,False,True,lie_down,lie_down:81,,,,keep
lie_down/lie_down_el_200,train,uniform_lie_down,躺下动作,lie_down,False,False,True,lie_down,lie_down:81,,,,keep
lie_down/lie_down_mi_007,train,uniform_lie_down,躺下动作,lie_down,False,False,True,lie_down,lie_down:81,,,,keep
lie_down/lie_down_mi_013,train,uniform_lie_down,躺下动作,lie_down,False,False,True,lie_down,lie_down:81,,,,keep
lie_down/lie_down_mi_014,train,uniform_lie_down,躺下动作,lie_down,False,False,True,lie_down,lie_down:81,,,,keep
lie_down/lie_down_mi_019,train,uniform_lie_down,躺下动作,lie_down,False,False,True,lie_down,lie_down:81,,,,keep
lie_down/lie_down_mi_022,train,uniform_lie_down,躺下动作,lie_down,False,False,True,lie_down,lie_down:81,,,,keep
lie_down/lie_down_mi_029,val,uniform_lie_down,躺下动作,lie_down,False,False,True,lie_down,lie_down:81,,,,keep
lie_down/lie_down_mi_034,train,causeless_lying,全程保持躺着,keep_lying,True,False,False,lying,lying:81,,,,remove
lie_down/lie_down_mi_037,train,uniform_lie_down,躺下动作,lie_down,False,False,True,lie_down,lie_down:81,,,,keep
lie_down/lie_down_mi_038,val,uniform_lie_down,躺下动作,lie_down,False,False,True,lie_down,lie_down:81,,,,keep
lie_down/lie_down_mi_044,train,uniform_lie_down,躺下动作,lie_down,False,False,True,lie_down,lie_down:81,,,,keep
lie_down/lie_down_mi_088,train,uniform_lie_down,躺下动作,lie_down,False,False,True,lie_down,lie_down:81,,,,keep
lie_down/lie_down_mi_099,train,uniform_lie_down,躺下动作,lie_down,False,False,True,lie_down,lie_down:81,,,,keep
lie_down/lie_down_mi_104,train,uniform_lie_down,躺下动作,lie_down,False,False,True,lie_down,lie_down:81,,,,keep
lie_down/lie_down_mi_106,train,uniform_lie_down,躺下动作,lie_down,False,False,True,lie_down,lie_down:81,,,,keep
lie_down/lie_down_mi_130,train,uniform_lie_down,躺下动作,lie_down,False,False,True,lie_down,lie_down:81,,,,keep
lie_down/lie_down_mi_132,train,uniform_lie_down,躺下动作,lie_down,False,False,True,lie_down,lie_down:81,,,,keep
lie_down/lie_down_mi_133,train,uniform_lie_down,躺下动作,lie_down,False,False,True,lie_down,lie_down:81,,,,keep
lie_down/lie_down_mi_146,train,uniform_lie_down,躺下动作,lie_down,False,False,True,lie_down,lie_down:81,,,,keep
lie_down/lie_down_mi_160,train,uniform_lie_down,躺下动作,lie_down,False,False,True,lie_down,lie_down:81,,,,keep
lie_down/lie_down_mi_162,train,uniform_lie_down,躺下动作,lie_down,False,False,True,lie_down,lie_down:81,,,,keep
lie_down/lie_down_mi_170,train,uniform_lie_down,躺下动作,lie_down,False,False,True,lie_down,lie_down:81,,,,keep
lie_down/lie_down_mi_171,train,uniform_lie_down,躺下动作,lie_down,False,False,True,lie_down,lie_down:81,,,,keep
lie_down/lie_down_mi_172,train,uniform_lie_down,躺下动作,lie_down,False,False,True,lie_down,lie_down:81,,,,keep
lie_down/lie_down_mi_173,val,uniform_lie_down,躺下动作,lie_down,False,False,True,lie_down,lie_down:81,,,,keep
lie_down/lie_down_mi_175,train,uniform_lie_down,躺下动作,lie_down,False,False,True,lie_down,lie_down:81,,,,keep
lie_down/lie_down_mi_188,train,uniform_lie_down,躺下动作,lie_down,False,False,True,lie_down,lie_down:81,,,,keep
lie_down/lie_down_mi_193,train,uniform_lie_down,躺下动作,lie_down,False,False,True,lie_down,lie_down:81,,,,keep
lie_down/lie_down_mi_197,train,uniform_lie_down,躺下动作,lie_down,False,False,True,lie_down,lie_down:81,,,,keep
lie_down/lie_down_te_004,train,uniform_lie_down,躺下动作,lie_down,False,False,True,lie_down,lie_down:81,,,,keep
lie_down/lie_down_te_005,train,uniform_lie_down,躺下动作,lie_down,False,False,True,lie_down,lie_down:81,,,,keep
lie_down/lie_down_te_006,train,uniform_lie_down,躺下动作,lie_down,False,False,True,lie_down,lie_down:81,,,,keep
lie_down/lie_down_te_011,train,uniform_lie_down,躺下动作,lie_down,False,False,True,lie_down,lie_down:81,,,,keep
lie_down/lie_down_te_017,train,uniform_lie_down,躺下动作,lie_down,False,False,True,lie_down,lie_down:81,,,,keep
lie_down/lie_down_te_036,train,uniform_lie_down,躺下动作,lie_down,False,False,True,lie_down,lie_down:81,,,,keep
lie_down/lie_down_te_046,train,uniform_lie_down,躺下动作,lie_down,False,False,True,lie_down,lie_down:81,,,,keep
lie_down/lie_down_te_050,train,uniform_lie_down,躺下动作,lie_down,False,False,True,lie_down,lie_down:81,,,,keep
lie_down/lie_down_te_054,train,uniform_lie_down,躺下动作,lie_down,False,False,True,lie_down,lie_down:81,,,,keep
lie_down/lie_down_te_058,train,uniform_lie_down,躺下动作,lie_down,False,False,True,lie_down,lie_down:81,,,,keep
lie_down/lie_down_te_064,train,uniform_lie_down,躺下动作,lie_down,False,False,True,lie_down,lie_down:81,,,,keep
lie_down/lie_down_te_079,train,uniform_lie_down,躺下动作,lie_down,False,False,True,lie_down,lie_down:81,,,,keep
lie_down/lie_down_te_084,train,causeless_lying,全程保持躺着,keep_lying,True,False,False,lying,lying:81,,,,remove
lie_down/lie_down_te_092,train,uniform_lie_down,躺下动作,lie_down,False,False,True,lie_down,lie_down:81,,,,keep
lie_down/lie_down_te_115,test,uniform_lie_down,躺下动作,lie_down,False,False,True,lie_down,lie_down:81,0.0,0.0,80.0,keep
lie_down/lie_down_te_135,train,uniform_lie_down,躺下动作,lie_down,False,False,True,lie_down,lie_down:81,,,,keep
lie_down/lie_down_te_153,train,uniform_lie_down,躺下动作,lie_down,False,False,True,lie_down,lie_down:81,,,,keep
lie_down/lie_down_te_163,train,uniform_lie_down,躺下动作,lie_down,False,False,True,lie_down,lie_down:81,,,,keep
lie_down/lie_down_te_166,train,uniform_lie_down,躺下动作,lie_down,False,False,True,lie_down,lie_down:81,,,,keep
lie_down/lie_down_te_168,train,uniform_lie_down,躺下动作,lie_down,False,False,True,lie_down,lie_down:81,,,,keep
lie_down/lie_down_te_169,train,uniform_lie_down,躺下动作,lie_down,False,False,True,lie_down,lie_down:81,,,,keep
lie_down/lie_down_te_170,train,uniform_lie_down,躺下动作,lie_down,False,False,True,lie_down,lie_down:81,,,,keep
lie_down/lie_down_te_173,train,uniform_lie_down,躺下动作,lie_down,False,False,True,lie_down,lie_down:81,,,,keep
lie_down/lie_down_te_178,train,uniform_lie_down,躺下动作,lie_down,False,False,True,lie_down,lie_down:81,,,,keep
lie_down/lie_down_te_183,train,uniform_lie_down,躺下动作,lie_down,False,False,True,lie_down,lie_down:81,,,,keep
lie_down/lie_down_te_187,train,uniform_lie_down,躺下动作,lie_down,False,False,True,lie_down,lie_down:81,,,,keep
lie_down/lie_down_to_009,train,uniform_lie_down,躺下动作,lie_down,False,False,True,lie_down,lie_down:81,,,,keep
lie_down/lie_down_to_020,train,causeless_lying,全程保持躺着,keep_lying,True,False,False,lying,lying:81,,,,remove
lie_down/lie_down_to_041,train,uniform_lie_down,躺下动作,lie_down,False,False,True,lie_down,lie_down:81,,,,keep
lie_down/lie_down_to_048,train,uniform_lie_down,躺下动作,lie_down,False,False,True,lie_down,lie_down:81,,,,keep
lie_down/lie_down_to_051,train,uniform_lie_down,躺下动作,lie_down,False,False,True,lie_down,lie_down:81,,,,keep
lie_down/lie_down_to_059,test,uniform_lie_down,躺下动作,lie_down,False,False,True,lie_down,lie_down:81,0.0,0.0,80.0,keep
lie_down/lie_down_to_086,train,causeless_lying,躺下动作,lie_down,True,False,False,lying,lying:81,,,,keep
lie_down/lie_down_to_089,train,causeless_lying,全程保持躺着,keep_lying,True,False,False,lying,lying:81,,,,remove
lie_down/lie_down_to_099,train,causeless_lying,全程保持躺着,keep_lying,True,False,False,lying,lying:81,,,,remove
lie_down/lie_down_to_123,train,uniform_lie_down,躺下动作,lie_down,False,False,True,lie_down,lie_down:81,,,,keep
lie_down/lie_down_to_128,train,causeless_lying,躺下动作,lie_down,True,False,False,lying,lying:81,,,,keep
lie_down/lie_down_to_137,train,uniform_lie_down,躺下动作,lie_down,False,False,True,lie_down,lie_down:81,,,,keep
lie_down/lie_down_to_156,train,causeless_lying,全程保持躺着,keep_lying,True,False,False,lying,lying:81,,,,remove
lie_down/lie_down_to_161,train,uniform_lie_down,躺下动作,lie_down,False,False,True,lie_down,lie_down:81,,,,keep
lie_down/lie_down_to_164,train,uniform_lie_down,躺下动作,lie_down,False,False,True,lie_down,lie_down:81,,,,keep
lie_down/lie_down_to_183,train,uniform_lie_down,躺下动作,lie_down,False,False,True,lie_down,lie_down:81,,,,keep
lie_down/lie_down_to_194,train,causeless_lying,全程保持躺着,keep_lying,True,False,False,lying,lying:81,,,,remove
lie_down/lie_down_yo_009,train,uniform_lie_down,躺下动作,lie_down,False,False,True,lie_down,lie_down:81,,,,keep
lie_down/lie_down_yo_012,train,uniform_lie_down,躺下动作,lie_down,False,False,True,lie_down,lie_down:81,,,,keep
lie_down/lie_down_yo_018,train,uniform_lie_down,躺下动作,lie_down,False,False,True,lie_down,lie_down:81,,,,keep
lie_down/lie_down_yo_028,train,uniform_lie_down,躺下动作,lie_down,False,False,True,lie_down,lie_down:81,,,,keep
lie_down/lie_down_yo_033,test,uniform_lie_down,躺下动作,lie_down,False,False,True,lie_down,lie_down:81,0.0,0.0,80.0,keep
lie_down/lie_down_yo_035,train,uniform_lie_down,躺下动作,lie_down,False,False,True,lie_down,lie_down:81,,,,keep
lie_down/lie_down_yo_041,train,uniform_lie_down,躺下动作,lie_down,False,False,True,lie_down,lie_down:81,,,,keep
lie_down/lie_down_yo_051,test,uniform_lie_down,躺下动作,lie_down,False,False,True,lie_down,lie_down:81,0.0,0.0,80.0,keep
lie_down/lie_down_yo_060,train,uniform_lie_down,躺下动作,lie_down,False,False,True,lie_down,lie_down:81,,,,keep
lie_down/lie_down_yo_066,train,causeless_lying,全程保持躺着,keep_lying,True,False,False,lying,lying:81,,,,remove
lie_down/lie_down_yo_083,train,uniform_lie_down,躺下动作,lie_down,False,False,True,lie_down,lie_down:81,,,,keep
lie_down/lie_down_yo_096,train,uniform_lie_down,躺下动作,lie_down,False,False,True,lie_down,lie_down:81,,,,keep
lie_down/lie_down_yo_099,train,uniform_lie_down,躺下动作,lie_down,False,False,True,lie_down,lie_down:81,,,,keep
lie_down/lie_down_yo_108,train,uniform_lie_down,躺下动作,lie_down,False,False,True,lie_down,lie_down:81,,,,keep
lie_down/lie_down_yo_136,train,uniform_lie_down,躺下动作,lie_down,False,False,True,lie_down,lie_down:81,,,,keep
lie_down/lie_down_yo_139,val,uniform_lie_down,躺下动作,lie_down,False,False,True,lie_down,lie_down:81,,,,keep
lie_down/lie_down_yo_147,train,uniform_lie_down,躺下动作,lie_down,False,False,True,lie_down,lie_down:81,,,,keep
lie_down/lie_down_yo_148,train,causeless_lying,全程保持躺着,keep_lying,True,False,False,lying,lying:81,,,,remove
lie_down/lie_down_yo_150,train,uniform_lie_down,躺下动作,lie_down,False,False,True,lie_down,lie_down:81,,,,keep
lie_down/lie_down_yo_177,train,uniform_lie_down,躺下动作,lie_down,False,False,True,lie_down,lie_down:81,,,,keep
lie_down/lie_down_yo_182,train,uniform_lie_down,躺下动作,lie_down,False,False,True,lie_down,lie_down:81,,,,keep
lie_down/lie_down_yo_187,train,uniform_lie_down,躺下动作,lie_down,False,False,True,lie_down,lie_down:81,,,,keep
lie_down/lie_down_yo_194,test,uniform_lie_down,躺下动作,lie_down,False,False,True,lie_down,lie_down:81,1.0,19.0,60.0,keep
lie_down/lie_down_yo_198,train,uniform_lie_down,躺下动作,lie_down,False,False,True,lie_down,lie_down:81,,,,keep
lie_down/lie_down_yo_199,test,uniform_lie_down,躺下动作,lie_down,False,False,True,lie_down,lie_down:81,0.0,0.0,80.0,keep
lie_down/lie_down_yo_200,train,uniform_lie_down,躺下动作,lie_down,False,False,True,lie_down,lie_down:81,,,,keep
lying/lying_ch_001,train,causeless_lying,全程保持躺着,keep_lying,True,False,False,lying,lying:81,,,,remove
lying/lying_ch_002,train,causeless_lying,全程保持躺着,keep_lying,True,False,False,lying,lying:81,,,,remove
lying/lying_ch_003,train,causeless_lying,全程保持躺着,keep_lying,True,False,False,lying,lying:81,,,,remove
lying/lying_ch_004,train,causeless_lying,全程保持躺着,keep_lying,True,False,False,lying,lying:81,,,,remove
lying/lying_ch_005,train,causeless_lying,全程保持躺着,keep_lying,True,False,False,lying,lying:81,,,,remove
lying/lying_ch_006,train,causeless_lying,全程保持躺着,keep_lying,True,False,False,lying,lying:81,,,,remove
lying/lying_ch_007,train,causeless_lying,全程保持躺着,keep_lying,True,False,False,lying,lying:81,,,,remove
lying/lying_ch_008,train,causeless_lying,全程保持躺着,keep_lying,True,False,False,lying,lying:81,,,,remove
lying/lying_ch_009,test,causeless_lying,全程保持躺着,keep_lying,True,False,False,lying,lying:81,0.0,0.0,80.0,remove
lying/lying_ch_010,train,causeless_lying,全程保持躺着,keep_lying,True,False,False,lying,lying:81,,,,remove
lying/lying_ch_011,train,causeless_lying,全程保持躺着,keep_lying,True,False,False,lying,lying:81,,,,remove
lying/lying_ch_012,test,causeless_lying,全程保持躺着,keep_lying,True,False,False,lying,lying:81,0.0,80.0,0.0,remove
lying/lying_ch_013,val,causeless_lying,全程保持躺着,keep_lying,True,False,False,lying,lying:81,,,,remove
lying/lying_ch_014,test,causeless_lying,全程保持躺着,keep_lying,True,False,False,lying,lying:81,0.0,0.0,80.0,remove
lying/lying_ch_015,train,causeless_lying,全程保持躺着,keep_lying,True,False,False,lying,lying:81,,,,remove
lying/lying_ch_016,train,causeless_lying,全程保持躺着,keep_lying,True,False,False,lying,lying:81,,,,remove
lying/lying_ch_017,train,causeless_lying,全程保持躺着,keep_lying,True,False,False,lying,lying:81,,,,remove
lying/lying_ch_018,train,causeless_lying,全程保持躺着,keep_lying,True,False,False,lying,lying:81,,,,remove
lying/lying_ch_019,train,causeless_lying,全程保持躺着,keep_lying,True,False,False,lying,lying:81,,,,remove
lying/lying_ch_020,train,causeless_lying,全程保持躺着,keep_lying,True,False,False,lying,lying:81,,,,remove
lying/lying_ch_021,train,causeless_lying,全程保持躺着,keep_lying,True,False,False,lying,lying:81,,,,remove
lying/lying_ch_022,train,causeless_lying,全程保持躺着,keep_lying,True,False,False,lying,lying:81,,,,remove
lying/lying_ch_023,train,causeless_lying,全程保持躺着,keep_lying,True,False,False,lying,lying:81,,,,remove
lying/lying_ch_024,train,causeless_lying,全程保持躺着,keep_lying,True,False,False,lying,lying:81,,,,remove
lying/lying_ch_025,train,causeless_lying,全程保持躺着,keep_lying,True,False,False,lying,lying:81,,,,remove
lying/lying_ch_026,train,causeless_lying,全程保持躺着,keep_lying,True,False,False,lying,lying:81,,,,remove
lying/lying_ch_027,val,causeless_lying,全程保持躺着,keep_lying,True,False,False,lying,lying:81,,,,remove
lying/lying_ch_028,train,causeless_lying,全程保持躺着,keep_lying,True,False,False,lying,lying:81,,,,remove
lying/lying_ch_029,train,causeless_lying,全程保持躺着,keep_lying,True,False,False,lying,lying:81,,,,remove
lying/lying_ch_030,val,causeless_lying,全程保持躺着,keep_lying,True,False,False,lying,lying:81,,,,remove
lying/lying_ch_031,test,causeless_lying,全程保持躺着,keep_lying,True,False,False,lying,lying:81,0.0,0.0,80.0,remove
lying/lying_ch_032,train,causeless_lying,全程保持躺着,keep_lying,True,False,False,lying,lying:81,,,,remove
lying/lying_ch_033,train,causeless_lying,全程保持躺着,keep_lying,True,False,False,lying,lying:81,,,,remove
lying/lying_ch_034,train,causeless_lying,全程保持躺着,keep_lying,True,False,False,lying,lying:81,,,,remove
lying/lying_ch_035,train,causeless_lying,全程保持躺着,keep_lying,True,False,False,lying,lying:81,,,,remove
lying/lying_ch_036,train,causeless_lying,全程保持躺着,keep_lying,True,False,False,lying,lying:81,,,,remove
lying/lying_ch_037,train,causeless_lying,全程保持躺着,keep_lying,True,False,False,lying,lying:81,,,,remove
lying/lying_ch_038,val,causeless_lying,全程保持躺着,keep_lying,True,False,False,lying,lying:81,,,,remove
lying/lying_ch_039,train,causeless_lying,全程保持躺着,keep_lying,True,False,False,lying,lying:81,,,,remove
lying/lying_ch_040,train,causeless_lying,全程保持躺着,keep_lying,True,False,False,lying,lying:81,,,,remove
lying/lying_ch_041,train,causeless_lying,全程保持躺着,keep_lying,True,False,False,lying,lying:81,,,,remove
lying/lying_ch_042,train,causeless_lying,全程保持躺着,keep_lying,True,False,False,lying,lying:81,,,,remove
lying/lying_ch_043,train,causeless_lying,全程保持躺着,keep_lying,True,False,False,lying,lying:81,,,,remove
lying/lying_ch_044,train,causeless_lying,全程保持躺着,keep_lying,True,False,False,lying,lying:81,,,,remove
lying/lying_ch_045,test,causeless_lying,全程保持躺着,keep_lying,True,False,False,lying,lying:81,0.0,0.0,80.0,remove
lying/lying_ch_046,train,causeless_lying,全程保持躺着,keep_lying,True,False,False,lying,lying:81,,,,remove
lying/lying_ch_047,train,causeless_lying,全程保持躺着,keep_lying,True,False,False,lying,lying:81,,,,remove
lying/lying_ch_048,train,causeless_lying,全程保持躺着,keep_lying,True,False,False,lying,lying:81,,,,remove
lying/lying_ch_049,train,causeless_lying,全程保持躺着,keep_lying,True,False,False,lying,lying:81,,,,remove
lying/lying_ch_050,train,causeless_lying,全程保持躺着,keep_lying,True,False,False,lying,lying:81,,,,remove
lying/lying_ch_051,train,causeless_lying,全程保持躺着,keep_lying,True,False,False,lying,lying:81,,,,remove
lying/lying_ch_052,train,causeless_lying,全程保持躺着,keep_lying,True,False,False,lying,lying:81,,,,remove
lying/lying_ch_053,test,causeless_lying,全程保持躺着,keep_lying,True,False,False,lying,lying:81,0.0,0.0,80.0,remove
lying/lying_ch_054,train,causeless_lying,全程保持躺着,keep_lying,True,False,False,lying,lying:81,,,,remove
lying/lying_ch_055,train,causeless_lying,全程保持躺着,keep_lying,True,False,False,lying,lying:81,,,,remove
lying/lying_ch_056,train,causeless_lying,全程保持躺着,keep_lying,True,False,False,lying,lying:81,,,,remove
lying/lying_ch_057,train,causeless_lying,全程保持躺着,keep_lying,True,False,False,lying,lying:81,,,,remove
lying/lying_ch_058,test,causeless_lying,全程保持躺着,keep_lying,True,False,False,lying,lying:81,0.0,0.0,80.0,remove
lying/lying_ch_059,train,causeless_lying,全程保持躺着,keep_lying,True,False,False,lying,lying:81,,,,remove
lying/lying_ch_060,train,causeless_lying,全程保持躺着,keep_lying,True,False,False,lying,lying:81,,,,remove
lying/lying_ch_061,train,causeless_lying,全程保持躺着,keep_lying,True,False,False,lying,lying:81,,,,remove
lying/lying_ch_062,train,causeless_lying,全程保持躺着,keep_lying,True,False,False,lying,lying:81,,,,remove
lying/lying_ch_063,train,causeless_lying,全程保持躺着,keep_lying,True,False,False,lying,lying:81,,,,remove
lying/lying_ch_064,train,causeless_lying,全程保持躺着,keep_lying,True,False,False,lying,lying:81,,,,remove
lying/lying_ch_065,train,causeless_lying,全程保持躺着,keep_lying,True,False,False,lying,lying:81,,,,remove
lying/lying_ch_066,train,causeless_lying,全程保持躺着,keep_lying,True,False,False,lying,lying:81,,,,remove
lying/lying_ch_067,train,causeless_lying,全程保持躺着,keep_lying,True,False,False,lying,lying:81,,,,remove
lying/lying_ch_068,train,causeless_lying,全程保持躺着,keep_lying,True,False,False,lying,lying:81,,,,remove
lying/lying_ch_069,train,causeless_lying,全程保持躺着,keep_lying,True,False,False,lying,lying:81,,,,remove
lying/lying_ch_070,train,causeless_lying,全程保持躺着,keep_lying,True,False,False,lying,lying:81,,,,remove
lying/lying_ch_071,train,causeless_lying,全程保持躺着,keep_lying,True,False,False,lying,lying:81,,,,remove
lying/lying_ch_072,train,causeless_lying,全程保持躺着,keep_lying,True,False,False,lying,lying:81,,,,remove
lying/lying_ch_073,train,causeless_lying,全程保持躺着,keep_lying,True,False,False,lying,lying:81,,,,remove
lying/lying_ch_074,test,causeless_lying,全程保持躺着,keep_lying,True,False,False,lying,lying:81,0.0,0.0,80.0,remove
lying/lying_ch_075,val,causeless_lying,全程保持躺着,keep_lying,True,False,False,lying,lying:81,,,,remove
lying/lying_ch_076,train,causeless_lying,全程保持躺着,keep_lying,True,False,False,lying,lying:81,,,,remove
lying/lying_ch_077,train,causeless_lying,全程保持躺着,keep_lying,True,False,False,lying,lying:81,,,,remove
lying/lying_ch_078,train,causeless_lying,全程保持躺着,keep_lying,True,False,False,lying,lying:81,,,,remove
lying/lying_ch_079,val,causeless_lying,全程保持躺着,keep_lying,True,False,False,lying,lying:81,,,,remove
lying/lying_ch_080,train,causeless_lying,全程保持躺着,keep_lying,True,False,False,lying,lying:81,,,,remove
lying/lying_ch_081,test,causeless_lying,全程保持躺着,keep_lying,True,False,False,lying,lying:81,0.0,0.0,80.0,remove
lying/lying_ch_082,test,causeless_lying,全程保持躺着,keep_lying,True,False,False,lying,lying:81,0.0,0.0,80.0,remove
lying/lying_ch_083,train,causeless_lying,全程保持躺着,keep_lying,True,False,False,lying,lying:81,,,,remove
lying/lying_ch_084,test,causeless_lying,全程保持躺着,keep_lying,True,False,False,lying,lying:81,17.0,0.0,63.0,remove
lying/lying_ch_085,val,causeless_lying,全程保持躺着,keep_lying,True,False,False,lying,lying:81,,,,remove
lying/lying_ch_086,train,causeless_lying,全程保持躺着,keep_lying,True,False,False,lying,lying:81,,,,remove
lying/lying_ch_087,train,causeless_lying,全程保持躺着,keep_lying,True,False,False,lying,lying:81,,,,remove
lying/lying_ch_088,train,causeless_lying,全程保持躺着,keep_lying,True,False,False,lying,lying:81,,,,remove
lying/lying_ch_089,train,causeless_lying,全程保持躺着,keep_lying,True,False,False,lying,lying:81,,,,remove
lying/lying_ch_090,train,causeless_lying,全程保持躺着,keep_lying,True,False,False,lying,lying:81,,,,remove
lying/lying_ch_091,train,causeless_lying,全程保持躺着,keep_lying,True,False,False,lying,lying:81,,,,remove
lying/lying_ch_092,train,causeless_lying,全程保持躺着,keep_lying,True,False,False,lying,lying:81,,,,remove
lying/lying_ch_093,train,causeless_lying,全程保持躺着,keep_lying,True,False,False,lying,lying:81,,,,remove
lying/lying_ch_094,train,causeless_lying,全程保持躺着,keep_lying,True,False,False,lying,lying:81,,,,remove
lying/lying_ch_095,val,causeless_lying,全程保持躺着,keep_lying,True,False,False,lying,lying:81,,,,remove
lying/lying_ch_096,train,causeless_lying,全程保持躺着,keep_lying,True,False,False,lying,lying:81,,,,remove
lying/lying_ch_097,val,causeless_lying,全程保持躺着,keep_lying,True,False,False,lying,lying:81,,,,remove
lying/lying_ch_098,test,causeless_lying,全程保持躺着,keep_lying,True,False,False,lying,lying:81,0.0,0.0,80.0,remove
lying/lying_ch_099,train,causeless_lying,全程保持躺着,keep_lying,True,False,False,lying,lying:81,,,,remove
lying/lying_ch_100,train,causeless_lying,全程保持躺着,keep_lying,True,False,False,lying,lying:81,,,,remove
lying/lying_ch_101,train,causeless_lying,全程保持躺着,keep_lying,True,False,False,lying,lying:81,,,,remove
lying/lying_ch_102,train,causeless_lying,全程保持躺着,keep_lying,True,False,False,lying,lying:81,,,,remove
lying/lying_ch_103,train,causeless_lying,全程保持躺着,keep_lying,True,False,False,lying,lying:81,,,,remove
lying/lying_ch_104,train,causeless_lying,全程保持躺着,keep_lying,True,False,False,lying,lying:81,,,,remove
lying/lying_ch_105,train,causeless_lying,全程保持躺着,keep_lying,True,False,False,lying,lying:81,,,,remove
lying/lying_ch_106,val,causeless_lying,全程保持躺着,keep_lying,True,False,False,lying,lying:81,,,,remove
lying/lying_ch_107,train,causeless_lying,全程保持躺着,keep_lying,True,False,False,lying,lying:81,,,,remove
lying/lying_ch_108,train,causeless_lying,全程保持躺着,keep_lying,True,False,False,lying,lying:81,,,,remove
lying/lying_ch_109,train,causeless_lying,全程保持躺着,keep_lying,True,False,False,lying,lying:81,,,,remove
lying/lying_ch_110,train,causeless_lying,全程保持躺着,keep_lying,True,False,False,lying,lying:81,,,,remove
lying/lying_ch_111,train,causeless_lying,全程保持躺着,keep_lying,True,False,False,lying,lying:81,,,,remove
lying/lying_ch_112,val,causeless_lying,全程保持躺着,keep_lying,True,False,False,lying,lying:81,,,,remove
lying/lying_ch_113,train,causeless_lying,全程保持躺着,keep_lying,True,False,False,lying,lying:81,,,,remove
lying/lying_ch_114,train,causeless_lying,全程保持躺着,keep_lying,True,False,False,lying,lying:81,,,,remove
lying/lying_ch_115,train,causeless_lying,全程保持躺着,keep_lying,True,False,False,lying,lying:81,,,,remove
lying/lying_ch_116,train,causeless_lying,全程保持躺着,keep_lying,True,False,False,lying,lying:81,,,,remove
lying/lying_ch_117,train,causeless_lying,全程保持躺着,keep_lying,True,False,False,lying,lying:81,,,,remove
lying/lying_ch_118,train,causeless_lying,全程保持躺着,keep_lying,True,False,False,lying,lying:81,,,,remove
lying/lying_ch_119,train,causeless_lying,全程保持躺着,keep_lying,True,False,False,lying,lying:81,,,,remove
lying/lying_ch_120,train,causeless_lying,全程保持躺着,keep_lying,True,False,False,lying,lying:81,,,,remove
lying/lying_ch_121,train,causeless_lying,全程保持躺着,keep_lying,True,False,False,lying,lying:81,,,,remove
lying/lying_ch_122,train,causeless_lying,全程保持躺着,keep_lying,True,False,False,lying,lying:81,,,,remove
lying/lying_ch_123,train,causeless_lying,全程保持躺着,keep_lying,True,False,False,lying,lying:81,,,,remove
lying/lying_ch_124,train,causeless_lying,全程保持躺着,keep_lying,True,False,False,lying,lying:81,,,,remove
lying/lying_ch_125,train,causeless_lying,全程保持躺着,keep_lying,True,False,False,lying,lying:81,,,,remove
lying/lying_ch_126,train,causeless_lying,全程保持躺着,keep_lying,True,False,False,lying,lying:81,,,,remove
lying/lying_ch_127,train,causeless_lying,全程保持躺着,keep_lying,True,False,False,lying,lying:81,,,,remove
lying/lying_ch_128,test,causeless_lying,全程保持躺着,keep_lying,True,False,False,lying,lying:81,0.0,0.0,80.0,remove
lying/lying_ch_129,test,causeless_lying,全程保持躺着,keep_lying,True,False,False,lying,lying:81,0.0,80.0,0.0,remove
lying/lying_ch_130,train,causeless_lying,全程保持躺着,keep_lying,True,False,False,lying,lying:81,,,,remove
lying/lying_ch_131,train,causeless_lying,全程保持躺着,keep_lying,True,False,False,lying,lying:81,,,,remove
lying/lying_ch_132,train,causeless_lying,全程保持躺着,keep_lying,True,False,False,lying,lying:81,,,,remove
lying/lying_ch_133,train,causeless_lying,全程保持躺着,keep_lying,True,False,False,lying,lying:81,,,,remove
lying/lying_ch_134,test,causeless_lying,全程保持躺着,keep_lying,True,False,False,lying,lying:81,0.0,0.0,80.0,remove
lying/lying_ch_135,train,causeless_lying,全程保持躺着,keep_lying,True,False,False,lying,lying:81,,,,remove
lying/lying_ch_136,train,causeless_lying,全程保持躺着,keep_lying,True,False,False,lying,lying:81,,,,remove
lying/lying_ch_137,train,causeless_lying,全程保持躺着,keep_lying,True,False,False,lying,lying:81,,,,remove
lying/lying_ch_138,train,causeless_lying,全程保持躺着,keep_lying,True,False,False,lying,lying:81,,,,remove
lying/lying_ch_139,train,causeless_lying,全程保持躺着,keep_lying,True,False,False,lying,lying:81,,,,remove
lying/lying_ch_140,train,causeless_lying,全程保持躺着,keep_lying,True,False,False,lying,lying:81,,,,remove
lying/lying_ch_141,train,causeless_lying,全程保持躺着,keep_lying,True,False,False,lying,lying:81,,,,remove
lying/lying_ch_142,train,causeless_lying,全程保持躺着,keep_lying,True,False,False,lying,lying:81,,,,remove
lying/lying_ch_143,train,causeless_lying,全程保持躺着,keep_lying,True,False,False,lying,lying:81,,,,remove
lying/lying_ch_144,val,causeless_lying,全程保持躺着,keep_lying,True,False,False,lying,lying:81,,,,remove
lying/lying_ch_145,train,causeless_lying,全程保持躺着,keep_lying,True,False,False,lying,lying:81,,,,remove
lying/lying_ch_146,train,causeless_lying,全程保持躺着,keep_lying,True,False,False,lying,lying:81,,,,remove
lying/lying_ch_147,train,causeless_lying,全程保持躺着,keep_lying,True,False,False,lying,lying:81,,,,remove
lying/lying_ch_148,train,causeless_lying,全程保持躺着,keep_lying,True,False,False,lying,lying:81,,,,remove
lying/lying_ch_149,train,causeless_lying,全程保持躺着,keep_lying,True,False,False,lying,lying:81,,,,remove
lying/lying_ch_150,train,causeless_lying,躺下动作,lie_down,True,False,False,lying,lying:81,,,,keep
lying/lying_ch_151,test,causeless_lying,全程保持躺着,keep_lying,True,False,False,lying,lying:81,0.0,0.0,80.0,remove
lying/lying_ch_152,train,causeless_lying,全程保持躺着,keep_lying,True,False,False,lying,lying:81,,,,remove
lying/lying_ch_153,test,causeless_lying,全程保持躺着,keep_lying,True,False,False,lying,lying:81,0.0,0.0,80.0,remove
lying/lying_ch_154,train,causeless_lying,全程保持躺着,keep_lying,True,False,False,lying,lying:81,,,,remove
lying/lying_ch_155,train,causeless_lying,全程保持躺着,keep_lying,True,False,False,lying,lying:81,,,,remove
lying/lying_ch_156,train,causeless_lying,全程保持躺着,keep_lying,True,False,False,lying,lying:81,,,,remove
lying/lying_ch_157,train,causeless_lying,全程保持躺着,keep_lying,True,False,False,lying,lying:81,,,,remove
lying/lying_ch_158,train,causeless_lying,全程保持躺着,keep_lying,True,False,False,lying,lying:81,,,,remove
lying/lying_ch_159,train,causeless_lying,全程保持躺着,keep_lying,True,False,False,lying,lying:81,,,,remove
lying/lying_ch_160,train,causeless_lying,全程保持躺着,keep_lying,True,False,False,lying,lying:81,,,,remove
lying/lying_ch_161,train,causeless_lying,全程保持躺着,keep_lying,True,False,False,lying,lying:81,,,,remove
lying/lying_ch_162,train,causeless_lying,全程保持躺着,keep_lying,True,False,False,lying,lying:81,,,,remove
lying/lying_ch_163,train,causeless_lying,全程保持躺着,keep_lying,True,False,False,lying,lying:81,,,,remove
lying/lying_ch_164,train,causeless_lying,全程保持躺着,keep_lying,True,False,False,lying,lying:81,,,,remove
lying/lying_ch_165,train,causeless_lying,全程保持躺着,keep_lying,True,False,False,lying,lying:81,,,,remove
lying/lying_ch_166,train,causeless_lying,全程保持躺着,keep_lying,True,False,False,lying,lying:81,,,,remove
lying/lying_ch_167,train,causeless_lying,全程保持躺着,keep_lying,True,False,False,lying,lying:81,,,,remove
lying/lying_ch_168,train,causeless_lying,全程保持躺着,keep_lying,True,False,False,lying,lying:81,,,,remove
lying/lying_ch_169,train,causeless_lying,全程保持躺着,keep_lying,True,False,False,lying,lying:81,,,,remove
lying/lying_ch_170,train,causeless_lying,全程保持躺着,keep_lying,True,False,False,lying,lying:81,,,,remove
lying/lying_ch_171,test,causeless_lying,全程保持躺着,keep_lying,True,False,False,lying,lying:81,0.0,0.0,80.0,remove
lying/lying_ch_172,train,causeless_lying,全程保持躺着,keep_lying,True,False,False,lying,lying:81,,,,remove
lying/lying_ch_173,train,causeless_lying,全程保持躺着,keep_lying,True,False,False,lying,lying:81,,,,remove
lying/lying_ch_174,train,causeless_lying,全程保持躺着,keep_lying,True,False,False,lying,lying:81,,,,remove
lying/lying_ch_175,train,causeless_lying,全程保持躺着,keep_lying,True,False,False,lying,lying:81,,,,remove
lying/lying_ch_176,train,causeless_lying,全程保持躺着,keep_lying,True,False,False,lying,lying:81,,,,remove
lying/lying_ch_177,train,causeless_lying,全程保持躺着,keep_lying,True,False,False,lying,lying:81,,,,remove
lying/lying_ch_178,test,causeless_lying,全程保持躺着,keep_lying,True,False,False,lying,lying:81,0.0,0.0,80.0,remove
lying/lying_ch_179,train,causeless_lying,全程保持躺着,keep_lying,True,False,False,lying,lying:81,,,,remove
lying/lying_ch_180,train,causeless_lying,全程保持躺着,keep_lying,True,False,False,lying,lying:81,,,,remove
lying/lying_ch_181,train,causeless_lying,全程保持躺着,keep_lying,True,False,False,lying,lying:81,,,,remove
lying/lying_ch_182,train,causeless_lying,全程保持躺着,keep_lying,True,False,False,lying,lying:81,,,,remove
lying/lying_ch_183,train,causeless_lying,全程保持躺着,keep_lying,True,False,False,lying,lying:81,,,,remove
lying/lying_ch_184,train,causeless_lying,全程保持躺着,keep_lying,True,False,False,lying,lying:81,,,,remove
lying/lying_ch_185,train,causeless_lying,全程保持躺着,keep_lying,True,False,False,lying,lying:81,,,,remove
lying/lying_ch_186,train,causeless_lying,全程保持躺着,keep_lying,True,False,False,lying,lying:81,,,,remove
lying/lying_ch_187,train,causeless_lying,全程保持躺着,keep_lying,True,False,False,lying,lying:81,,,,remove
lying/lying_ch_188,train,causeless_lying,全程保持躺着,keep_lying,True,False,False,lying,lying:81,,,,remove
lying/lying_ch_189,test,causeless_lying,全程保持躺着,keep_lying,True,False,False,lying,lying:81,0.0,0.0,80.0,remove
lying/lying_ch_190,train,causeless_lying,全程保持躺着,keep_lying,True,False,False,lying,lying:81,,,,remove
lying/lying_ch_191,train,causeless_lying,全程保持躺着,keep_lying,True,False,False,lying,lying:81,,,,remove
lying/lying_ch_192,train,causeless_lying,全程保持躺着,keep_lying,True,False,False,lying,lying:81,,,,remove
lying/lying_ch_193,test,causeless_lying,全程保持躺着,keep_lying,True,False,False,lying,lying:81,0.0,0.0,80.0,remove
lying/lying_ch_194,train,causeless_lying,全程保持躺着,keep_lying,True,False,False,lying,lying:81,,,,remove
lying/lying_ch_195,train,causeless_lying,全程保持躺着,keep_lying,True,False,False,lying,lying:81,,,,remove
lying/lying_ch_196,train,causeless_lying,全程保持躺着,keep_lying,True,False,False,lying,lying:81,,,,remove
lying/lying_ch_198,train,causeless_lying,全程保持躺着,keep_lying,True,False,False,lying,lying:81,,,,remove
lying/lying_ch_199,train,causeless_lying,全程保持躺着,keep_lying,True,False,False,lying,lying:81,,,,remove
lying/lying_ch_200,train,causeless_lying,全程保持躺着,keep_lying,True,False,False,lying,lying:81,,,,remove
lying/lying_el_001,train,causeless_lying,全程保持躺着,keep_lying,True,False,False,lying,lying:81,,,,remove
lying/lying_el_002,train,causeless_lying,全程保持躺着,keep_lying,True,False,False,lying,lying:81,,,,remove
lying/lying_el_003,train,causeless_lying,全程保持躺着,keep_lying,True,False,False,lying,lying:81,,,,remove
lying/lying_el_004,train,causeless_lying,全程保持躺着,keep_lying,True,False,False,lying,lying:81,,,,remove
lying/lying_el_005,val,causeless_lying,全程保持躺着,keep_lying,True,False,False,lying,lying:81,,,,remove
lying/lying_el_006,train,causeless_lying,全程保持躺着,keep_lying,True,False,False,lying,lying:81,,,,remove
lying/lying_el_007,train,causeless_lying,全程保持躺着,keep_lying,True,False,False,lying,lying:81,,,,remove
lying/lying_el_008,train,causeless_lying,全程保持躺着,keep_lying,True,False,False,lying,lying:81,,,,remove
lying/lying_el_009,train,causeless_lying,全程保持躺着,keep_lying,True,False,False,lying,lying:81,,,,remove
lying/lying_el_010,train,causeless_lying,全程保持躺着,keep_lying,True,False,False,lying,lying:81,,,,remove
lying/lying_el_011,train,causeless_lying,全程保持躺着,keep_lying,True,False,False,lying,lying:81,,,,remove
lying/lying_el_012,test,causeless_lying,全程保持躺着,keep_lying,True,False,False,lying,lying:81,0.0,0.0,80.0,remove
lying/lying_el_013,train,causeless_lying,全程保持躺着,keep_lying,True,False,False,lying,lying:81,,,,remove
lying/lying_el_014,train,causeless_lying,全程保持躺着,keep_lying,True,False,False,lying,lying:81,,,,remove
lying/lying_el_015,test,causeless_lying,全程保持躺着,keep_lying,True,False,False,lying,lying:81,0.0,0.0,80.0,remove
lying/lying_el_016,train,causeless_lying,全程保持躺着,keep_lying,True,False,False,lying,lying:81,,,,remove
lying/lying_el_017,train,causeless_lying,全程保持躺着,keep_lying,True,False,False,lying,lying:81,,,,remove
lying/lying_el_018,val,causeless_lying,全程保持躺着,keep_lying,True,False,False,lying,lying:81,,,,remove
lying/lying_el_019,train,causeless_lying,全程保持躺着,keep_lying,True,False,False,lying,lying:81,,,,remove
lying/lying_el_020,train,causeless_lying,全程保持躺着,keep_lying,True,False,False,lying,lying:81,,,,remove
lying/lying_el_021,train,causeless_lying,全程保持躺着,keep_lying,True,False,False,lying,lying:81,,,,remove
lying/lying_el_022,train,causeless_lying,全程保持躺着,keep_lying,True,False,False,lying,lying:81,,,,remove
lying/lying_el_023,train,causeless_lying,全程保持躺着,keep_lying,True,False,False,lying,lying:81,,,,remove
lying/lying_el_024,train,causeless_lying,全程保持躺着,keep_lying,True,False,False,lying,lying:81,,,,remove
lying/lying_el_025,test,causeless_lying,全程保持躺着,keep_lying,True,False,False,lying,lying:81,0.0,0.0,80.0,remove
lying/lying_el_026,train,causeless_lying,全程保持躺着,keep_lying,True,False,False,lying,lying:81,,,,remove
lying/lying_el_027,test,causeless_lying,全程保持躺着,keep_lying,True,False,False,lying,lying:81,0.0,0.0,80.0,remove
lying/lying_el_028,train,causeless_lying,全程保持躺着,keep_lying,True,False,False,lying,lying:81,,,,remove
lying/lying_el_029,train,causeless_lying,全程保持躺着,keep_lying,True,False,False,lying,lying:81,,,,remove
lying/lying_el_030,train,causeless_lying,全程保持躺着,keep_lying,True,False,False,lying,lying:81,,,,remove
lying/lying_el_031,val,causeless_lying,全程保持躺着,keep_lying,True,False,False,lying,lying:81,,,,remove
lying/lying_el_032,train,causeless_lying,全程保持躺着,keep_lying,True,False,False,lying,lying:81,,,,remove
lying/lying_el_033,train,causeless_lying,全程保持躺着,keep_lying,True,False,False,lying,lying:81,,,,remove
lying/lying_el_034,val,causeless_lying,全程保持躺着,keep_lying,True,False,False,lying,lying:81,,,,remove
lying/lying_el_035,train,causeless_lying,全程保持躺着,keep_lying,True,False,False,lying,lying:81,,,,remove
lying/lying_el_036,train,causeless_lying,全程保持躺着,keep_lying,True,False,False,lying,lying:81,,,,remove
lying/lying_el_037,train,causeless_lying,全程保持躺着,keep_lying,True,False,False,lying,lying:81,,,,remove
lying/lying_el_038,train,causeless_lying,全程保持躺着,keep_lying,True,False,False,lying,lying:81,,,,remove
lying/lying_el_039,train,causeless_lying,全程保持躺着,keep_lying,True,False,False,lying,lying:81,,,,remove
lying/lying_el_040,train,causeless_lying,全程保持躺着,keep_lying,True,False,False,lying,lying:81,,,,remove
lying/lying_el_041,train,causeless_lying,全程保持躺着,keep_lying,True,False,False,lying,lying:81,,,,remove
lying/lying_el_042,test,causeless_lying,全程保持躺着,keep_lying,True,False,False,lying,lying:81,4.0,76.0,0.0,remove
lying/lying_el_043,train,causeless_lying,全程保持躺着,keep_lying,True,False,False,lying,lying:81,,,,remove
lying/lying_el_044,train,causeless_lying,全程保持躺着,keep_lying,True,False,False,lying,lying:81,,,,remove
lying/lying_el_045,train,causeless_lying,全程保持躺着,keep_lying,True,False,False,lying,lying:81,,,,remove
lying/lying_el_046,train,causeless_lying,全程保持躺着,keep_lying,True,False,False,lying,lying:81,,,,remove
lying/lying_el_047,test,causeless_lying,全程保持躺着,keep_lying,True,False,False,lying,lying:81,0.0,0.0,80.0,remove
lying/lying_el_048,train,causeless_lying,全程保持躺着,keep_lying,True,False,False,lying,lying:81,,,,remove
lying/lying_el_049,test,causeless_lying,全程保持躺着,keep_lying,True,False,False,lying,lying:81,0.0,0.0,80.0,remove
lying/lying_el_050,train,causeless_lying,全程保持躺着,keep_lying,True,False,False,lying,lying:81,,,,remove
lying/lying_el_051,train,causeless_lying,全程保持躺着,keep_lying,True,False,False,lying,lying:81,,,,remove
lying/lying_el_052,train,causeless_lying,全程保持躺着,keep_lying,True,False,False,lying,lying:81,,,,remove
lying/lying_el_053,train,causeless_lying,全程保持躺着,keep_lying,True,False,False,lying,lying:81,,,,remove
lying/lying_el_054,test,causeless_lying,全程保持躺着,keep_lying,True,False,False,lying,lying:81,0.0,0.0,80.0,remove
lying/lying_el_055,train,causeless_lying,全程保持躺着,keep_lying,True,False,False,lying,lying:81,,,,remove
lying/lying_el_056,train,causeless_lying,全程保持躺着,keep_lying,True,False,False,lying,lying:81,,,,remove
lying/lying_el_057,train,causeless_lying,全程保持躺着,keep_lying,True,False,False,lying,lying:81,,,,remove
lying/lying_el_058,train,causeless_lying,全程保持躺着,keep_lying,True,False,False,lying,lying:81,,,,remove
lying/lying_el_059,train,causeless_lying,全程保持躺着,keep_lying,True,False,False,lying,lying:81,,,,remove
lying/lying_el_060,train,causeless_lying,全程保持躺着,keep_lying,True,False,False,lying,lying:81,,,,remove
lying/lying_el_061,train,causeless_lying,全程保持躺着,keep_lying,True,False,False,lying,lying:81,,,,remove
lying/lying_el_062,train,causeless_lying,全程保持躺着,keep_lying,True,False,False,lying,lying:81,,,,remove
lying/lying_el_063,val,causeless_lying,全程保持躺着,keep_lying,True,False,False,lying,lying:81,,,,remove
lying/lying_el_064,train,causeless_lying,全程保持躺着,keep_lying,True,False,False,lying,lying:81,,,,remove
lying/lying_el_065,train,causeless_lying,全程保持躺着,keep_lying,True,False,False,lying,lying:81,,,,remove
lying/lying_el_066,train,causeless_lying,全程保持躺着,keep_lying,True,False,False,lying,lying:81,,,,remove
lying/lying_el_067,val,causeless_lying,全程保持躺着,keep_lying,True,False,False,lying,lying:81,,,,remove
lying/lying_el_068,train,causeless_lying,全程保持躺着,keep_lying,True,False,False,lying,lying:81,,,,remove
lying/lying_el_069,val,causeless_lying,全程保持躺着,keep_lying,True,False,False,lying,lying:81,,,,remove
lying/lying_el_070,train,causeless_lying,全程保持躺着,keep_lying,True,False,False,lying,lying:81,,,,remove
lying/lying_el_071,train,causeless_lying,全程保持躺着,keep_lying,True,False,False,lying,lying:81,,,,remove
lying/lying_el_072,val,causeless_lying,全程保持躺着,keep_lying,True,False,False,lying,lying:81,,,,remove
lying/lying_el_073,test,causeless_lying,全程保持躺着,keep_lying,True,False,False,lying,lying:81,0.0,0.0,80.0,remove
lying/lying_el_074,train,causeless_lying,全程保持躺着,keep_lying,True,False,False,lying,lying:81,,,,remove
lying/lying_el_075,train,causeless_lying,全程保持躺着,keep_lying,True,False,False,lying,lying:81,,,,remove
lying/lying_el_076,train,causeless_lying,全程保持躺着,keep_lying,True,False,False,lying,lying:81,,,,remove
lying/lying_el_077,train,causeless_lying,全程保持躺着,keep_lying,True,False,False,lying,lying:81,,,,remove
lying/lying_el_078,train,causeless_lying,全程保持躺着,keep_lying,True,False,False,lying,lying:81,,,,remove
lying/lying_el_079,test,causeless_lying,全程保持躺着,keep_lying,True,False,False,lying,lying:81,0.0,0.0,80.0,remove
lying/lying_el_080,train,causeless_lying,全程保持躺着,keep_lying,True,False,False,lying,lying:81,,,,remove
lying/lying_el_081,train,causeless_lying,全程保持躺着,keep_lying,True,False,False,lying,lying:81,,,,remove
lying/lying_el_082,train,causeless_lying,全程保持躺着,keep_lying,True,False,False,lying,lying:81,,,,remove
lying/lying_el_083,train,causeless_lying,全程保持躺着,keep_lying,True,False,False,lying,lying:81,,,,remove
lying/lying_el_084,train,causeless_lying,全程保持躺着,keep_lying,True,False,False,lying,lying:81,,,,remove
lying/lying_el_085,train,causeless_lying,全程保持躺着,keep_lying,True,False,False,lying,lying:81,,,,remove
lying/lying_el_086,train,causeless_lying,全程保持躺着,keep_lying,True,False,False,lying,lying:81,,,,remove
lying/lying_el_087,val,causeless_lying,全程保持躺着,keep_lying,True,False,False,lying,lying:81,,,,remove
lying/lying_el_088,train,causeless_lying,全程保持躺着,keep_lying,True,False,False,lying,lying:81,,,,remove
lying/lying_el_089,train,causeless_lying,全程保持躺着,keep_lying,True,False,False,lying,lying:81,,,,remove
lying/lying_el_090,train,causeless_lying,全程保持躺着,keep_lying,True,False,False,lying,lying:81,,,,remove
lying/lying_el_091,train,causeless_lying,全程保持躺着,keep_lying,True,False,False,lying,lying:81,,,,remove
lying/lying_el_092,val,causeless_lying,全程保持躺着,keep_lying,True,False,False,lying,lying:81,,,,remove
lying/lying_el_093,train,causeless_lying,全程保持躺着,keep_lying,True,False,False,lying,lying:81,,,,remove
lying/lying_el_094,val,causeless_lying,全程保持躺着,keep_lying,True,False,False,lying,lying:81,,,,remove
lying/lying_el_095,train,causeless_lying,全程保持躺着,keep_lying,True,False,False,lying,lying:81,,,,remove
lying/lying_el_096,train,causeless_lying,全程保持躺着,keep_lying,True,False,False,lying,lying:81,,,,remove
lying/lying_el_097,train,causeless_lying,全程保持躺着,keep_lying,True,False,False,lying,lying:81,,,,remove
lying/lying_el_098,train,causeless_lying,全程保持躺着,keep_lying,True,False,False,lying,lying:81,,,,remove
lying/lying_el_099,val,causeless_lying,全程保持躺着,keep_lying,True,False,False,lying,lying:81,,,,remove
lying/lying_el_100,test,causeless_lying,全程保持躺着,keep_lying,True,False,False,lying,lying:81,0.0,0.0,80.0,remove
lying/lying_el_101,train,causeless_lying,全程保持躺着,keep_lying,True,False,False,lying,lying:81,,,,remove
lying/lying_el_102,train,causeless_lying,全程保持躺着,keep_lying,True,False,False,lying,lying:81,,,,remove
lying/lying_el_103,train,causeless_lying,全程保持躺着,keep_lying,True,False,False,lying,lying:81,,,,remove
lying/lying_el_104,train,causeless_lying,全程保持躺着,keep_lying,True,False,False,lying,lying:81,,,,remove
lying/lying_el_105,train,causeless_lying,全程保持躺着,keep_lying,True,False,False,lying,lying:81,,,,remove
lying/lying_el_106,train,causeless_lying,全程保持躺着,keep_lying,True,False,False,lying,lying:81,,,,remove
lying/lying_el_107,val,causeless_lying,全程保持躺着,keep_lying,True,False,False,lying,lying:81,,,,remove
lying/lying_el_108,train,uniform_fallen,全程保持躺着,keep_lying,True,True,False,fallen,fallen:81,,,,remove
lying/lying_el_109,test,causeless_lying,全程保持躺着,keep_lying,True,False,False,lying,lying:81,0.0,0.0,80.0,remove
lying/lying_el_110,train,causeless_lying,全程保持躺着,keep_lying,True,False,False,lying,lying:81,,,,remove
lying/lying_el_111,test,causeless_lying,全程保持躺着,keep_lying,True,False,False,lying,lying:81,3.0,77.0,0.0,remove
lying/lying_el_112,train,causeless_lying,全程保持躺着,keep_lying,True,False,False,lying,lying:81,,,,remove
lying/lying_el_113,test,causeless_lying,全程保持躺着,keep_lying,True,False,False,lying,lying:81,0.0,0.0,80.0,remove
lying/lying_el_114,train,causeless_lying,全程保持躺着,keep_lying,True,False,False,lying,lying:81,,,,remove
lying/lying_el_115,train,causeless_lying,全程保持躺着,keep_lying,True,False,False,lying,lying:81,,,,remove
lying/lying_el_116,train,causeless_lying,全程保持躺着,keep_lying,True,False,False,lying,lying:81,,,,remove
lying/lying_el_117,train,causeless_lying,全程保持躺着,keep_lying,True,False,False,lying,lying:81,,,,remove
lying/lying_el_118,train,causeless_lying,全程保持躺着,keep_lying,True,False,False,lying,lying:81,,,,remove
lying/lying_el_119,val,causeless_lying,全程保持躺着,keep_lying,True,False,False,lying,lying:81,,,,remove
lying/lying_el_120,test,causeless_lying,全程保持躺着,keep_lying,True,False,False,lying,lying:81,0.0,0.0,80.0,remove
lying/lying_el_121,test,causeless_lying,全程保持躺着,keep_lying,True,False,False,lying,lying:81,0.0,0.0,80.0,remove
lying/lying_el_122,train,causeless_lying,全程保持躺着,keep_lying,True,False,False,lying,lying:81,,,,remove
lying/lying_el_123,train,causeless_lying,全程保持躺着,keep_lying,True,False,False,lying,lying:81,,,,remove
lying/lying_el_124,test,causeless_lying,全程保持躺着,keep_lying,True,False,False,lying,lying:81,0.0,0.0,80.0,remove
lying/lying_el_125,train,causeless_lying,全程保持躺着,keep_lying,True,False,False,lying,lying:81,,,,remove
lying/lying_el_126,train,causeless_lying,全程保持躺着,keep_lying,True,False,False,lying,lying:81,,,,remove
lying/lying_el_127,train,causeless_lying,全程保持躺着,keep_lying,True,False,False,lying,lying:81,,,,remove
lying/lying_el_128,train,causeless_lying,全程保持躺着,keep_lying,True,False,False,lying,lying:81,,,,remove
lying/lying_el_129,train,causeless_lying,全程保持躺着,keep_lying,True,False,False,lying,lying:81,,,,remove
lying/lying_el_130,test,causeless_lying,全程保持躺着,keep_lying,True,False,False,lying,lying:81,0.0,0.0,80.0,remove
lying/lying_el_131,train,causeless_lying,全程保持躺着,keep_lying,True,False,False,lying,lying:81,,,,remove
lying/lying_el_132,train,causeless_lying,全程保持躺着,keep_lying,True,False,False,lying,lying:81,,,,remove
lying/lying_el_133,train,causeless_lying,全程保持躺着,keep_lying,True,False,False,lying,lying:81,,,,remove
lying/lying_el_134,train,causeless_lying,全程保持躺着,keep_lying,True,False,False,lying,lying:81,,,,remove
lying/lying_el_136,train,causeless_lying,全程保持躺着,keep_lying,True,False,False,lying,lying:81,,,,remove
lying/lying_el_137,train,causeless_lying,全程保持躺着,keep_lying,True,False,False,lying,lying:81,,,,remove
lying/lying_el_138,test,causeless_lying,全程保持躺着,keep_lying,True,False,False,lying,lying:81,0.0,0.0,80.0,remove
lying/lying_el_139,train,causeless_lying,全程保持躺着,keep_lying,True,False,False,lying,lying:81,,,,remove
lying/lying_el_140,train,causeless_lying,全程保持躺着,keep_lying,True,False,False,lying,lying:81,,,,remove
lying/lying_el_141,train,causeless_lying,全程保持躺着,keep_lying,True,False,False,lying,lying:81,,,,remove
lying/lying_el_142,val,causeless_lying,全程保持躺着,keep_lying,True,False,False,lying,lying:81,,,,remove
lying/lying_el_143,train,causeless_lying,全程保持躺着,keep_lying,True,False,False,lying,lying:81,,,,remove
lying/lying_el_144,train,causeless_lying,全程保持躺着,keep_lying,True,False,False,lying,lying:81,,,,remove
lying/lying_el_145,val,causeless_lying,全程保持躺着,keep_lying,True,False,False,lying,lying:81,,,,remove
lying/lying_el_146,val,causeless_lying,全程保持躺着,keep_lying,True,False,False,lying,lying:81,,,,remove
lying/lying_el_147,test,causeless_lying,全程保持躺着,keep_lying,True,False,False,lying,lying:81,0.0,0.0,80.0,remove
lying/lying_el_148,train,causeless_lying,全程保持躺着,keep_lying,True,False,False,lying,lying:81,,,,remove
lying/lying_el_149,train,causeless_lying,全程保持躺着,keep_lying,True,False,False,lying,lying:81,,,,remove
lying/lying_el_150,train,causeless_lying,全程保持躺着,keep_lying,True,False,False,lying,lying:81,,,,remove
lying/lying_el_151,val,causeless_lying,全程保持躺着,keep_lying,True,False,False,lying,lying:81,,,,remove
lying/lying_el_152,train,causeless_lying,全程保持躺着,keep_lying,True,False,False,lying,lying:81,,,,remove
lying/lying_el_153,train,causeless_lying,全程保持躺着,keep_lying,True,False,False,lying,lying:81,,,,remove
lying/lying_el_154,train,causeless_lying,全程保持躺着,keep_lying,True,False,False,lying,lying:81,,,,remove
lying/lying_el_155,test,causeless_lying,全程保持躺着,keep_lying,True,False,False,lying,lying:81,0.0,0.0,80.0,remove
lying/lying_el_156,train,causeless_lying,全程保持躺着,keep_lying,True,False,False,lying,lying:81,,,,remove
lying/lying_el_157,train,causeless_lying,全程保持躺着,keep_lying,True,False,False,lying,lying:81,,,,remove
lying/lying_el_158,train,causeless_lying,全程保持躺着,keep_lying,True,False,False,lying,lying:81,,,,remove
lying/lying_el_159,train,causeless_lying,全程保持躺着,keep_lying,True,False,False,lying,lying:81,,,,remove
lying/lying_el_160,train,causeless_lying,全程保持躺着,keep_lying,True,False,False,lying,lying:81,,,,remove
lying/lying_el_161,val,causeless_lying,全程保持躺着,keep_lying,True,False,False,lying,lying:81,,,,remove
lying/lying_el_162,train,causeless_lying,全程保持躺着,keep_lying,True,False,False,lying,lying:81,,,,remove
lying/lying_el_163,train,causeless_lying,全程保持躺着,keep_lying,True,False,False,lying,lying:81,,,,remove
lying/lying_el_164,val,causeless_lying,全程保持躺着,keep_lying,True,False,False,lying,lying:81,,,,remove
lying/lying_el_165,train,causeless_lying,全程保持躺着,keep_lying,True,False,False,lying,lying:81,,,,remove
lying/lying_el_166,train,causeless_lying,全程保持躺着,keep_lying,True,False,False,lying,lying:81,,,,remove
lying/lying_el_167,train,causeless_lying,全程保持躺着,keep_lying,True,False,False,lying,lying:81,,,,remove
lying/lying_el_168,train,causeless_lying,全程保持躺着,keep_lying,True,False,False,lying,lying:81,,,,remove
lying/lying_el_169,val,causeless_lying,全程保持躺着,keep_lying,True,False,False,lying,lying:81,,,,remove
lying/lying_el_170,train,causeless_lying,全程保持躺着,keep_lying,True,False,False,lying,lying:81,,,,remove
lying/lying_el_171,train,causeless_lying,全程保持躺着,keep_lying,True,False,False,lying,lying:81,,,,remove
lying/lying_el_172,train,causeless_lying,全程保持躺着,keep_lying,True,False,False,lying,lying:81,,,,remove
lying/lying_el_173,val,causeless_lying,全程保持躺着,keep_lying,True,False,False,lying,lying:81,,,,remove
lying/lying_el_174,train,causeless_lying,全程保持躺着,keep_lying,True,False,False,lying,lying:81,,,,remove
lying/lying_el_175,train,causeless_lying,全程保持躺着,keep_lying,True,False,False,lying,lying:81,,,,remove
lying/lying_el_176,train,causeless_lying,全程保持躺着,keep_lying,True,False,False,lying,lying:81,,,,remove
lying/lying_el_177,train,causeless_lying,全程保持躺着,keep_lying,True,False,False,lying,lying:81,,,,remove
lying/lying_el_178,train,causeless_lying,全程保持躺着,keep_lying,True,False,False,lying,lying:81,,,,remove
lying/lying_el_179,test,causeless_lying,全程保持躺着,keep_lying,True,False,False,lying,lying:81,0.0,0.0,80.0,remove
lying/lying_el_180,train,causeless_lying,全程保持躺着,keep_lying,True,False,False,lying,lying:81,,,,remove
lying/lying_el_181,train,causeless_lying,全程保持躺着,keep_lying,True,False,False,lying,lying:81,,,,remove
lying/lying_el_182,test,causeless_lying,全程保持躺着,keep_lying,True,False,False,lying,lying:81,0.0,0.0,80.0,remove
lying/lying_el_183,train,causeless_lying,全程保持躺着,keep_lying,True,False,False,lying,lying:81,,,,remove
lying/lying_el_184,train,causeless_lying,全程保持躺着,keep_lying,True,False,False,lying,lying:81,,,,remove
lying/lying_el_185,train,causeless_lying,全程保持躺着,keep_lying,True,False,False,lying,lying:81,,,,remove
lying/lying_el_186,train,causeless_lying,全程保持躺着,keep_lying,True,False,False,lying,lying:81,,,,remove
lying/lying_el_187,test,causeless_lying,全程保持躺着,keep_lying,True,False,False,lying,lying:81,0.0,0.0,80.0,remove
lying/lying_el_188,train,causeless_lying,全程保持躺着,keep_lying,True,False,False,lying,lying:81,,,,remove
lying/lying_el_189,train,causeless_lying,全程保持躺着,keep_lying,True,False,False,lying,lying:81,,,,remove
lying/lying_el_190,train,causeless_lying,全程保持躺着,keep_lying,True,False,False,lying,lying:81,,,,remove
lying/lying_el_191,val,causeless_lying,全程保持躺着,keep_lying,True,False,False,lying,lying:81,,,,remove
lying/lying_el_192,train,causeless_lying,全程保持躺着,keep_lying,True,False,False,lying,lying:81,,,,remove
lying/lying_el_193,train,causeless_lying,全程保持躺着,keep_lying,True,False,False,lying,lying:81,,,,remove
lying/lying_el_194,test,causeless_lying,全程保持躺着,keep_lying,True,False,False,lying,lying:81,0.0,0.0,80.0,remove
lying/lying_el_195,train,causeless_lying,全程保持躺着,keep_lying,True,False,False,lying,lying:81,,,,remove
lying/lying_el_196,test,causeless_lying,全程保持躺着,keep_lying,True,False,False,lying,lying:81,0.0,0.0,80.0,remove
lying/lying_el_197,train,causeless_lying,全程保持躺着,keep_lying,True,False,False,lying,lying:81,,,,remove
lying/lying_el_198,test,causeless_lying,全程保持躺着,keep_lying,True,False,False,lying,lying:81,0.0,0.0,80.0,remove
lying/lying_el_199,train,causeless_lying,全程保持躺着,keep_lying,True,False,False,lying,lying:81,,,,remove
lying/lying_el_200,train,causeless_lying,全程保持躺着,keep_lying,True,False,False,lying,lying:81,,,,remove
lying/lying_mi_001,val,causeless_lying,全程保持躺着,keep_lying,True,False,False,lying,lying:81,,,,remove
lying/lying_mi_002,train,causeless_mixed,全程保持躺着,keep_lying,True,False,False,lying+stand_up,lying:74/stand_up:7,,,,remove
lying/lying_mi_003,test,causeless_lying,全程保持躺着,keep_lying,True,False,False,lying,lying:81,0.0,0.0,80.0,remove
lying/lying_mi_004,train,causeless_lying,全程保持躺着,keep_lying,True,False,False,lying,lying:81,,,,remove
lying/lying_mi_005,train,causeless_lying,全程保持躺着,keep_lying,True,False,False,lying,lying:81,,,,remove
lying/lying_mi_006,train,causeless_lying,全程保持躺着,keep_lying,True,False,False,lying,lying:81,,,,remove
lying/lying_mi_007,train,causeless_lying,全程保持躺着,keep_lying,True,False,False,lying,lying:81,,,,remove
lying/lying_mi_008,train,causeless_lying,全程保持躺着,keep_lying,True,False,False,lying,lying:81,,,,remove
lying/lying_mi_009,train,causeless_lying,全程保持躺着,keep_lying,True,False,False,lying,lying:81,,,,remove
lying/lying_mi_010,train,causeless_lying,全程保持躺着,keep_lying,True,False,False,lying,lying:81,,,,remove
lying/lying_mi_011,test,causeless_lying,全程保持躺着,keep_lying,True,False,False,lying,lying:81,0.0,0.0,80.0,remove
lying/lying_mi_012,test,causeless_lying,全程保持躺着,keep_lying,True,False,False,lying,lying:81,0.0,0.0,80.0,remove
lying/lying_mi_013,test,causeless_lying,全程保持躺着,keep_lying,True,False,False,lying,lying:81,0.0,17.0,63.0,remove
lying/lying_mi_014,train,causeless_lying,全程保持躺着,keep_lying,True,False,False,lying,lying:81,,,,remove
lying/lying_mi_015,train,causeless_lying,全程保持躺着,keep_lying,True,False,False,lying,lying:81,,,,remove
lying/lying_mi_016,train,causeless_lying,全程保持躺着,keep_lying,True,False,False,lying,lying:81,,,,remove
lying/lying_mi_017,train,causeless_lying,全程保持躺着,keep_lying,True,False,False,lying,lying:81,,,,remove
lying/lying_mi_018,train,causeless_lying,全程保持躺着,keep_lying,True,False,False,lying,lying:81,,,,remove
lying/lying_mi_019,train,causeless_lying,全程保持躺着,keep_lying,True,False,False,lying,lying:81,,,,remove
lying/lying_mi_020,train,causeless_lying,全程保持躺着,keep_lying,True,False,False,lying,lying:81,,,,remove
lying/lying_mi_021,train,causeless_lying,全程保持躺着,keep_lying,True,False,False,lying,lying:81,,,,remove
lying/lying_mi_022,train,causeless_lying,全程保持躺着,keep_lying,True,False,False,lying,lying:81,,,,remove
lying/lying_mi_023,test,causeless_lying,全程保持躺着,keep_lying,True,False,False,lying,lying:81,0.0,0.0,80.0,remove
lying/lying_mi_024,train,causeless_lying,全程保持躺着,keep_lying,True,False,False,lying,lying:81,,,,remove
lying/lying_mi_025,train,causeless_lying,全程保持躺着,keep_lying,True,False,False,lying,lying:81,,,,remove
lying/lying_mi_026,train,causeless_lying,全程保持躺着,keep_lying,True,False,False,lying,lying:81,,,,remove
lying/lying_mi_027,train,causeless_lying,全程保持躺着,keep_lying,True,False,False,lying,lying:81,,,,remove
lying/lying_mi_028,train,causeless_lying,全程保持躺着,keep_lying,True,False,False,lying,lying:81,,,,remove
lying/lying_mi_029,train,causeless_lying,全程保持躺着,keep_lying,True,False,False,lying,lying:81,,,,remove
lying/lying_mi_030,train,causeless_lying,全程保持躺着,keep_lying,True,False,False,lying,lying:81,,,,remove
lying/lying_mi_031,train,causeless_lying,全程保持躺着,keep_lying,True,False,False,lying,lying:81,,,,remove
lying/lying_mi_032,train,causeless_lying,全程保持躺着,keep_lying,True,False,False,lying,lying:81,,,,remove
lying/lying_mi_033,train,causeless_lying,全程保持躺着,keep_lying,True,False,False,lying,lying:81,,,,remove
lying/lying_mi_034,test,causeless_lying,全程保持躺着,keep_lying,True,False,False,lying,lying:81,0.0,0.0,80.0,remove
lying/lying_mi_035,train,causeless_lying,全程保持躺着,keep_lying,True,False,False,lying,lying:81,,,,remove
lying/lying_mi_036,train,causeless_lying,全程保持躺着,keep_lying,True,False,False,lying,lying:81,,,,remove
lying/lying_mi_037,train,causeless_lying,全程保持躺着,keep_lying,True,False,False,lying,lying:81,,,,remove
lying/lying_mi_038,train,causeless_lying,全程保持躺着,keep_lying,True,False,False,lying,lying:81,,,,remove
lying/lying_mi_039,val,causeless_lying,全程保持躺着,keep_lying,True,False,False,lying,lying:81,,,,remove
lying/lying_mi_040,train,causeless_lying,全程保持躺着,keep_lying,True,False,False,lying,lying:81,,,,remove
lying/lying_mi_041,test,causeless_lying,全程保持躺着,keep_lying,True,False,False,lying,lying:81,0.0,0.0,80.0,remove
lying/lying_mi_042,train,causeless_lying,全程保持躺着,keep_lying,True,False,False,lying,lying:81,,,,remove
lying/lying_mi_043,train,causeless_lying,全程保持躺着,keep_lying,True,False,False,lying,lying:81,,,,remove
lying/lying_mi_044,train,causeless_lying,全程保持躺着,keep_lying,True,False,False,lying,lying:81,,,,remove
lying/lying_mi_045,train,causeless_lying,全程保持躺着,keep_lying,True,False,False,lying,lying:81,,,,remove
lying/lying_mi_046,train,causeless_lying,全程保持躺着,keep_lying,True,False,False,lying,lying:81,,,,remove
lying/lying_mi_047,train,causeless_lying,全程保持躺着,keep_lying,True,False,False,lying,lying:81,,,,remove
lying/lying_mi_048,train,causeless_lying,全程保持躺着,keep_lying,True,False,False,lying,lying:81,,,,remove
lying/lying_mi_049,train,causeless_lying,全程保持躺着,keep_lying,True,False,False,lying,lying:81,,,,remove
lying/lying_mi_050,train,causeless_lying,全程保持躺着,keep_lying,True,False,False,lying,lying:81,,,,remove
lying/lying_mi_051,test,causeless_lying,全程保持躺着,keep_lying,True,False,False,lying,lying:81,0.0,0.0,80.0,remove
lying/lying_mi_052,test,causeless_lying,全程保持躺着,keep_lying,True,False,False,lying,lying:81,0.0,0.0,80.0,remove
lying/lying_mi_053,train,causeless_lying,全程保持躺着,keep_lying,True,False,False,lying,lying:81,,,,remove
lying/lying_mi_054,train,causeless_lying,全程保持躺着,keep_lying,True,False,False,lying,lying:81,,,,remove
lying/lying_mi_055,train,causeless_lying,全程保持躺着,keep_lying,True,False,False,lying,lying:81,,,,remove
lying/lying_mi_056,train,causeless_lying,全程保持躺着,keep_lying,True,False,False,lying,lying:81,,,,remove
lying/lying_mi_057,train,causeless_lying,全程保持躺着,keep_lying,True,False,False,lying,lying:81,,,,remove
lying/lying_mi_058,train,causeless_lying,全程保持躺着,keep_lying,True,False,False,lying,lying:81,,,,remove
lying/lying_mi_059,train,causeless_lying,全程保持躺着,keep_lying,True,False,False,lying,lying:81,,,,remove
lying/lying_mi_060,val,causeless_lying,全程保持躺着,keep_lying,True,False,False,lying,lying:81,,,,remove
lying/lying_mi_061,train,causeless_lying,全程保持躺着,keep_lying,True,False,False,lying,lying:81,,,,remove
lying/lying_mi_062,test,causeless_lying,全程保持躺着,keep_lying,True,False,False,lying,lying:81,0.0,0.0,80.0,remove
lying/lying_mi_063,train,causeless_lying,全程保持躺着,keep_lying,True,False,False,lying,lying:81,,,,remove
lying/lying_mi_064,train,causeless_lying,全程保持躺着,keep_lying,True,False,False,lying,lying:81,,,,remove
lying/lying_mi_065,train,causeless_lying,全程保持躺着,keep_lying,True,False,False,lying,lying:81,,,,remove
lying/lying_mi_066,test,causeless_lying,全程保持躺着,keep_lying,True,False,False,lying,lying:81,0.0,0.0,80.0,remove
lying/lying_mi_067,test,causeless_lying,全程保持躺着,keep_lying,True,False,False,lying,lying:81,0.0,0.0,80.0,remove
lying/lying_mi_068,val,causeless_lying,全程保持躺着,keep_lying,True,False,False,lying,lying:81,,,,remove
lying/lying_mi_069,train,causeless_lying,全程保持躺着,keep_lying,True,False,False,lying,lying:81,,,,remove
lying/lying_mi_070,train,causeless_lying,全程保持躺着,keep_lying,True,False,False,lying,lying:81,,,,remove
lying/lying_mi_071,train,causeless_lying,全程保持躺着,keep_lying,True,False,False,lying,lying:81,,,,remove
lying/lying_mi_072,train,causeless_lying,全程保持躺着,keep_lying,True,False,False,lying,lying:81,,,,remove
lying/lying_mi_073,train,causeless_lying,全程保持躺着,keep_lying,True,False,False,lying,lying:81,,,,remove
lying/lying_mi_074,test,causeless_lying,全程保持躺着,keep_lying,True,False,False,lying,lying:81,0.0,0.0,80.0,remove
lying/lying_mi_075,train,causeless_lying,全程保持躺着,keep_lying,True,False,False,lying,lying:81,,,,remove
lying/lying_mi_076,train,causeless_lying,全程保持躺着,keep_lying,True,False,False,lying,lying:81,,,,remove
lying/lying_mi_077,train,causeless_lying,全程保持躺着,keep_lying,True,False,False,lying,lying:81,,,,remove
lying/lying_mi_078,train,causeless_lying,全程保持躺着,keep_lying,True,False,False,lying,lying:81,,,,remove
lying/lying_mi_079,train,causeless_lying,全程保持躺着,keep_lying,True,False,False,lying,lying:81,,,,remove
lying/lying_mi_080,train,causeless_lying,全程保持躺着,keep_lying,True,False,False,lying,lying:81,,,,remove
lying/lying_mi_081,train,causeless_lying,全程保持躺着,keep_lying,True,False,False,lying,lying:81,,,,remove
lying/lying_mi_082,train,causeless_lying,全程保持躺着,keep_lying,True,False,False,lying,lying:81,,,,remove
lying/lying_mi_083,test,causeless_lying,全程保持躺着,keep_lying,True,False,False,lying,lying:81,0.0,0.0,80.0,remove
lying/lying_mi_084,train,causeless_lying,全程保持躺着,keep_lying,True,False,False,lying,lying:81,,,,remove
lying/lying_mi_085,train,causeless_lying,全程保持躺着,keep_lying,True,False,False,lying,lying:81,,,,remove
lying/lying_mi_086,train,causeless_lying,全程保持躺着,keep_lying,True,False,False,lying,lying:81,,,,remove
lying/lying_mi_087,train,causeless_lying,全程保持躺着,keep_lying,True,False,False,lying,lying:81,,,,remove
lying/lying_mi_088,train,causeless_lying,全程保持躺着,keep_lying,True,False,False,lying,lying:81,,,,remove
lying/lying_mi_089,test,causeless_lying,全程保持躺着,keep_lying,True,False,False,lying,lying:81,0.0,0.0,80.0,remove
lying/lying_mi_090,val,causeless_lying,全程保持躺着,keep_lying,True,False,False,lying,lying:81,,,,remove
lying/lying_mi_091,train,causeless_lying,全程保持躺着,keep_lying,True,False,False,lying,lying:81,,,,remove
lying/lying_mi_092,train,causeless_lying,全程保持躺着,keep_lying,True,False,False,lying,lying:81,,,,remove
lying/lying_mi_093,test,causeless_lying,全程保持躺着,keep_lying,True,False,False,lying,lying:81,6.0,74.0,0.0,remove
lying/lying_mi_094,train,causeless_lying,全程保持躺着,keep_lying,True,False,False,lying,lying:81,,,,remove
lying/lying_mi_095,train,causeless_lying,全程保持躺着,keep_lying,True,False,False,lying,lying:81,,,,remove
lying/lying_mi_096,train,causeless_lying,全程保持躺着,keep_lying,True,False,False,lying,lying:81,,,,remove
lying/lying_mi_097,val,causeless_lying,全程保持躺着,keep_lying,True,False,False,lying,lying:81,,,,remove
lying/lying_mi_098,val,causeless_lying,全程保持躺着,keep_lying,True,False,False,lying,lying:81,,,,remove
lying/lying_mi_099,train,causeless_lying,全程保持躺着,keep_lying,True,False,False,lying,lying:81,,,,remove
lying/lying_mi_100,train,causeless_lying,全程保持躺着,keep_lying,True,False,False,lying,lying:81,,,,remove
lying/lying_mi_101,train,causeless_lying,全程保持躺着,keep_lying,True,False,False,lying,lying:81,,,,remove
lying/lying_mi_102,train,causeless_lying,全程保持躺着,keep_lying,True,False,False,lying,lying:81,,,,remove
lying/lying_mi_103,test,causeless_lying,全程保持躺着,keep_lying,True,False,False,lying,lying:81,0.0,0.0,80.0,remove
lying/lying_mi_104,train,causeless_lying,全程保持躺着,keep_lying,True,False,False,lying,lying:81,,,,remove
lying/lying_mi_105,train,causeless_lying,全程保持躺着,keep_lying,True,False,False,lying,lying:81,,,,remove
lying/lying_mi_106,val,causeless_lying,全程保持躺着,keep_lying,True,False,False,lying,lying:81,,,,remove
lying/lying_mi_107,val,causeless_lying,全程保持躺着,keep_lying,True,False,False,lying,lying:81,,,,remove
lying/lying_mi_108,train,causeless_lying,全程保持躺着,keep_lying,True,False,False,lying,lying:81,,,,remove
lying/lying_mi_109,train,causeless_lying,全程保持躺着,keep_lying,True,False,False,lying,lying:81,,,,remove
lying/lying_mi_110,train,causeless_lying,全程保持躺着,keep_lying,True,False,False,lying,lying:81,,,,remove
lying/lying_mi_111,train,causeless_lying,全程保持躺着,keep_lying,True,False,False,lying,lying:81,,,,remove
lying/lying_mi_112,train,causeless_lying,全程保持躺着,keep_lying,True,False,False,lying,lying:81,,,,remove
lying/lying_mi_113,train,causeless_lying,全程保持躺着,keep_lying,True,False,False,lying,lying:81,,,,remove
lying/lying_mi_114,train,causeless_lying,全程保持躺着,keep_lying,True,False,False,lying,lying:81,,,,remove
lying/lying_mi_115,test,causeless_lying,全程保持躺着,keep_lying,True,False,False,lying,lying:81,0.0,0.0,80.0,remove
lying/lying_mi_116,train,causeless_lying,全程保持躺着,keep_lying,True,False,False,lying,lying:81,,,,remove
lying/lying_mi_117,train,causeless_lying,全程保持躺着,keep_lying,True,False,False,lying,lying:81,,,,remove
lying/lying_mi_118,train,causeless_lying,全程保持躺着,keep_lying,True,False,False,lying,lying:81,,,,remove
lying/lying_mi_119,test,causeless_lying,全程保持躺着,keep_lying,True,False,False,lying,lying:81,0.0,0.0,80.0,remove
lying/lying_mi_120,test,causeless_lying,全程保持躺着,keep_lying,True,False,False,lying,lying:81,0.0,0.0,80.0,remove
lying/lying_mi_121,train,causeless_lying,全程保持躺着,keep_lying,True,False,False,lying,lying:81,,,,remove
lying/lying_mi_122,train,causeless_lying,全程保持躺着,keep_lying,True,False,False,lying,lying:81,,,,remove
lying/lying_mi_123,train,causeless_lying,全程保持躺着,keep_lying,True,False,False,lying,lying:81,,,,remove
lying/lying_mi_124,train,causeless_lying,全程保持躺着,keep_lying,True,False,False,lying,lying:81,,,,remove
lying/lying_mi_125,train,causeless_lying,全程保持躺着,keep_lying,True,False,False,lying,lying:81,,,,remove
lying/lying_mi_126,train,causeless_lying,全程保持躺着,keep_lying,True,False,False,lying,lying:81,,,,remove
lying/lying_mi_127,train,causeless_lying,全程保持躺着,keep_lying,True,False,False,lying,lying:81,,,,remove
lying/lying_mi_128,train,causeless_lying,全程保持躺着,keep_lying,True,False,False,lying,lying:81,,,,remove
lying/lying_mi_129,val,causeless_lying,全程保持躺着,keep_lying,True,False,False,lying,lying:81,,,,remove
lying/lying_mi_130,train,causeless_lying,全程保持躺着,keep_lying,True,False,False,lying,lying:81,,,,remove
lying/lying_mi_131,train,causeless_lying,全程保持躺着,keep_lying,True,False,False,lying,lying:81,,,,remove
lying/lying_mi_132,train,causeless_lying,全程保持躺着,keep_lying,True,False,False,lying,lying:81,,,,remove
lying/lying_mi_133,train,causeless_lying,全程保持躺着,keep_lying,True,False,False,lying,lying:81,,,,remove
lying/lying_mi_134,test,causeless_lying,全程保持躺着,keep_lying,True,False,False,lying,lying:81,56.0,0.0,24.0,remove
lying/lying_mi_135,train,causeless_lying,全程保持躺着,keep_lying,True,False,False,lying,lying:81,,,,remove
lying/lying_mi_136,test,causeless_lying,全程保持躺着,keep_lying,True,False,False,lying,lying:81,0.0,0.0,80.0,remove
lying/lying_mi_137,test,causeless_lying,全程保持躺着,keep_lying,True,False,False,lying,lying:81,0.0,0.0,80.0,remove
lying/lying_mi_138,train,causeless_lying,全程保持躺着,keep_lying,True,False,False,lying,lying:81,,,,remove
lying/lying_mi_139,train,causeless_lying,全程保持躺着,keep_lying,True,False,False,lying,lying:81,,,,remove
lying/lying_mi_140,train,causeless_lying,全程保持躺着,keep_lying,True,False,False,lying,lying:81,,,,remove
lying/lying_mi_141,train,causeless_lying,全程保持躺着,keep_lying,True,False,False,lying,lying:81,,,,remove
lying/lying_mi_142,train,causeless_lying,全程保持躺着,keep_lying,True,False,False,lying,lying:81,,,,remove
lying/lying_mi_143,train,causeless_lying,全程保持躺着,keep_lying,True,False,False,lying,lying:81,,,,remove
lying/lying_mi_144,train,causeless_lying,全程保持躺着,keep_lying,True,False,False,lying,lying:81,,,,remove
lying/lying_mi_145,train,causeless_lying,全程保持躺着,keep_lying,True,False,False,lying,lying:81,,,,remove
lying/lying_mi_146,train,causeless_lying,全程保持躺着,keep_lying,True,False,False,lying,lying:81,,,,remove
lying/lying_mi_147,train,causeless_lying,全程保持躺着,keep_lying,True,False,False,lying,lying:81,,,,remove
lying/lying_mi_148,train,causeless_lying,全程保持躺着,keep_lying,True,False,False,lying,lying:81,,,,remove
lying/lying_mi_149,train,causeless_lying,全程保持躺着,keep_lying,True,False,False,lying,lying:81,,,,remove
lying/lying_mi_150,train,causeless_lying,全程保持躺着,keep_lying,True,False,False,lying,lying:81,,,,remove
lying/lying_mi_151,val,causeless_lying,全程保持躺着,keep_lying,True,False,False,lying,lying:81,,,,remove
lying/lying_mi_152,train,causeless_lying,全程保持躺着,keep_lying,True,False,False,lying,lying:81,,,,remove
lying/lying_mi_153,train,causeless_lying,全程保持躺着,keep_lying,True,False,False,lying,lying:81,,,,remove
lying/lying_mi_154,train,causeless_lying,全程保持躺着,keep_lying,True,False,False,lying,lying:81,,,,remove
lying/lying_mi_155,train,causeless_lying,全程保持躺着,keep_lying,True,False,False,lying,lying:81,,,,remove
lying/lying_mi_156,val,causeless_lying,全程保持躺着,keep_lying,True,False,False,lying,lying:81,,,,remove
lying/lying_mi_157,train,causeless_lying,全程保持躺着,keep_lying,True,False,False,lying,lying:81,,,,remove
lying/lying_mi_158,train,causeless_lying,全程保持躺着,keep_lying,True,False,False,lying,lying:81,,,,remove
lying/lying_mi_159,train,causeless_lying,全程保持躺着,keep_lying,True,False,False,lying,lying:81,,,,remove
lying/lying_mi_160,train,causeless_lying,全程保持躺着,keep_lying,True,False,False,lying,lying:81,,,,remove
lying/lying_mi_161,train,causeless_lying,全程保持躺着,keep_lying,True,False,False,lying,lying:81,,,,remove
lying/lying_mi_162,val,causeless_lying,全程保持躺着,keep_lying,True,False,False,lying,lying:81,,,,remove
lying/lying_mi_163,train,causeless_lying,全程保持躺着,keep_lying,True,False,False,lying,lying:81,,,,remove
lying/lying_mi_164,train,causeless_lying,全程保持躺着,keep_lying,True,False,False,lying,lying:81,,,,remove
lying/lying_mi_165,train,causeless_lying,全程保持躺着,keep_lying,True,False,False,lying,lying:81,,,,remove
lying/lying_mi_166,train,causeless_lying,全程保持躺着,keep_lying,True,False,False,lying,lying:81,,,,remove
lying/lying_mi_167,train,causeless_lying,全程保持躺着,keep_lying,True,False,False,lying,lying:81,,,,remove
lying/lying_mi_168,train,causeless_lying,全程保持躺着,keep_lying,True,False,False,lying,lying:81,,,,remove
lying/lying_mi_169,train,causeless_lying,全程保持躺着,keep_lying,True,False,False,lying,lying:81,,,,remove
lying/lying_mi_170,train,causeless_lying,全程保持躺着,keep_lying,True,False,False,lying,lying:81,,,,remove
lying/lying_mi_171,train,causeless_lying,全程保持躺着,keep_lying,True,False,False,lying,lying:81,,,,remove
lying/lying_mi_172,train,causeless_lying,全程保持躺着,keep_lying,True,False,False,lying,lying:81,,,,remove
lying/lying_mi_173,train,causeless_lying,全程保持躺着,keep_lying,True,False,False,lying,lying:81,,,,remove
lying/lying_mi_174,test,causeless_lying,全程保持躺着,keep_lying,True,False,False,lying,lying:81,0.0,0.0,80.0,remove
lying/lying_mi_175,train,causeless_lying,全程保持躺着,keep_lying,True,False,False,lying,lying:81,,,,remove
lying/lying_mi_176,train,causeless_lying,全程保持躺着,keep_lying,True,False,False,lying,lying:81,,,,remove
lying/lying_mi_177,val,causeless_lying,全程保持躺着,keep_lying,True,False,False,lying,lying:81,,,,remove
lying/lying_mi_178,train,causeless_lying,全程保持躺着,keep_lying,True,False,False,lying,lying:81,,,,remove
lying/lying_mi_179,train,causeless_lying,全程保持躺着,keep_lying,True,False,False,lying,lying:81,,,,remove
lying/lying_mi_180,train,causeless_lying,全程保持躺着,keep_lying,True,False,False,lying,lying:81,,,,remove
lying/lying_mi_181,train,causeless_lying,全程保持躺着,keep_lying,True,False,False,lying,lying:81,,,,remove
lying/lying_mi_182,train,causeless_lying,全程保持躺着,keep_lying,True,False,False,lying,lying:81,,,,remove
lying/lying_mi_183,train,causeless_lying,全程保持躺着,keep_lying,True,False,False,lying,lying:81,,,,remove
lying/lying_mi_184,val,causeless_lying,全程保持躺着,keep_lying,True,False,False,lying,lying:81,,,,remove
lying/lying_mi_185,train,causeless_lying,全程保持躺着,keep_lying,True,False,False,lying,lying:81,,,,remove
lying/lying_mi_186,train,causeless_lying,全程保持躺着,keep_lying,True,False,False,lying,lying:81,,,,remove
lying/lying_mi_187,val,causeless_lying,全程保持躺着,keep_lying,True,False,False,lying,lying:81,,,,remove
lying/lying_mi_188,train,causeless_lying,全程保持躺着,keep_lying,True,False,False,lying,lying:81,,,,remove
lying/lying_mi_189,train,causeless_lying,全程保持躺着,keep_lying,True,False,False,lying,lying:81,,,,remove
lying/lying_mi_190,train,causeless_lying,全程保持躺着,keep_lying,True,False,False,lying,lying:81,,,,remove
lying/lying_mi_191,train,causeless_lying,全程保持躺着,keep_lying,True,False,False,lying,lying:81,,,,remove
lying/lying_mi_192,train,causeless_lying,全程保持躺着,keep_lying,True,False,False,lying,lying:81,,,,remove
lying/lying_mi_193,train,causeless_lying,全程保持躺着,keep_lying,True,False,False,lying,lying:81,,,,remove
lying/lying_mi_194,val,causeless_lying,全程保持躺着,keep_lying,True,False,False,lying,lying:81,,,,remove
lying/lying_mi_195,train,causeless_lying,全程保持躺着,keep_lying,True,False,False,lying,lying:81,,,,remove
lying/lying_mi_196,train,causeless_lying,全程保持躺着,keep_lying,True,False,False,lying,lying:81,,,,remove
lying/lying_mi_197,train,causeless_lying,全程保持躺着,keep_lying,True,False,False,lying,lying:81,,,,remove
lying/lying_mi_198,train,causeless_lying,全程保持躺着,keep_lying,True,False,False,lying,lying:81,,,,remove
lying/lying_mi_199,test,causeless_lying,全程保持躺着,keep_lying,True,False,False,lying,lying:81,0.0,80.0,0.0,remove
lying/lying_mi_200,train,causeless_lying,全程保持躺着,keep_lying,True,False,False,lying,lying:81,,,,remove
lying/lying_te_002,val,causeless_lying,全程保持躺着,keep_lying,True,False,False,lying,lying:81,,,,remove
lying/lying_te_003,train,causeless_lying,全程保持躺着,keep_lying,True,False,False,lying,lying:81,,,,remove
lying/lying_te_004,train,causeless_lying,全程保持躺着,keep_lying,True,False,False,lying,lying:81,,,,remove
lying/lying_te_005,train,causeless_lying,全程保持躺着,keep_lying,True,False,False,lying,lying:81,,,,remove
lying/lying_te_006,train,causeless_lying,全程保持躺着,keep_lying,True,False,False,lying,lying:81,,,,remove
lying/lying_te_007,train,causeless_lying,全程保持躺着,keep_lying,True,False,False,lying,lying:81,,,,remove
lying/lying_te_008,train,causeless_lying,全程保持躺着,keep_lying,True,False,False,lying,lying:81,,,,remove
lying/lying_te_009,train,causeless_lying,全程保持躺着,keep_lying,True,False,False,lying,lying:81,,,,remove
lying/lying_te_010,train,causeless_lying,全程保持躺着,keep_lying,True,False,False,lying,lying:81,,,,remove
lying/lying_te_011,val,causeless_lying,全程保持躺着,keep_lying,True,False,False,lying,lying:81,,,,remove
lying/lying_te_012,train,causeless_lying,全程保持躺着,keep_lying,True,False,False,lying,lying:81,,,,remove
lying/lying_te_013,train,causeless_lying,全程保持躺着,keep_lying,True,False,False,lying,lying:81,,,,remove
lying/lying_te_014,train,causeless_lying,全程保持躺着,keep_lying,True,False,False,lying,lying:81,,,,remove
lying/lying_te_015,train,causeless_lying,全程保持躺着,keep_lying,True,False,False,lying,lying:81,,,,remove
lying/lying_te_016,train,causeless_lying,全程保持躺着,keep_lying,True,False,False,lying,lying:81,,,,remove
lying/lying_te_017,train,causeless_lying,全程保持躺着,keep_lying,True,False,False,lying,lying:81,,,,remove
lying/lying_te_018,train,causeless_lying,全程保持躺着,keep_lying,True,False,False,lying,lying:81,,,,remove
lying/lying_te_019,train,causeless_lying,全程保持躺着,keep_lying,True,False,False,lying,lying:81,,,,remove
lying/lying_te_020,train,causeless_lying,全程保持躺着,keep_lying,True,False,False,lying,lying:81,,,,remove
lying/lying_te_021,train,causeless_lying,全程保持躺着,keep_lying,True,False,False,lying,lying:81,,,,remove
lying/lying_te_022,train,causeless_lying,全程保持躺着,keep_lying,True,False,False,lying,lying:81,,,,remove
lying/lying_te_023,train,causeless_lying,全程保持躺着,keep_lying,True,False,False,lying,lying:81,,,,remove
lying/lying_te_024,train,causeless_lying,全程保持躺着,keep_lying,True,False,False,lying,lying:81,,,,remove
lying/lying_te_025,train,causeless_lying,全程保持躺着,keep_lying,True,False,False,lying,lying:81,,,,remove
lying/lying_te_026,train,causeless_lying,全程保持躺着,keep_lying,True,False,False,lying,lying:81,,,,remove
lying/lying_te_027,train,causeless_lying,全程保持躺着,keep_lying,True,False,False,lying,lying:81,,,,remove
lying/lying_te_028,train,causeless_mixed,全程保持躺着,keep_lying,True,False,False,lying+stand_up,lying:53/stand_up:28,,,,remove
lying/lying_te_029,train,causeless_lying,全程保持躺着,keep_lying,True,False,False,lying,lying:81,,,,remove
lying/lying_te_030,train,causeless_lying,全程保持躺着,keep_lying,True,False,False,lying,lying:81,,,,remove
lying/lying_te_031,train,causeless_lying,全程保持躺着,keep_lying,True,False,False,lying,lying:81,,,,remove
lying/lying_te_032,train,causeless_lying,全程保持躺着,keep_lying,True,False,False,lying,lying:81,,,,remove
lying/lying_te_033,test,causeless_lying,全程保持躺着,keep_lying,True,False,False,lying,lying:81,0.0,0.0,80.0,remove
lying/lying_te_034,train,causeless_lying,全程保持躺着,keep_lying,True,False,False,lying,lying:81,,,,remove
lying/lying_te_035,train,causeless_lying,全程保持躺着,keep_lying,True,False,False,lying,lying:81,,,,remove
lying/lying_te_036,train,causeless_lying,全程保持躺着,keep_lying,True,False,False,lying,lying:81,,,,remove
lying/lying_te_037,train,causeless_lying,全程保持躺着,keep_lying,True,False,False,lying,lying:81,,,,remove
lying/lying_te_038,train,causeless_lying,全程保持躺着,keep_lying,True,False,False,lying,lying:81,,,,remove
lying/lying_te_039,train,causeless_lying,全程保持躺着,keep_lying,True,False,False,lying,lying:81,,,,remove
lying/lying_te_040,train,causeless_lying,全程保持躺着,keep_lying,True,False,False,lying,lying:81,,,,remove
lying/lying_te_041,train,causeless_lying,全程保持躺着,keep_lying,True,False,False,lying,lying:81,,,,remove
lying/lying_te_042,train,causeless_lying,全程保持躺着,keep_lying,True,False,False,lying,lying:81,,,,remove
lying/lying_te_043,train,causeless_lying,全程保持躺着,keep_lying,True,False,False,lying,lying:81,,,,remove
lying/lying_te_044,train,causeless_lying,全程保持躺着,keep_lying,True,False,False,lying,lying:81,,,,remove
lying/lying_te_045,train,causeless_lying,全程保持躺着,keep_lying,True,False,False,lying,lying:81,,,,remove
lying/lying_te_046,train,causeless_lying,全程保持躺着,keep_lying,True,False,False,lying,lying:81,,,,remove
lying/lying_te_047,test,causeless_lying,全程保持躺着,keep_lying,True,False,False,lying,lying:81,0.0,0.0,80.0,remove
lying/lying_te_048,train,causeless_lying,全程保持躺着,keep_lying,True,False,False,lying,lying:81,,,,remove
lying/lying_te_049,train,causeless_lying,全程保持躺着,keep_lying,True,False,False,lying,lying:81,,,,remove
lying/lying_te_050,train,causeless_lying,全程保持躺着,keep_lying,True,False,False,lying,lying:81,,,,remove
lying/lying_te_051,train,causeless_lying,全程保持躺着,keep_lying,True,False,False,lying,lying:81,,,,remove
lying/lying_te_052,train,causeless_lying,全程保持躺着,keep_lying,True,False,False,lying,lying:81,,,,remove
lying/lying_te_053,train,causeless_lying,全程保持躺着,keep_lying,True,False,False,lying,lying:81,,,,remove
lying/lying_te_054,train,causeless_lying,全程保持躺着,keep_lying,True,False,False,lying,lying:81,,,,remove
lying/lying_te_055,train,causeless_lying,全程保持躺着,keep_lying,True,False,False,lying,lying:81,,,,remove
lying/lying_te_056,train,causeless_lying,全程保持躺着,keep_lying,True,False,False,lying,lying:81,,,,remove
lying/lying_te_057,train,causeless_lying,全程保持躺着,keep_lying,True,False,False,lying,lying:81,,,,remove
lying/lying_te_058,train,causeless_lying,全程保持躺着,keep_lying,True,False,False,lying,lying:81,,,,remove
lying/lying_te_059,train,causeless_lying,全程保持躺着,keep_lying,True,False,False,lying,lying:81,,,,remove
lying/lying_te_060,train,causeless_lying,全程保持躺着,keep_lying,True,False,False,lying,lying:81,,,,remove
lying/lying_te_061,train,causeless_lying,全程保持躺着,keep_lying,True,False,False,lying,lying:81,,,,remove
lying/lying_te_062,train,causeless_lying,全程保持躺着,keep_lying,True,False,False,lying,lying:81,,,,remove
lying/lying_te_063,test,causeless_lying,全程保持躺着,keep_lying,True,False,False,lying,lying:81,4.0,76.0,0.0,remove
lying/lying_te_064,train,causeless_lying,全程保持躺着,keep_lying,True,False,False,lying,lying:81,,,,remove
lying/lying_te_065,val,causeless_lying,全程保持躺着,keep_lying,True,False,False,lying,lying:81,,,,remove
lying/lying_te_066,train,causeless_lying,全程保持躺着,keep_lying,True,False,False,lying,lying:81,,,,remove
lying/lying_te_067,train,causeless_lying,全程保持躺着,keep_lying,True,False,False,lying,lying:81,,,,remove
lying/lying_te_068,train,causeless_lying,全程保持躺着,keep_lying,True,False,False,lying,lying:81,,,,remove
lying/lying_te_069,train,causeless_lying,全程保持躺着,keep_lying,True,False,False,lying,lying:81,,,,remove
lying/lying_te_071,train,causeless_lying,全程保持躺着,keep_lying,True,False,False,lying,lying:81,,,,remove
lying/lying_te_072,train,causeless_lying,全程保持躺着,keep_lying,True,False,False,lying,lying:81,,,,remove
lying/lying_te_073,test,causeless_lying,全程保持躺着,keep_lying,True,False,False,lying,lying:81,0.0,0.0,80.0,remove
lying/lying_te_074,train,causeless_lying,全程保持躺着,keep_lying,True,False,False,lying,lying:81,,,,remove
lying/lying_te_075,train,causeless_lying,全程保持躺着,keep_lying,True,False,False,lying,lying:81,,,,remove
lying/lying_te_076,train,causeless_lying,全程保持躺着,keep_lying,True,False,False,lying,lying:81,,,,remove
lying/lying_te_077,train,causeless_lying,全程保持躺着,keep_lying,True,False,False,lying,lying:81,,,,remove
lying/lying_te_078,train,causeless_lying,全程保持躺着,keep_lying,True,False,False,lying,lying:81,,,,remove
lying/lying_te_079,train,causeless_lying,全程保持躺着,keep_lying,True,False,False,lying,lying:81,,,,remove
lying/lying_te_080,test,causeless_lying,全程保持躺着,keep_lying,True,False,False,lying,lying:81,0.0,0.0,80.0,remove
lying/lying_te_081,train,causeless_lying,全程保持躺着,keep_lying,True,False,False,lying,lying:81,,,,remove
lying/lying_te_082,train,causeless_lying,全程保持躺着,keep_lying,True,False,False,lying,lying:81,,,,remove
lying/lying_te_083,train,causeless_lying,全程保持躺着,keep_lying,True,False,False,lying,lying:81,,,,remove
lying/lying_te_084,train,causeless_lying,全程保持躺着,keep_lying,True,False,False,lying,lying:81,,,,remove
lying/lying_te_085,train,causeless_lying,全程保持躺着,keep_lying,True,False,False,lying,lying:81,,,,remove
lying/lying_te_086,train,causeless_lying,全程保持躺着,keep_lying,True,False,False,lying,lying:81,,,,remove
lying/lying_te_087,train,causeless_lying,全程保持躺着,keep_lying,True,False,False,lying,lying:81,,,,remove
lying/lying_te_088,train,causeless_lying,全程保持躺着,keep_lying,True,False,False,lying,lying:81,,,,remove
lying/lying_te_089,val,causeless_lying,全程保持躺着,keep_lying,True,False,False,lying,lying:81,,,,remove
lying/lying_te_090,train,causeless_lying,全程保持躺着,keep_lying,True,False,False,lying,lying:81,,,,remove
lying/lying_te_091,train,causeless_lying,全程保持躺着,keep_lying,True,False,False,lying,lying:81,,,,remove
lying/lying_te_092,test,causeless_lying,全程保持躺着,keep_lying,True,False,False,lying,lying:81,0.0,0.0,80.0,remove
lying/lying_te_093,train,causeless_lying,全程保持躺着,keep_lying,True,False,False,lying,lying:81,,,,remove
lying/lying_te_094,train,causeless_lying,全程保持躺着,keep_lying,True,False,False,lying,lying:81,,,,remove
lying/lying_te_095,train,causeless_lying,全程保持躺着,keep_lying,True,False,False,lying,lying:81,,,,remove
lying/lying_te_096,val,causeless_lying,全程保持躺着,keep_lying,True,False,False,lying,lying:81,,,,remove
lying/lying_te_097,train,causeless_lying,全程保持躺着,keep_lying,True,False,False,lying,lying:81,,,,remove
lying/lying_te_098,train,causeless_lying,全程保持躺着,keep_lying,True,False,False,lying,lying:81,,,,remove
lying/lying_te_099,train,causeless_lying,全程保持躺着,keep_lying,True,False,False,lying,lying:81,,,,remove
lying/lying_te_100,train,causeless_lying,全程保持躺着,keep_lying,True,False,False,lying,lying:81,,,,remove
lying/lying_te_101,train,causeless_lying,全程保持躺着,keep_lying,True,False,False,lying,lying:81,,,,remove
lying/lying_te_102,train,causeless_lying,全程保持躺着,keep_lying,True,False,False,lying,lying:81,,,,remove
lying/lying_te_103,train,causeless_lying,全程保持躺着,keep_lying,True,False,False,lying,lying:81,,,,remove
lying/lying_te_104,train,causeless_lying,全程保持躺着,keep_lying,True,False,False,lying,lying:81,,,,remove
lying/lying_te_105,test,causeless_lying,全程保持躺着,keep_lying,True,False,False,lying,lying:81,8.0,72.0,0.0,remove
lying/lying_te_106,train,causeless_lying,全程保持躺着,keep_lying,True,False,False,lying,lying:81,,,,remove
lying/lying_te_107,train,causeless_lying,全程保持躺着,keep_lying,True,False,False,lying,lying:81,,,,remove
lying/lying_te_108,train,causeless_lying,全程保持躺着,keep_lying,True,False,False,lying,lying:81,,,,remove
lying/lying_te_109,train,causeless_lying,全程保持躺着,keep_lying,True,False,False,lying,lying:81,,,,remove
lying/lying_te_110,train,causeless_lying,全程保持躺着,keep_lying,True,False,False,lying,lying:81,,,,remove
lying/lying_te_111,train,causeless_lying,全程保持躺着,keep_lying,True,False,False,lying,lying:81,,,,remove
lying/lying_te_112,train,causeless_lying,全程保持躺着,keep_lying,True,False,False,lying,lying:81,,,,remove
lying/lying_te_113,train,causeless_lying,全程保持躺着,keep_lying,True,False,False,lying,lying:81,,,,remove
lying/lying_te_114,train,causeless_lying,全程保持躺着,keep_lying,True,False,False,lying,lying:81,,,,remove
lying/lying_te_115,train,causeless_lying,全程保持躺着,keep_lying,True,False,False,lying,lying:81,,,,remove
lying/lying_te_116,test,causeless_lying,全程保持躺着,keep_lying,True,False,False,lying,lying:81,0.0,0.0,80.0,remove
lying/lying_te_117,train,causeless_lying,全程保持躺着,keep_lying,True,False,False,lying,lying:81,,,,remove
lying/lying_te_118,train,causeless_lying,全程保持躺着,keep_lying,True,False,False,lying,lying:81,,,,remove
lying/lying_te_119,train,causeless_lying,全程保持躺着,keep_lying,True,False,False,lying,lying:81,,,,remove
lying/lying_te_120,train,causeless_lying,全程保持躺着,keep_lying,True,False,False,lying,lying:81,,,,remove
lying/lying_te_121,train,causeless_lying,全程保持躺着,keep_lying,True,False,False,lying,lying:81,,,,remove
lying/lying_te_122,train,causeless_lying,全程保持躺着,keep_lying,True,False,False,lying,lying:81,,,,remove
lying/lying_te_123,train,causeless_lying,全程保持躺着,keep_lying,True,False,False,lying,lying:81,,,,remove
lying/lying_te_124,train,causeless_lying,全程保持躺着,keep_lying,True,False,False,lying,lying:81,,,,remove
lying/lying_te_125,train,causeless_lying,全程保持躺着,keep_lying,True,False,False,lying,lying:81,,,,remove
lying/lying_te_126,test,causeless_lying,全程保持躺着,keep_lying,True,False,False,lying,lying:81,0.0,0.0,80.0,remove
lying/lying_te_127,train,causeless_lying,全程保持躺着,keep_lying,True,False,False,lying,lying:81,,,,remove
lying/lying_te_128,train,causeless_lying,全程保持躺着,keep_lying,True,False,False,lying,lying:81,,,,remove
lying/lying_te_129,train,causeless_lying,全程保持躺着,keep_lying,True,False,False,lying,lying:81,,,,remove
lying/lying_te_130,train,causeless_lying,全程保持躺着,keep_lying,True,False,False,lying,lying:81,,,,remove
lying/lying_te_131,train,causeless_lying,全程保持躺着,keep_lying,True,False,False,lying,lying:81,,,,remove
lying/lying_te_132,val,causeless_lying,全程保持躺着,keep_lying,True,False,False,lying,lying:81,,,,remove
lying/lying_te_133,val,causeless_lying,全程保持躺着,keep_lying,True,False,False,lying,lying:81,,,,remove
lying/lying_te_134,test,causeless_lying,全程保持躺着,keep_lying,True,False,False,lying,lying:81,0.0,0.0,80.0,remove
lying/lying_te_135,test,causeless_lying,全程保持躺着,keep_lying,True,False,False,lying,lying:81,0.0,0.0,80.0,remove
lying/lying_te_136,test,causeless_lying,全程保持躺着,keep_lying,True,False,False,lying,lying:81,0.0,0.0,80.0,remove
lying/lying_te_137,val,causeless_lying,全程保持躺着,keep_lying,True,False,False,lying,lying:81,,,,remove
lying/lying_te_138,train,causeless_lying,全程保持躺着,keep_lying,True,False,False,lying,lying:81,,,,remove
lying/lying_te_139,train,causeless_lying,全程保持躺着,keep_lying,True,False,False,lying,lying:81,,,,remove
lying/lying_te_140,test,causeless_lying,全程保持躺着,keep_lying,True,False,False,lying,lying:81,0.0,75.0,5.0,remove
lying/lying_te_141,train,causeless_lying,全程保持躺着,keep_lying,True,False,False,lying,lying:81,,,,remove
lying/lying_te_142,train,causeless_lying,全程保持躺着,keep_lying,True,False,False,lying,lying:81,,,,remove
lying/lying_te_143,test,causeless_lying,全程保持躺着,keep_lying,True,False,False,lying,lying:81,0.0,0.0,80.0,remove
lying/lying_te_144,train,causeless_lying,全程保持躺着,keep_lying,True,False,False,lying,lying:81,,,,remove
lying/lying_te_145,train,causeless_lying,全程保持躺着,keep_lying,True,False,False,lying,lying:81,,,,remove
lying/lying_te_146,test,causeless_lying,全程保持躺着,keep_lying,True,False,False,lying,lying:81,0.0,0.0,80.0,remove
lying/lying_te_147,train,causeless_lying,全程保持躺着,keep_lying,True,False,False,lying,lying:81,,,,remove
lying/lying_te_148,val,causeless_lying,全程保持躺着,keep_lying,True,False,False,lying,lying:81,,,,remove
lying/lying_te_149,train,causeless_lying,全程保持躺着,keep_lying,True,False,False,lying,lying:81,,,,remove
lying/lying_te_150,test,causeless_lying,全程保持躺着,keep_lying,True,False,False,lying,lying:81,0.0,0.0,80.0,remove
lying/lying_te_151,val,causeless_lying,全程保持躺着,keep_lying,True,False,False,lying,lying:81,,,,remove
lying/lying_te_152,test,causeless_lying,全程保持躺着,keep_lying,True,False,False,lying,lying:81,0.0,0.0,80.0,remove
lying/lying_te_153,test,causeless_lying,全程保持躺着,keep_lying,True,False,False,lying,lying:81,0.0,0.0,80.0,remove
lying/lying_te_154,train,causeless_lying,全程保持躺着,keep_lying,True,False,False,lying,lying:81,,,,remove
lying/lying_te_155,train,causeless_lying,全程保持躺着,keep_lying,True,False,False,lying,lying:81,,,,remove
lying/lying_te_156,train,causeless_lying,全程保持躺着,keep_lying,True,False,False,lying,lying:81,,,,remove
lying/lying_te_157,train,causeless_lying,全程保持躺着,keep_lying,True,False,False,lying,lying:81,,,,remove
lying/lying_te_158,train,causeless_lying,全程保持躺着,keep_lying,True,False,False,lying,lying:81,,,,remove
lying/lying_te_159,train,causeless_lying,全程保持躺着,keep_lying,True,False,False,lying,lying:81,,,,remove
lying/lying_te_160,train,causeless_lying,全程保持躺着,keep_lying,True,False,False,lying,lying:81,,,,remove
lying/lying_te_161,train,causeless_lying,全程保持躺着,keep_lying,True,False,False,lying,lying:81,,,,remove
lying/lying_te_162,train,causeless_lying,全程保持躺着,keep_lying,True,False,False,lying,lying:81,,,,remove
lying/lying_te_165,train,causeless_lying,全程保持躺着,keep_lying,True,False,False,lying,lying:81,,,,remove
lying/lying_te_166,train,causeless_lying,全程保持躺着,keep_lying,True,False,False,lying,lying:81,,,,remove
lying/lying_te_167,train,causeless_lying,全程保持躺着,keep_lying,True,False,False,lying,lying:81,,,,remove
lying/lying_te_168,train,causeless_lying,全程保持躺着,keep_lying,True,False,False,lying,lying:81,,,,remove
lying/lying_te_169,train,causeless_lying,全程保持躺着,keep_lying,True,False,False,lying,lying:81,,,,remove
lying/lying_te_170,val,causeless_lying,全程保持躺着,keep_lying,True,False,False,lying,lying:81,,,,remove
lying/lying_te_171,train,causeless_lying,全程保持躺着,keep_lying,True,False,False,lying,lying:81,,,,remove
lying/lying_te_172,test,causeless_lying,全程保持躺着,keep_lying,True,False,False,lying,lying:81,0.0,0.0,80.0,remove
lying/lying_te_173,train,causeless_lying,全程保持躺着,keep_lying,True,False,False,lying,lying:81,,,,remove
lying/lying_te_174,train,causeless_lying,全程保持躺着,keep_lying,True,False,False,lying,lying:81,,,,remove
lying/lying_te_175,test,causeless_lying,全程保持躺着,keep_lying,True,False,False,lying,lying:81,20.0,60.0,0.0,remove
lying/lying_te_176,test,causeless_lying,全程保持躺着,keep_lying,True,False,False,lying,lying:81,4.0,38.0,38.0,remove
lying/lying_te_177,train,causeless_lying,全程保持躺着,keep_lying,True,False,False,lying,lying:81,,,,remove
lying/lying_te_178,test,causeless_lying,全程保持躺着,keep_lying,True,False,False,lying,lying:81,0.0,0.0,80.0,remove
lying/lying_te_179,train,causeless_lying,全程保持躺着,keep_lying,True,False,False,lying,lying:81,,,,remove
lying/lying_te_180,train,causeless_lying,全程保持躺着,keep_lying,True,False,False,lying,lying:81,,,,remove
lying/lying_te_181,train,causeless_lying,全程保持躺着,keep_lying,True,False,False,lying,lying:81,,,,remove
lying/lying_te_182,val,causeless_lying,全程保持躺着,keep_lying,True,False,False,lying,lying:81,,,,remove
lying/lying_te_183,val,causeless_lying,全程保持躺着,keep_lying,True,False,False,lying,lying:81,,,,remove
lying/lying_te_184,train,causeless_lying,全程保持躺着,keep_lying,True,False,False,lying,lying:81,,,,remove
lying/lying_te_185,train,causeless_lying,全程保持躺着,keep_lying,True,False,False,lying,lying:81,,,,remove
lying/lying_te_186,train,causeless_lying,全程保持躺着,keep_lying,True,False,False,lying,lying:81,,,,remove
lying/lying_te_187,test,causeless_lying,全程保持躺着,keep_lying,True,False,False,lying,lying:81,0.0,0.0,80.0,remove
lying/lying_te_188,train,causeless_lying,全程保持躺着,keep_lying,True,False,False,lying,lying:81,,,,remove
lying/lying_te_189,train,causeless_lying,全程保持躺着,keep_lying,True,False,False,lying,lying:81,,,,remove
lying/lying_te_190,train,causeless_lying,全程保持躺着,keep_lying,True,False,False,lying,lying:81,,,,remove
lying/lying_te_191,train,causeless_lying,全程保持躺着,keep_lying,True,False,False,lying,lying:81,,,,remove
lying/lying_te_192,train,causeless_lying,全程保持躺着,keep_lying,True,False,False,lying,lying:81,,,,remove
lying/lying_te_193,train,causeless_lying,全程保持躺着,keep_lying,True,False,False,lying,lying:81,,,,remove
lying/lying_te_194,train,causeless_lying,全程保持躺着,keep_lying,True,False,False,lying,lying:81,,,,remove
lying/lying_te_195,train,causeless_lying,全程保持躺着,keep_lying,True,False,False,lying,lying:81,,,,remove
lying/lying_te_196,train,causeless_lying,全程保持躺着,keep_lying,True,False,False,lying,lying:81,,,,remove
lying/lying_te_197,train,causeless_lying,全程保持躺着,keep_lying,True,False,False,lying,lying:81,,,,remove
lying/lying_te_198,test,causeless_lying,全程保持躺着,keep_lying,True,False,False,lying,lying:81,7.0,73.0,0.0,remove
lying/lying_te_199,train,causeless_lying,全程保持躺着,keep_lying,True,False,False,lying,lying:81,,,,remove
lying/lying_te_200,train,causeless_lying,全程保持躺着,keep_lying,True,False,False,lying,lying:81,,,,remove
lying/lying_to_001,train,causeless_lying,全程保持躺着,keep_lying,True,False,False,lying,lying:81,,,,remove
lying/lying_to_002,train,causeless_lying,全程保持躺着,keep_lying,True,False,False,lying,lying:81,,,,remove
lying/lying_to_003,train,causeless_lying,全程保持躺着,keep_lying,True,False,False,lying,lying:81,,,,remove
lying/lying_to_004,train,causeless_lying,全程保持躺着,keep_lying,True,False,False,lying,lying:81,,,,remove
lying/lying_to_005,train,causeless_lying,全程保持躺着,keep_lying,True,False,False,lying,lying:81,,,,remove
lying/lying_to_006,train,causeless_lying,全程保持躺着,keep_lying,True,False,False,lying,lying:81,,,,remove
lying/lying_to_007,train,causeless_lying,全程保持躺着,keep_lying,True,False,False,lying,lying:81,,,,remove
lying/lying_to_008,train,causeless_lying,全程保持躺着,keep_lying,True,False,False,lying,lying:81,,,,remove
lying/lying_to_009,train,causeless_lying,全程保持躺着,keep_lying,True,False,False,lying,lying:81,,,,remove
lying/lying_to_010,train,causeless_lying,全程保持躺着,keep_lying,True,False,False,lying,lying:81,,,,remove
lying/lying_to_011,train,causeless_lying,全程保持躺着,keep_lying,True,False,False,lying,lying:81,,,,remove
lying/lying_to_012,train,causeless_lying,全程保持躺着,keep_lying,True,False,False,lying,lying:81,,,,remove
lying/lying_to_013,train,causeless_lying,全程保持躺着,keep_lying,True,False,False,lying,lying:81,,,,remove
lying/lying_to_014,train,causeless_lying,全程保持躺着,keep_lying,True,False,False,lying,lying:81,,,,remove
lying/lying_to_015,train,causeless_lying,全程保持躺着,keep_lying,True,False,False,lying,lying:81,,,,remove
lying/lying_to_016,test,causeless_lying,全程保持躺着,keep_lying,True,False,False,lying,lying:81,0.0,0.0,80.0,remove
lying/lying_to_017,train,causeless_lying,全程保持躺着,keep_lying,True,False,False,lying,lying:81,,,,remove
lying/lying_to_018,train,causeless_lying,全程保持躺着,keep_lying,True,False,False,lying,lying:81,,,,remove
lying/lying_to_019,train,causeless_lying,全程保持躺着,keep_lying,True,False,False,lying,lying:81,,,,remove
lying/lying_to_020,train,causeless_lying,全程保持躺着,keep_lying,True,False,False,lying,lying:81,,,,remove
lying/lying_to_021,train,causeless_lying,全程保持躺着,keep_lying,True,False,False,lying,lying:81,,,,remove
lying/lying_to_022,train,causeless_lying,全程保持躺着,keep_lying,True,False,False,lying,lying:81,,,,remove
lying/lying_to_023,test,causeless_lying,全程保持躺着,keep_lying,True,False,False,lying,lying:81,0.0,0.0,80.0,remove
lying/lying_to_024,train,causeless_lying,全程保持躺着,keep_lying,True,False,False,lying,lying:81,,,,remove
lying/lying_to_025,train,causeless_lying,全程保持躺着,keep_lying,True,False,False,lying,lying:81,,,,remove
lying/lying_to_026,test,causeless_lying,全程保持躺着,keep_lying,True,False,False,lying,lying:81,0.0,0.0,80.0,remove
lying/lying_to_027,train,causeless_lying,全程保持躺着,keep_lying,True,False,False,lying,lying:81,,,,remove
lying/lying_to_028,train,causeless_lying,全程保持躺着,keep_lying,True,False,False,lying,lying:81,,,,remove
lying/lying_to_029,train,causeless_lying,全程保持躺着,keep_lying,True,False,False,lying,lying:81,,,,remove
lying/lying_to_030,train,causeless_lying,全程保持躺着,keep_lying,True,False,False,lying,lying:81,,,,remove
lying/lying_to_031,train,causeless_lying,全程保持躺着,keep_lying,True,False,False,lying,lying:81,,,,remove
lying/lying_to_032,train,causeless_lying,全程保持躺着,keep_lying,True,False,False,lying,lying:81,,,,remove
lying/lying_to_033,train,causeless_lying,全程保持躺着,keep_lying,True,False,False,lying,lying:81,,,,remove
lying/lying_to_034,train,causeless_lying,全程保持躺着,keep_lying,True,False,False,lying,lying:81,,,,remove
lying/lying_to_035,train,causeless_lying,全程保持躺着,keep_lying,True,False,False,lying,lying:81,,,,remove
lying/lying_to_036,train,causeless_lying,全程保持躺着,keep_lying,True,False,False,lying,lying:81,,,,remove
lying/lying_to_037,train,causeless_lying,全程保持躺着,keep_lying,True,False,False,lying,lying:81,,,,remove
lying/lying_to_038,train,causeless_lying,全程保持躺着,keep_lying,True,False,False,lying,lying:81,,,,remove
lying/lying_to_039,test,causeless_lying,全程保持躺着,keep_lying,True,False,False,lying,lying:81,0.0,80.0,0.0,remove
lying/lying_to_040,train,causeless_lying,全程保持躺着,keep_lying,True,False,False,lying,lying:81,,,,remove
lying/lying_to_041,train,uniform_lie_down,全程保持躺着,keep_lying,False,False,True,lie_down,lie_down:81,,,,remove
lying/lying_to_042,train,causeless_lying,全程保持躺着,keep_lying,True,False,False,lying,lying:81,,,,remove
lying/lying_to_043,val,causeless_lying,全程保持躺着,keep_lying,True,False,False,lying,lying:81,,,,remove
lying/lying_to_044,train,causeless_lying,全程保持躺着,keep_lying,True,False,False,lying,lying:81,,,,remove
lying/lying_to_045,train,causeless_lying,全程保持躺着,keep_lying,True,False,False,lying,lying:81,,,,remove
lying/lying_to_046,train,causeless_lying,全程保持躺着,keep_lying,True,False,False,lying,lying:81,,,,remove
lying/lying_to_047,train,causeless_lying,全程保持躺着,keep_lying,True,False,False,lying,lying:81,,,,remove
lying/lying_to_048,train,causeless_lying,全程保持躺着,keep_lying,True,False,False,lying,lying:81,,,,remove
lying/lying_to_049,train,causeless_lying,全程保持躺着,keep_lying,True,False,False,lying,lying:81,,,,remove
lying/lying_to_050,train,causeless_lying,全程保持躺着,keep_lying,True,False,False,lying,lying:81,,,,remove
lying/lying_to_051,val,causeless_lying,全程保持躺着,keep_lying,True,False,False,lying,lying:81,,,,remove
lying/lying_to_052,test,causeless_lying,全程保持躺着,keep_lying,True,False,False,lying,lying:81,0.0,0.0,80.0,remove
lying/lying_to_053,train,causeless_lying,全程保持躺着,keep_lying,True,False,False,lying,lying:81,,,,remove
lying/lying_to_054,train,causeless_lying,全程保持躺着,keep_lying,True,False,False,lying,lying:81,,,,remove
lying/lying_to_055,train,causeless_lying,全程保持躺着,keep_lying,True,False,False,lying,lying:81,,,,remove
lying/lying_to_056,train,causeless_lying,全程保持躺着,keep_lying,True,False,False,lying,lying:81,,,,remove
lying/lying_to_057,train,causeless_lying,全程保持躺着,keep_lying,True,False,False,lying,lying:81,,,,remove
lying/lying_to_058,train,causeless_lying,全程保持躺着,keep_lying,True,False,False,lying,lying:81,,,,remove
lying/lying_to_059,val,causeless_lying,全程保持躺着,keep_lying,True,False,False,lying,lying:81,,,,remove
lying/lying_to_060,train,causeless_lying,全程保持躺着,keep_lying,True,False,False,lying,lying:81,,,,remove
lying/lying_to_061,test,causeless_lying,全程保持躺着,keep_lying,True,False,False,lying,lying:81,0.0,0.0,80.0,remove
lying/lying_to_062,train,causeless_lying,全程保持躺着,keep_lying,True,False,False,lying,lying:81,,,,remove
lying/lying_to_063,test,causeless_lying,全程保持躺着,keep_lying,True,False,False,lying,lying:81,0.0,0.0,80.0,remove
lying/lying_to_064,train,causeless_lying,全程保持躺着,keep_lying,True,False,False,lying,lying:81,,,,remove
lying/lying_to_065,train,causeless_lying,全程保持躺着,keep_lying,True,False,False,lying,lying:81,,,,remove
lying/lying_to_066,val,causeless_lying,全程保持躺着,keep_lying,True,False,False,lying,lying:81,,,,remove
lying/lying_to_067,train,causeless_lying,全程保持躺着,keep_lying,True,False,False,lying,lying:81,,,,remove
lying/lying_to_068,train,causeless_lying,全程保持躺着,keep_lying,True,False,False,lying,lying:81,,,,remove
lying/lying_to_069,train,causeless_lying,全程保持躺着,keep_lying,True,False,False,lying,lying:81,,,,remove
lying/lying_to_070,val,causeless_lying,全程保持躺着,keep_lying,True,False,False,lying,lying:81,,,,remove
lying/lying_to_071,train,causeless_lying,全程保持躺着,keep_lying,True,False,False,lying,lying:81,,,,remove
lying/lying_to_072,test,causeless_lying,全程保持躺着,keep_lying,True,False,False,lying,lying:81,0.0,0.0,80.0,remove
lying/lying_to_073,train,causeless_lying,全程保持躺着,keep_lying,True,False,False,lying,lying:81,,,,remove
lying/lying_to_074,train,causeless_lying,全程保持躺着,keep_lying,True,False,False,lying,lying:81,,,,remove
lying/lying_to_075,train,causeless_lying,全程保持躺着,keep_lying,True,False,False,lying,lying:81,,,,remove
lying/lying_to_076,val,causeless_lying,全程保持躺着,keep_lying,True,False,False,lying,lying:81,,,,remove
lying/lying_to_077,val,causeless_lying,全程保持躺着,keep_lying,True,False,False,lying,lying:81,,,,remove
lying/lying_to_078,val,causeless_lying,全程保持躺着,keep_lying,True,False,False,lying,lying:81,,,,remove
lying/lying_to_079,train,causeless_lying,全程保持躺着,keep_lying,True,False,False,lying,lying:81,,,,remove
lying/lying_to_080,test,causeless_lying,全程保持躺着,keep_lying,True,False,False,lying,lying:81,0.0,0.0,80.0,remove
lying/lying_to_081,val,causeless_lying,全程保持躺着,keep_lying,True,False,False,lying,lying:81,,,,remove
lying/lying_to_082,train,causeless_lying,全程保持躺着,keep_lying,True,False,False,lying,lying:81,,,,remove
lying/lying_to_083,train,causeless_lying,全程保持躺着,keep_lying,True,False,False,lying,lying:81,,,,remove
lying/lying_to_084,train,causeless_lying,全程保持躺着,keep_lying,True,False,False,lying,lying:81,,,,remove
lying/lying_to_085,train,causeless_lying,全程保持躺着,keep_lying,True,False,False,lying,lying:81,,,,remove
lying/lying_to_086,train,causeless_lying,全程保持躺着,keep_lying,True,False,False,lying,lying:81,,,,remove
lying/lying_to_087,train,causeless_lying,全程保持躺着,keep_lying,True,False,False,lying,lying:81,,,,remove
lying/lying_to_088,train,causeless_lying,全程保持躺着,keep_lying,True,False,False,lying,lying:81,,,,remove
lying/lying_to_089,train,causeless_lying,全程保持躺着,keep_lying,True,False,False,lying,lying:81,,,,remove
lying/lying_to_090,train,causeless_lying,全程保持躺着,keep_lying,True,False,False,lying,lying:81,,,,remove
lying/lying_to_091,train,causeless_lying,全程保持躺着,keep_lying,True,False,False,lying,lying:81,,,,remove
lying/lying_to_092,train,causeless_lying,全程保持躺着,keep_lying,True,False,False,lying,lying:81,,,,remove
lying/lying_to_093,train,causeless_lying,全程保持躺着,keep_lying,True,False,False,lying,lying:81,,,,remove
lying/lying_to_094,train,causeless_lying,全程保持躺着,keep_lying,True,False,False,lying,lying:81,,,,remove
lying/lying_to_095,test,causeless_lying,全程保持躺着,keep_lying,True,False,False,lying,lying:81,0.0,80.0,0.0,remove
lying/lying_to_097,val,causeless_lying,全程保持躺着,keep_lying,True,False,False,lying,lying:81,,,,remove
lying/lying_to_098,val,causeless_lying,全程保持躺着,keep_lying,True,False,False,lying,lying:81,,,,remove
lying/lying_to_099,val,causeless_lying,全程保持躺着,keep_lying,True,False,False,lying,lying:81,,,,remove
lying/lying_to_100,test,causeless_lying,全程保持躺着,keep_lying,True,False,False,lying,lying:81,0.0,0.0,80.0,remove
lying/lying_to_101,val,causeless_lying,全程保持躺着,keep_lying,True,False,False,lying,lying:81,,,,remove
lying/lying_to_102,train,causeless_lying,全程保持躺着,keep_lying,True,False,False,lying,lying:81,,,,remove
lying/lying_to_103,train,causeless_lying,全程保持躺着,keep_lying,True,False,False,lying,lying:81,,,,remove
lying/lying_to_104,train,causeless_lying,全程保持躺着,keep_lying,True,False,False,lying,lying:81,,,,remove
lying/lying_to_105,train,causeless_lying,全程保持躺着,keep_lying,True,False,False,lying,lying:81,,,,remove
lying/lying_to_106,val,causeless_lying,全程保持躺着,keep_lying,True,False,False,lying,lying:81,,,,remove
lying/lying_to_107,test,causeless_lying,全程保持躺着,keep_lying,True,False,False,lying,lying:81,16.0,64.0,0.0,remove
lying/lying_to_108,train,causeless_lying,全程保持躺着,keep_lying,True,False,False,lying,lying:81,,,,remove
lying/lying_to_109,train,causeless_lying,全程保持躺着,keep_lying,True,False,False,lying,lying:81,,,,remove
lying/lying_to_110,train,causeless_lying,全程保持躺着,keep_lying,True,False,False,lying,lying:81,,,,remove
lying/lying_to_111,train,causeless_lying,全程保持躺着,keep_lying,True,False,False,lying,lying:81,,,,remove
lying/lying_to_112,train,causeless_lying,全程保持躺着,keep_lying,True,False,False,lying,lying:81,,,,remove
lying/lying_to_113,train,causeless_lying,全程保持躺着,keep_lying,True,False,False,lying,lying:81,,,,remove
lying/lying_to_114,train,causeless_lying,全程保持躺着,keep_lying,True,False,False,lying,lying:81,,,,remove
lying/lying_to_115,train,causeless_lying,全程保持躺着,keep_lying,True,False,False,lying,lying:81,,,,remove
lying/lying_to_116,train,causeless_lying,全程保持躺着,keep_lying,True,False,False,lying,lying:81,,,,remove
lying/lying_to_117,train,causeless_lying,全程保持躺着,keep_lying,True,False,False,lying,lying:81,,,,remove
lying/lying_to_118,train,causeless_lying,全程保持躺着,keep_lying,True,False,False,lying,lying:81,,,,remove
lying/lying_to_119,train,causeless_lying,全程保持躺着,keep_lying,True,False,False,lying,lying:81,,,,remove
lying/lying_to_120,train,causeless_lying,全程保持躺着,keep_lying,True,False,False,lying,lying:81,,,,remove
lying/lying_to_121,val,causeless_lying,全程保持躺着,keep_lying,True,False,False,lying,lying:81,,,,remove
lying/lying_to_122,train,causeless_lying,全程保持躺着,keep_lying,True,False,False,lying,lying:81,,,,remove
lying/lying_to_123,train,causeless_lying,全程保持躺着,keep_lying,True,False,False,lying,lying:81,,,,remove
lying/lying_to_124,train,causeless_lying,全程保持躺着,keep_lying,True,False,False,lying,lying:81,,,,remove
lying/lying_to_125,train,causeless_lying,全程保持躺着,keep_lying,True,False,False,lying,lying:81,,,,remove
lying/lying_to_126,train,causeless_lying,全程保持躺着,keep_lying,True,False,False,lying,lying:81,,,,remove
lying/lying_to_127,test,causeless_lying,全程保持躺着,keep_lying,True,False,False,lying,lying:81,1.0,49.0,30.0,remove
lying/lying_to_128,train,causeless_lying,全程保持躺着,keep_lying,True,False,False,lying,lying:81,,,,remove
lying/lying_to_129,train,causeless_lying,全程保持躺着,keep_lying,True,False,False,lying,lying:81,,,,remove
lying/lying_to_130,train,causeless_lying,全程保持躺着,keep_lying,True,False,False,lying,lying:81,,,,remove
lying/lying_to_131,test,causeless_lying,全程保持躺着,keep_lying,True,False,False,lying,lying:81,16.0,0.0,64.0,remove
lying/lying_to_132,train,causeless_lying,全程保持躺着,keep_lying,True,False,False,lying,lying:81,,,,remove
lying/lying_to_133,train,causeless_lying,全程保持躺着,keep_lying,True,False,False,lying,lying:81,,,,remove
lying/lying_to_134,test,causeless_lying,全程保持躺着,keep_lying,True,False,False,lying,lying:81,0.0,0.0,80.0,remove
lying/lying_to_135,train,causeless_lying,全程保持躺着,keep_lying,True,False,False,lying,lying:81,,,,remove
lying/lying_to_136,train,causeless_lying,全程保持躺着,keep_lying,True,False,False,lying,lying:81,,,,remove
lying/lying_to_137,train,causeless_lying,全程保持躺着,keep_lying,True,False,False,lying,lying:81,,,,remove
lying/lying_to_138,train,causeless_lying,全程保持躺着,keep_lying,True,False,False,lying,lying:81,,,,remove
lying/lying_to_139,train,causeless_lying,全程保持躺着,keep_lying,True,False,False,lying,lying:81,,,,remove
lying/lying_to_140,train,causeless_lying,全程保持躺着,keep_lying,True,False,False,lying,lying:81,,,,remove
lying/lying_to_141,train,causeless_lying,全程保持躺着,keep_lying,True,False,False,lying,lying:81,,,,remove
lying/lying_to_142,train,causeless_lying,全程保持躺着,keep_lying,True,False,False,lying,lying:81,,,,remove
lying/lying_to_143,val,causeless_lying,全程保持躺着,keep_lying,True,False,False,lying,lying:81,,,,remove
lying/lying_to_144,test,causeless_lying,全程保持躺着,keep_lying,True,False,False,lying,lying:81,0.0,0.0,80.0,remove
lying/lying_to_145,train,causeless_lying,全程保持躺着,keep_lying,True,False,False,lying,lying:81,,,,remove
lying/lying_to_146,train,causeless_lying,全程保持躺着,keep_lying,True,False,False,lying,lying:81,,,,remove
lying/lying_to_147,train,causeless_lying,全程保持躺着,keep_lying,True,False,False,lying,lying:81,,,,remove
lying/lying_to_148,train,causeless_lying,全程保持躺着,keep_lying,True,False,False,lying,lying:81,,,,remove
lying/lying_to_149,train,causeless_lying,全程保持躺着,keep_lying,True,False,False,lying,lying:81,,,,remove
lying/lying_to_150,train,causeless_lying,全程保持躺着,keep_lying,True,False,False,lying,lying:81,,,,remove
lying/lying_to_151,train,causeless_lying,全程保持躺着,keep_lying,True,False,False,lying,lying:81,,,,remove
lying/lying_to_152,train,causeless_lying,全程保持躺着,keep_lying,True,False,False,lying,lying:81,,,,remove
lying/lying_to_153,test,causeless_lying,全程保持躺着,keep_lying,True,False,False,lying,lying:81,0.0,0.0,80.0,remove
lying/lying_to_154,train,causeless_lying,全程保持躺着,keep_lying,True,False,False,lying,lying:81,,,,remove
lying/lying_to_155,test,causeless_lying,全程保持躺着,keep_lying,True,False,False,lying,lying:81,0.0,0.0,80.0,remove
lying/lying_to_156,train,causeless_lying,全程保持躺着,keep_lying,True,False,False,lying,lying:81,,,,remove
lying/lying_to_157,train,causeless_lying,全程保持躺着,keep_lying,True,False,False,lying,lying:81,,,,remove
lying/lying_to_158,test,causeless_lying,全程保持躺着,keep_lying,True,False,False,lying,lying:81,0.0,0.0,80.0,remove
lying/lying_to_159,test,causeless_lying,全程保持躺着,keep_lying,True,False,False,lying,lying:81,0.0,0.0,80.0,remove
lying/lying_to_160,train,causeless_lying,全程保持躺着,keep_lying,True,False,False,lying,lying:81,,,,remove
lying/lying_to_161,train,causeless_lying,全程保持躺着,keep_lying,True,False,False,lying,lying:81,,,,remove
lying/lying_to_162,train,causeless_lying,全程保持躺着,keep_lying,True,False,False,lying,lying:81,,,,remove
lying/lying_to_163,test,causeless_lying,全程保持躺着,keep_lying,True,False,False,lying,lying:81,0.0,0.0,80.0,remove
lying/lying_to_164,test,causeless_lying,全程保持躺着,keep_lying,True,False,False,lying,lying:81,0.0,0.0,80.0,remove
lying/lying_to_165,test,causeless_lying,全程保持躺着,keep_lying,True,False,False,lying,lying:81,0.0,0.0,80.0,remove
lying/lying_to_166,train,causeless_lying,全程保持躺着,keep_lying,True,False,False,lying,lying:81,,,,remove
lying/lying_to_167,val,causeless_lying,全程保持躺着,keep_lying,True,False,False,lying,lying:81,,,,remove
lying/lying_to_168,train,causeless_lying,全程保持躺着,keep_lying,True,False,False,lying,lying:81,,,,remove
lying/lying_to_169,train,causeless_lying,全程保持躺着,keep_lying,True,False,False,lying,lying:81,,,,remove
lying/lying_to_170,test,causeless_lying,全程保持躺着,keep_lying,True,False,False,lying,lying:81,0.0,0.0,80.0,remove
lying/lying_to_171,train,causeless_lying,全程保持躺着,keep_lying,True,False,False,lying,lying:81,,,,remove
lying/lying_to_172,val,causeless_lying,全程保持躺着,keep_lying,True,False,False,lying,lying:81,,,,remove
lying/lying_to_173,train,causeless_lying,全程保持躺着,keep_lying,True,False,False,lying,lying:81,,,,remove
lying/lying_to_174,test,causeless_lying,全程保持躺着,keep_lying,True,False,False,lying,lying:81,0.0,0.0,80.0,remove
lying/lying_to_175,train,causeless_lying,全程保持躺着,keep_lying,True,False,False,lying,lying:81,,,,remove
lying/lying_to_176,train,causeless_lying,全程保持躺着,keep_lying,True,False,False,lying,lying:81,,,,remove
lying/lying_to_177,train,causeless_lying,全程保持躺着,keep_lying,True,False,False,lying,lying:81,,,,remove
lying/lying_to_178,train,causeless_lying,全程保持躺着,keep_lying,True,False,False,lying,lying:81,,,,remove
lying/lying_to_179,train,causeless_lying,全程保持躺着,keep_lying,True,False,False,lying,lying:81,,,,remove
lying/lying_to_180,train,causeless_lying,全程保持躺着,keep_lying,True,False,False,lying,lying:81,,,,remove
lying/lying_to_181,train,causeless_lying,全程保持躺着,keep_lying,True,False,False,lying,lying:81,,,,remove
lying/lying_to_182,test,causeless_lying,全程保持躺着,keep_lying,True,False,False,lying,lying:81,0.0,0.0,80.0,remove
lying/lying_to_183,val,causeless_lying,全程保持躺着,keep_lying,True,False,False,lying,lying:81,,,,remove
lying/lying_to_184,val,causeless_lying,全程保持躺着,keep_lying,True,False,False,lying,lying:81,,,,remove
lying/lying_to_185,train,causeless_lying,全程保持躺着,keep_lying,True,False,False,lying,lying:81,,,,remove
lying/lying_to_186,train,causeless_lying,全程保持躺着,keep_lying,True,False,False,lying,lying:81,,,,remove
lying/lying_to_187,train,causeless_lying,全程保持躺着,keep_lying,True,False,False,lying,lying:81,,,,remove
lying/lying_to_188,train,causeless_lying,全程保持躺着,keep_lying,True,False,False,lying,lying:81,,,,remove
lying/lying_to_189,train,causeless_lying,全程保持躺着,keep_lying,True,False,False,lying,lying:81,,,,remove
lying/lying_to_190,train,causeless_lying,全程保持躺着,keep_lying,True,False,False,lying,lying:81,,,,remove
lying/lying_to_191,train,causeless_lying,全程保持躺着,keep_lying,True,False,False,lying,lying:81,,,,remove
lying/lying_to_192,train,causeless_lying,全程保持躺着,keep_lying,True,False,False,lying,lying:81,,,,remove
lying/lying_to_193,train,causeless_lying,全程保持躺着,keep_lying,True,False,False,lying,lying:81,,,,remove
lying/lying_to_194,train,causeless_lying,全程保持躺着,keep_lying,True,False,False,lying,lying:81,,,,remove
lying/lying_to_195,train,causeless_lying,全程保持躺着,keep_lying,True,False,False,lying,lying:81,,,,remove
lying/lying_to_196,train,causeless_lying,全程保持躺着,keep_lying,True,False,False,lying,lying:81,,,,remove
lying/lying_to_197,train,causeless_lying,全程保持躺着,keep_lying,True,False,False,lying,lying:81,,,,remove
lying/lying_to_198,train,causeless_lying,全程保持躺着,keep_lying,True,False,False,lying,lying:81,,,,remove
lying/lying_to_199,train,causeless_lying,全程保持躺着,keep_lying,True,False,False,lying,lying:81,,,,remove
lying/lying_to_200,train,causeless_lying,全程保持躺着,keep_lying,True,False,False,lying,lying:81,,,,remove
lying/lying_yo_001,train,causeless_lying,全程保持躺着,keep_lying,True,False,False,lying,lying:81,,,,remove
lying/lying_yo_002,train,causeless_lying,全程保持躺着,keep_lying,True,False,False,lying,lying:81,,,,remove
lying/lying_yo_003,train,causeless_lying,全程保持躺着,keep_lying,True,False,False,lying,lying:81,,,,remove
lying/lying_yo_004,train,causeless_lying,全程保持躺着,keep_lying,True,False,False,lying,lying:81,,,,remove
lying/lying_yo_005,train,causeless_lying,全程保持躺着,keep_lying,True,False,False,lying,lying:81,,,,remove
lying/lying_yo_006,train,causeless_lying,全程保持躺着,keep_lying,True,False,False,lying,lying:81,,,,remove
lying/lying_yo_007,train,causeless_lying,全程保持躺着,keep_lying,True,False,False,lying,lying:81,,,,remove
lying/lying_yo_008,train,causeless_lying,全程保持躺着,keep_lying,True,False,False,lying,lying:81,,,,remove
lying/lying_yo_009,train,causeless_lying,全程保持躺着,keep_lying,True,False,False,lying,lying:81,,,,remove
lying/lying_yo_010,val,causeless_lying,全程保持躺着,keep_lying,True,False,False,lying,lying:81,,,,remove
lying/lying_yo_011,train,causeless_lying,全程保持躺着,keep_lying,True,False,False,lying,lying:81,,,,remove
lying/lying_yo_012,train,causeless_lying,全程保持躺着,keep_lying,True,False,False,lying,lying:81,,,,remove
lying/lying_yo_013,train,causeless_lying,全程保持躺着,keep_lying,True,False,False,lying,lying:81,,,,remove
lying/lying_yo_014,train,causeless_lying,全程保持躺着,keep_lying,True,False,False,lying,lying:81,,,,remove
lying/lying_yo_015,train,causeless_lying,全程保持躺着,keep_lying,True,False,False,lying,lying:81,,,,remove
lying/lying_yo_016,train,causeless_lying,全程保持躺着,keep_lying,True,False,False,lying,lying:81,,,,remove
lying/lying_yo_017,test,causeless_lying,全程保持躺着,keep_lying,True,False,False,lying,lying:81,0.0,0.0,80.0,remove
lying/lying_yo_018,train,causeless_lying,全程保持躺着,keep_lying,True,False,False,lying,lying:81,,,,remove
lying/lying_yo_019,train,causeless_lying,全程保持躺着,keep_lying,True,False,False,lying,lying:81,,,,remove
lying/lying_yo_020,train,causeless_lying,全程保持躺着,keep_lying,True,False,False,lying,lying:81,,,,remove
lying/lying_yo_021,train,causeless_lying,全程保持躺着,keep_lying,True,False,False,lying,lying:81,,,,remove
lying/lying_yo_022,train,causeless_lying,全程保持躺着,keep_lying,True,False,False,lying,lying:81,,,,remove
lying/lying_yo_023,train,causeless_lying,全程保持躺着,keep_lying,True,False,False,lying,lying:81,,,,remove
lying/lying_yo_024,train,causeless_lying,全程保持躺着,keep_lying,True,False,False,lying,lying:81,,,,remove
lying/lying_yo_025,train,causeless_lying,全程保持躺着,keep_lying,True,False,False,lying,lying:81,,,,remove
lying/lying_yo_026,train,causeless_lying,全程保持躺着,keep_lying,True,False,False,lying,lying:81,,,,remove
lying/lying_yo_027,train,causeless_lying,全程保持躺着,keep_lying,True,False,False,lying,lying:81,,,,remove
lying/lying_yo_028,train,causeless_lying,全程保持躺着,keep_lying,True,False,False,lying,lying:81,,,,remove
lying/lying_yo_029,train,causeless_lying,全程保持躺着,keep_lying,True,False,False,lying,lying:81,,,,remove
lying/lying_yo_030,train,causeless_lying,全程保持躺着,keep_lying,True,False,False,lying,lying:81,,,,remove
lying/lying_yo_031,train,causeless_lying,全程保持躺着,keep_lying,True,False,False,lying,lying:81,,,,remove
lying/lying_yo_032,train,causeless_lying,全程保持躺着,keep_lying,True,False,False,lying,lying:81,,,,remove
lying/lying_yo_033,test,causeless_lying,全程保持躺着,keep_lying,True,False,False,lying,lying:81,0.0,0.0,80.0,remove
lying/lying_yo_034,train,causeless_lying,全程保持躺着,keep_lying,True,False,False,lying,lying:81,,,,remove
lying/lying_yo_035,test,causeless_lying,全程保持躺着,keep_lying,True,False,False,lying,lying:81,0.0,0.0,80.0,remove
lying/lying_yo_036,train,causeless_lying,全程保持躺着,keep_lying,True,False,False,lying,lying:81,,,,remove
lying/lying_yo_037,test,causeless_lying,全程保持躺着,keep_lying,True,False,False,lying,lying:81,0.0,0.0,80.0,remove
lying/lying_yo_038,train,causeless_lying,全程保持躺着,keep_lying,True,False,False,lying,lying:81,,,,remove
lying/lying_yo_039,train,causeless_lying,全程保持躺着,keep_lying,True,False,False,lying,lying:81,,,,remove
lying/lying_yo_040,train,causeless_lying,全程保持躺着,keep_lying,True,False,False,lying,lying:81,,,,remove
lying/lying_yo_041,val,causeless_lying,全程保持躺着,keep_lying,True,False,False,lying,lying:81,,,,remove
lying/lying_yo_042,train,uniform_fallen,全程保持躺着,keep_lying,True,True,False,fallen,fallen:81,,,,remove
lying/lying_yo_043,train,causeless_lying,全程保持躺着,keep_lying,True,False,False,lying,lying:81,,,,remove
lying/lying_yo_044,train,causeless_lying,全程保持躺着,keep_lying,True,False,False,lying,lying:81,,,,remove
lying/lying_yo_045,train,causeless_lying,全程保持躺着,keep_lying,True,False,False,lying,lying:81,,,,remove
lying/lying_yo_046,train,causeless_lying,全程保持躺着,keep_lying,True,False,False,lying,lying:81,,,,remove
lying/lying_yo_047,train,causeless_lying,全程保持躺着,keep_lying,True,False,False,lying,lying:81,,,,remove
lying/lying_yo_048,train,causeless_lying,全程保持躺着,keep_lying,True,False,False,lying,lying:81,,,,remove
lying/lying_yo_049,train,causeless_lying,全程保持躺着,keep_lying,True,False,False,lying,lying:81,,,,remove
lying/lying_yo_050,test,causeless_lying,全程保持躺着,keep_lying,True,False,False,lying,lying:81,0.0,0.0,80.0,remove
lying/lying_yo_051,train,causeless_lying,全程保持躺着,keep_lying,True,False,False,lying,lying:81,,,,remove
lying/lying_yo_052,train,causeless_lying,全程保持躺着,keep_lying,True,False,False,lying,lying:81,,,,remove
lying/lying_yo_053,train,causeless_lying,全程保持躺着,keep_lying,True,False,False,lying,lying:81,,,,remove
lying/lying_yo_054,val,causeless_lying,全程保持躺着,keep_lying,True,False,False,lying,lying:81,,,,remove
lying/lying_yo_055,train,causeless_lying,全程保持躺着,keep_lying,True,False,False,lying,lying:81,,,,remove
lying/lying_yo_056,val,causeless_lying,全程保持躺着,keep_lying,True,False,False,lying,lying:81,,,,remove
lying/lying_yo_057,train,causeless_lying,全程保持躺着,keep_lying,True,False,False,lying,lying:81,,,,remove
lying/lying_yo_058,train,causeless_lying,全程保持躺着,keep_lying,True,False,False,lying,lying:81,,,,remove
lying/lying_yo_059,test,causeless_lying,全程保持躺着,keep_lying,True,False,False,lying,lying:81,0.0,0.0,80.0,remove
lying/lying_yo_060,train,causeless_lying,全程保持躺着,keep_lying,True,False,False,lying,lying:81,,,,remove
lying/lying_yo_061,train,causeless_lying,全程保持躺着,keep_lying,True,False,False,lying,lying:81,,,,remove
lying/lying_yo_062,train,causeless_lying,全程保持躺着,keep_lying,True,False,False,lying,lying:81,,,,remove
lying/lying_yo_063,train,causeless_lying,全程保持躺着,keep_lying,True,False,False,lying,lying:81,,,,remove
lying/lying_yo_064,train,causeless_lying,全程保持躺着,keep_lying,True,False,False,lying,lying:81,,,,remove
lying/lying_yo_065,train,causeless_lying,全程保持躺着,keep_lying,True,False,False,lying,lying:81,,,,remove
lying/lying_yo_066,train,causeless_lying,全程保持躺着,keep_lying,True,False,False,lying,lying:81,,,,remove
lying/lying_yo_067,train,causeless_lying,全程保持躺着,keep_lying,True,False,False,lying,lying:81,,,,remove
lying/lying_yo_068,train,causeless_lying,全程保持躺着,keep_lying,True,False,False,lying,lying:81,,,,remove
lying/lying_yo_069,val,causeless_lying,全程保持躺着,keep_lying,True,False,False,lying,lying:81,,,,remove
lying/lying_yo_070,test,causeless_lying,全程保持躺着,keep_lying,True,False,False,lying,lying:81,0.0,0.0,80.0,remove
lying/lying_yo_071,val,causeless_lying,全程保持躺着,keep_lying,True,False,False,lying,lying:81,,,,remove
lying/lying_yo_072,train,causeless_lying,全程保持躺着,keep_lying,True,False,False,lying,lying:81,,,,remove
lying/lying_yo_073,train,causeless_lying,全程保持躺着,keep_lying,True,False,False,lying,lying:81,,,,remove
lying/lying_yo_074,test,causeless_lying,全程保持躺着,keep_lying,True,False,False,lying,lying:81,0.0,0.0,80.0,remove
lying/lying_yo_075,train,causeless_lying,全程保持躺着,keep_lying,True,False,False,lying,lying:81,,,,remove
lying/lying_yo_076,train,causeless_lying,全程保持躺着,keep_lying,True,False,False,lying,lying:81,,,,remove
lying/lying_yo_077,val,causeless_lying,全程保持躺着,keep_lying,True,False,False,lying,lying:81,,,,remove
lying/lying_yo_078,train,causeless_lying,全程保持躺着,keep_lying,True,False,False,lying,lying:81,,,,remove
lying/lying_yo_079,val,causeless_lying,全程保持躺着,keep_lying,True,False,False,lying,lying:81,,,,remove
lying/lying_yo_080,train,causeless_lying,全程保持躺着,keep_lying,True,False,False,lying,lying:81,,,,remove
lying/lying_yo_081,train,causeless_lying,全程保持躺着,keep_lying,True,False,False,lying,lying:81,,,,remove
lying/lying_yo_082,test,causeless_lying,全程保持躺着,keep_lying,True,False,False,lying,lying:81,0.0,0.0,80.0,remove
lying/lying_yo_083,train,causeless_lying,全程保持躺着,keep_lying,True,False,False,lying,lying:81,,,,remove
lying/lying_yo_084,train,causeless_lying,全程保持躺着,keep_lying,True,False,False,lying,lying:81,,,,remove
lying/lying_yo_085,train,causeless_lying,全程保持躺着,keep_lying,True,False,False,lying,lying:81,,,,remove
lying/lying_yo_086,train,causeless_lying,全程保持躺着,keep_lying,True,False,False,lying,lying:81,,,,remove
lying/lying_yo_087,train,causeless_lying,全程保持躺着,keep_lying,True,False,False,lying,lying:81,,,,remove
lying/lying_yo_088,val,causeless_lying,全程保持躺着,keep_lying,True,False,False,lying,lying:81,,,,remove
lying/lying_yo_089,train,causeless_lying,全程保持躺着,keep_lying,True,False,False,lying,lying:81,,,,remove
lying/lying_yo_090,val,causeless_lying,全程保持躺着,keep_lying,True,False,False,lying,lying:81,,,,remove
lying/lying_yo_091,train,causeless_lying,全程保持躺着,keep_lying,True,False,False,lying,lying:81,,,,remove
lying/lying_yo_092,train,causeless_lying,全程保持躺着,keep_lying,True,False,False,lying,lying:81,,,,remove
lying/lying_yo_093,train,causeless_lying,全程保持躺着,keep_lying,True,False,False,lying,lying:81,,,,remove
lying/lying_yo_094,train,causeless_lying,全程保持躺着,keep_lying,True,False,False,lying,lying:81,,,,remove
lying/lying_yo_095,train,causeless_lying,全程保持躺着,keep_lying,True,False,False,lying,lying:81,,,,remove
lying/lying_yo_096,train,causeless_lying,全程保持躺着,keep_lying,True,False,False,lying,lying:81,,,,remove
lying/lying_yo_097,train,causeless_lying,全程保持躺着,keep_lying,True,False,False,lying,lying:81,,,,remove
lying/lying_yo_098,train,causeless_lying,全程保持躺着,keep_lying,True,False,False,lying,lying:81,,,,remove
lying/lying_yo_099,train,causeless_lying,全程保持躺着,keep_lying,True,False,False,lying,lying:81,,,,remove
lying/lying_yo_100,train,causeless_lying,全程保持躺着,keep_lying,True,False,False,lying,lying:81,,,,remove
lying/lying_yo_101,test,causeless_lying,全程保持躺着,keep_lying,True,False,False,lying,lying:81,2.0,78.0,0.0,remove
lying/lying_yo_102,train,causeless_lying,全程保持躺着,keep_lying,True,False,False,lying,lying:81,,,,remove
lying/lying_yo_103,train,causeless_lying,全程保持躺着,keep_lying,True,False,False,lying,lying:81,,,,remove
lying/lying_yo_104,val,causeless_lying,全程保持躺着,keep_lying,True,False,False,lying,lying:81,,,,remove
lying/lying_yo_105,train,causeless_lying,全程保持躺着,keep_lying,True,False,False,lying,lying:81,,,,remove
lying/lying_yo_106,train,causeless_lying,全程保持躺着,keep_lying,True,False,False,lying,lying:81,,,,remove
lying/lying_yo_107,val,causeless_lying,全程保持躺着,keep_lying,True,False,False,lying,lying:81,,,,remove
lying/lying_yo_108,train,causeless_lying,全程保持躺着,keep_lying,True,False,False,lying,lying:81,,,,remove
lying/lying_yo_109,test,causeless_lying,全程保持躺着,keep_lying,True,False,False,lying,lying:81,0.0,0.0,80.0,remove
lying/lying_yo_110,train,causeless_lying,全程保持躺着,keep_lying,True,False,False,lying,lying:81,,,,remove
lying/lying_yo_111,train,causeless_lying,全程保持躺着,keep_lying,True,False,False,lying,lying:81,,,,remove
lying/lying_yo_112,train,causeless_lying,全程保持躺着,keep_lying,True,False,False,lying,lying:81,,,,remove
lying/lying_yo_113,val,causeless_lying,全程保持躺着,keep_lying,True,False,False,lying,lying:81,,,,remove
lying/lying_yo_114,train,causeless_lying,全程保持躺着,keep_lying,True,False,False,lying,lying:81,,,,remove
lying/lying_yo_115,train,causeless_lying,全程保持躺着,keep_lying,True,False,False,lying,lying:81,,,,remove
lying/lying_yo_116,val,causeless_lying,全程保持躺着,keep_lying,True,False,False,lying,lying:81,,,,remove
lying/lying_yo_117,train,causeless_lying,全程保持躺着,keep_lying,True,False,False,lying,lying:81,,,,remove
lying/lying_yo_118,train,causeless_lying,全程保持躺着,keep_lying,True,False,False,lying,lying:81,,,,remove
lying/lying_yo_119,train,causeless_lying,全程保持躺着,keep_lying,True,False,False,lying,lying:81,,,,remove
lying/lying_yo_120,test,causeless_lying,全程保持躺着,keep_lying,True,False,False,lying,lying:81,0.0,0.0,80.0,remove
lying/lying_yo_121,test,causeless_lying,全程保持躺着,keep_lying,True,False,False,lying,lying:81,0.0,0.0,80.0,remove
lying/lying_yo_122,train,causeless_lying,全程保持躺着,keep_lying,True,False,False,lying,lying:81,,,,remove
lying/lying_yo_123,test,causeless_lying,全程保持躺着,keep_lying,True,False,False,lying,lying:81,0.0,0.0,80.0,remove
lying/lying_yo_124,train,causeless_lying,全程保持躺着,keep_lying,True,False,False,lying,lying:81,,,,remove
lying/lying_yo_125,train,causeless_lying,全程保持躺着,keep_lying,True,False,False,lying,lying:81,,,,remove
lying/lying_yo_126,train,causeless_lying,全程保持躺着,keep_lying,True,False,False,lying,lying:81,,,,remove
lying/lying_yo_127,train,causeless_lying,全程保持躺着,keep_lying,True,False,False,lying,lying:81,,,,remove
lying/lying_yo_128,train,causeless_lying,全程保持躺着,keep_lying,True,False,False,lying,lying:81,,,,remove
lying/lying_yo_129,test,causeless_lying,全程保持躺着,keep_lying,True,False,False,lying,lying:81,0.0,0.0,80.0,remove
lying/lying_yo_130,train,causeless_lying,全程保持躺着,keep_lying,True,False,False,lying,lying:81,,,,remove
lying/lying_yo_131,train,causeless_lying,全程保持躺着,keep_lying,True,False,False,lying,lying:81,,,,remove
lying/lying_yo_132,train,causeless_lying,全程保持躺着,keep_lying,True,False,False,lying,lying:81,,,,remove
lying/lying_yo_133,train,causeless_lying,全程保持躺着,keep_lying,True,False,False,lying,lying:81,,,,remove
lying/lying_yo_134,train,causeless_lying,全程保持躺着,keep_lying,True,False,False,lying,lying:81,,,,remove
lying/lying_yo_135,train,causeless_lying,全程保持躺着,keep_lying,True,False,False,lying,lying:81,,,,remove
lying/lying_yo_136,val,causeless_lying,全程保持躺着,keep_lying,True,False,False,lying,lying:81,,,,remove
lying/lying_yo_137,train,causeless_lying,全程保持躺着,keep_lying,True,False,False,lying,lying:81,,,,remove
lying/lying_yo_138,train,causeless_lying,全程保持躺着,keep_lying,True,False,False,lying,lying:81,,,,remove
lying/lying_yo_139,train,causeless_lying,全程保持躺着,keep_lying,True,False,False,lying,lying:81,,,,remove
lying/lying_yo_140,train,causeless_lying,全程保持躺着,keep_lying,True,False,False,lying,lying:81,,,,remove
lying/lying_yo_141,train,causeless_lying,全程保持躺着,keep_lying,True,False,False,lying,lying:81,,,,remove
lying/lying_yo_142,test,causeless_lying,全程保持躺着,keep_lying,True,False,False,lying,lying:81,0.0,0.0,80.0,remove
lying/lying_yo_143,val,causeless_lying,全程保持躺着,keep_lying,True,False,False,lying,lying:81,,,,remove
lying/lying_yo_144,val,causeless_lying,全程保持躺着,keep_lying,True,False,False,lying,lying:81,,,,remove
lying/lying_yo_145,train,causeless_lying,全程保持躺着,keep_lying,True,False,False,lying,lying:81,,,,remove
lying/lying_yo_146,val,causeless_lying,全程保持躺着,keep_lying,True,False,False,lying,lying:81,,,,remove
lying/lying_yo_147,train,causeless_lying,全程保持躺着,keep_lying,True,False,False,lying,lying:81,,,,remove
lying/lying_yo_148,train,causeless_lying,全程保持躺着,keep_lying,True,False,False,lying,lying:81,,,,remove
lying/lying_yo_149,train,causeless_lying,全程保持躺着,keep_lying,True,False,False,lying,lying:81,,,,remove
lying/lying_yo_150,train,causeless_lying,全程保持躺着,keep_lying,True,False,False,lying,lying:81,,,,remove
lying/lying_yo_151,train,causeless_lying,全程保持躺着,keep_lying,True,False,False,lying,lying:81,,,,remove
lying/lying_yo_152,train,causeless_lying,全程保持躺着,keep_lying,True,False,False,lying,lying:81,,,,remove
lying/lying_yo_153,train,causeless_lying,全程保持躺着,keep_lying,True,False,False,lying,lying:81,,,,remove
lying/lying_yo_154,train,causeless_lying,全程保持躺着,keep_lying,True,False,False,lying,lying:81,,,,remove
lying/lying_yo_155,val,causeless_lying,全程保持躺着,keep_lying,True,False,False,lying,lying:81,,,,remove
lying/lying_yo_156,train,causeless_lying,全程保持躺着,keep_lying,True,False,False,lying,lying:81,,,,remove
lying/lying_yo_157,train,causeless_lying,全程保持躺着,keep_lying,True,False,False,lying,lying:81,,,,remove
lying/lying_yo_158,val,causeless_lying,全程保持躺着,keep_lying,True,False,False,lying,lying:81,,,,remove
lying/lying_yo_159,val,causeless_lying,全程保持躺着,keep_lying,True,False,False,lying,lying:81,,,,remove
lying/lying_yo_160,train,causeless_lying,全程保持躺着,keep_lying,True,False,False,lying,lying:81,,,,remove
lying/lying_yo_161,train,causeless_lying,全程保持躺着,keep_lying,True,False,False,lying,lying:81,,,,remove
lying/lying_yo_162,train,causeless_lying,全程保持躺着,keep_lying,True,False,False,lying,lying:81,,,,remove
lying/lying_yo_163,train,causeless_lying,全程保持躺着,keep_lying,True,False,False,lying,lying:81,,,,remove
lying/lying_yo_164,train,causeless_lying,全程保持躺着,keep_lying,True,False,False,lying,lying:81,,,,remove
lying/lying_yo_165,train,causeless_lying,全程保持躺着,keep_lying,True,False,False,lying,lying:81,,,,remove
lying/lying_yo_166,train,causeless_lying,全程保持躺着,keep_lying,True,False,False,lying,lying:81,,,,remove
lying/lying_yo_167,train,causeless_lying,全程保持躺着,keep_lying,True,False,False,lying,lying:81,,,,remove
lying/lying_yo_168,train,causeless_lying,全程保持躺着,keep_lying,True,False,False,lying,lying:81,,,,remove
lying/lying_yo_169,train,causeless_lying,全程保持躺着,keep_lying,True,False,False,lying,lying:81,,,,remove
lying/lying_yo_170,train,causeless_lying,全程保持躺着,keep_lying,True,False,False,lying,lying:81,,,,remove
lying/lying_yo_171,train,causeless_lying,全程保持躺着,keep_lying,True,False,False,lying,lying:81,,,,remove
lying/lying_yo_172,test,causeless_lying,全程保持躺着,keep_lying,True,False,False,lying,lying:81,0.0,0.0,80.0,remove
lying/lying_yo_173,val,causeless_lying,全程保持躺着,keep_lying,True,False,False,lying,lying:81,,,,remove
lying/lying_yo_174,train,causeless_lying,全程保持躺着,keep_lying,True,False,False,lying,lying:81,,,,remove
lying/lying_yo_175,train,causeless_lying,全程保持躺着,keep_lying,True,False,False,lying,lying:81,,,,remove
lying/lying_yo_176,train,causeless_lying,全程保持躺着,keep_lying,True,False,False,lying,lying:81,,,,remove
lying/lying_yo_177,train,causeless_lying,全程保持躺着,keep_lying,True,False,False,lying,lying:81,,,,remove
lying/lying_yo_178,train,causeless_lying,全程保持躺着,keep_lying,True,False,False,lying,lying:81,,,,remove
lying/lying_yo_179,train,causeless_lying,全程保持躺着,keep_lying,True,False,False,lying,lying:81,,,,remove
lying/lying_yo_180,train,causeless_lying,全程保持躺着,keep_lying,True,False,False,lying,lying:81,,,,remove
lying/lying_yo_181,train,causeless_lying,全程保持躺着,keep_lying,True,False,False,lying,lying:81,,,,remove
lying/lying_yo_182,test,causeless_lying,全程保持躺着,keep_lying,True,False,False,lying,lying:81,0.0,0.0,80.0,remove
lying/lying_yo_183,train,causeless_lying,全程保持躺着,keep_lying,True,False,False,lying,lying:81,,,,remove
lying/lying_yo_184,train,causeless_lying,全程保持躺着,keep_lying,True,False,False,lying,lying:81,,,,remove
lying/lying_yo_185,train,causeless_lying,全程保持躺着,keep_lying,True,False,False,lying,lying:81,,,,remove
lying/lying_yo_186,train,causeless_lying,全程保持躺着,keep_lying,True,False,False,lying,lying:81,,,,remove
lying/lying_yo_187,test,causeless_lying,全程保持躺着,keep_lying,True,False,False,lying,lying:81,0.0,0.0,80.0,remove
lying/lying_yo_188,train,causeless_lying,全程保持躺着,keep_lying,True,False,False,lying,lying:81,,,,remove
lying/lying_yo_189,train,causeless_lying,全程保持躺着,keep_lying,True,False,False,lying,lying:81,,,,remove
lying/lying_yo_190,train,causeless_lying,全程保持躺着,keep_lying,True,False,False,lying,lying:81,,,,remove
lying/lying_yo_191,train,causeless_lying,全程保持躺着,keep_lying,True,False,False,lying,lying:81,,,,remove
lying/lying_yo_192,train,causeless_lying,全程保持躺着,keep_lying,True,False,False,lying,lying:81,,,,remove
lying/lying_yo_193,train,causeless_lying,全程保持躺着,keep_lying,True,False,False,lying,lying:81,,,,remove
lying/lying_yo_194,train,causeless_lying,全程保持躺着,keep_lying,True,False,False,lying,lying:81,,,,remove
lying/lying_yo_195,train,causeless_lying,全程保持躺着,keep_lying,True,False,False,lying,lying:81,,,,remove
lying/lying_yo_196,train,causeless_lying,全程保持躺着,keep_lying,True,False,False,lying,lying:81,,,,remove
lying/lying_yo_197,train,causeless_lying,全程保持躺着,keep_lying,True,False,False,lying,lying:81,,,,remove
lying/lying_yo_198,train,causeless_lying,全程保持躺着,keep_lying,True,False,False,lying,lying:81,,,,remove
lying/lying_yo_199,train,causeless_lying,全程保持躺着,keep_lying,True,False,False,lying,lying:81,,,,remove
sit_down/sit_down_to_027,train,causeless_mixed,躺着到坐起来,lie_to_sit,True,False,False,sit_down+sitting+lying,sit_down:23/sitting:44/lying:14,,,,keep
stand_up/stand_up_ch_042,train,causeless_mixed,躺着到站起来,lie_to_stand,True,False,False,fallen+stand_up,fallen:16/stand_up:65,,,,keep
stand_up/stand_up_ch_048,train,causeless_mixed,躺着到站起来,lie_to_stand,True,False,False,lying+stand_up+standing,lying:15/stand_up:59/standing:7,,,,keep
stand_up/stand_up_ch_066,train,causeless_mixed,躺着到站起来,lie_to_stand,True,False,False,fallen+stand_up,fallen:31/stand_up:50,,,,keep
stand_up/stand_up_ch_083,val,causeless_mixed,躺着到站起来,lie_to_stand,True,False,False,lying+stand_up+standing,lying:28/stand_up:40/standing:13,,,,keep
stand_up/stand_up_ch_088,train,causeless_mixed,躺着到站起来,lie_to_stand,True,False,False,fallen+stand_up,fallen:13/stand_up:68,,,,keep
stand_up/stand_up_ch_096,train,causeless_mixed,躺着到站起来,lie_to_stand,True,False,False,lying+stand_up+standing,lying:33/stand_up:33/standing:15,,,,keep
stand_up/stand_up_ch_172,train,causeless_mixed,躺着到站起来,lie_to_stand,True,False,False,lying+stand_up+standing,lying:9/stand_up:52/standing:20,,,,keep
stand_up/stand_up_ch_174,train,causeless_mixed,躺着到站起来,lie_to_stand,True,False,False,lying+stand_up+standing,lying:14/stand_up:54/standing:13,,,,keep
stand_up/stand_up_ch_178,train,causeless_mixed,躺着到站起来,lie_to_stand,True,False,False,lying+stand_up+standing+other,lying:7/stand_up:23/standing:23/other:28,,,,keep
stand_up/stand_up_ch_194,train,causeless_mixed,躺着到站起来,lie_to_stand,True,False,False,lying+stand_up,lying:17/stand_up:64,,,,keep
stand_up/stand_up_el_018,test,causeless_mixed,躺着到站起来,lie_to_stand,True,False,False,lying+stand_up,lying:26/stand_up:55,4.0,26.0,50.0,keep
stand_up/stand_up_el_108,train,causeless_mixed,躺着到站起来,lie_to_stand,True,False,False,fallen+stand_up,fallen:34/stand_up:47,,,,keep
stand_up/stand_up_el_114,train,causeless_mixed,躺着到站起来,lie_to_stand,True,False,False,lying+stand_up,lying:15/stand_up:66,,,,keep
stand_up/stand_up_el_125,train,causeless_mixed,躺着到站起来,lie_to_stand,True,False,False,lying+stand_up+standing,lying:34/stand_up:34/standing:13,,,,keep
stand_up/stand_up_el_169,train,causeless_mixed,躺着到站起来,lie_to_stand,True,False,False,fallen+stand_up+standing,fallen:16/stand_up:51/standing:14,,,,keep
stand_up/stand_up_el_185,train,causeless_mixed,躺着到站起来,lie_to_stand,True,False,False,lying+stand_up,lying:10/stand_up:71,,,,keep
stand_up/stand_up_mi_011,train,causeless_mixed,躺着到站起来,lie_to_stand,True,False,False,walk+lying+stand_up,walk:23/lying:23/stand_up:35,,,,keep
stand_up/stand_up_mi_025,test,causeless_mixed,躺着到站起来,lie_to_stand,True,False,False,lying+stand_up+standing,lying:15/stand_up:44/standing:22,0.0,0.0,80.0,keep
stand_up/stand_up_mi_085,train,causeless_mixed,躺着到站起来,lie_to_stand,True,False,False,lying+stand_up,lying:47/stand_up:34,,,,keep
stand_up/stand_up_mi_118,train,causeless_mixed,躺着到站起来,lie_to_stand,True,False,False,fallen+stand_up+standing,fallen:10/stand_up:31/standing:40,,,,keep
stand_up/stand_up_mi_125,train,causeless_mixed,躺着到站起来,lie_to_stand,True,False,False,lying+stand_up,lying:37/stand_up:44,,,,keep
stand_up/stand_up_mi_134,train,causeless_mixed,躺着到站起来,lie_to_stand,True,False,False,lying+stand_up+standing,lying:17/stand_up:61/standing:3,,,,keep
stand_up/stand_up_mi_199,test,causeless_mixed,躺着到站起来,lie_to_stand,True,False,False,lying+stand_up+standing,lying:25/stand_up:44/standing:12,1.0,0.0,79.0,keep
stand_up/stand_up_mi_200,train,causeless_mixed,躺着到站起来,lie_to_stand,True,False,False,lying+stand_up+standing,lying:22/stand_up:48/standing:11,,,,keep
stand_up/stand_up_te_051,train,causeless_mixed,躺着到站起来,lie_to_stand,True,False,False,fallen+stand_up,fallen:4/stand_up:77,,,,keep
stand_up/stand_up_te_061,train,causeless_mixed,躺着到站起来,lie_to_stand,True,False,False,lying+stand_up+standing,lying:6/stand_up:70/standing:5,,,,keep
stand_up/stand_up_te_065,test,causeless_mixed,躺着到站起来,lie_to_stand,True,False,False,lying+stand_up,lying:28/stand_up:53,0.0,0.0,80.0,keep
stand_up/stand_up_te_096,train,causeless_mixed,躺着到站起来,lie_to_stand,True,False,False,walk+lying+stand_up,walk:47/lying:10/stand_up:24,,,,keep
stand_up/stand_up_te_167,train,causeless_mixed,躺着到站起来,lie_to_stand,True,False,False,lying+stand_up+standing,lying:10/stand_up:60/standing:11,,,,keep
stand_up/stand_up_te_173,train,causeless_mixed,躺着到站起来,lie_to_stand,True,False,False,fallen+stand_up+standing,fallen:8/stand_up:64/standing:9,,,,keep
stand_up/stand_up_to_016,train,causeless_mixed,躺着到站起来,lie_to_stand,True,False,False,lying+stand_up+kneeling,lying:24/stand_up:40/kneeling:17,,,,keep
stand_up/stand_up_to_040,train,causeless_mixed,躺着到站起来,lie_to_stand,True,False,False,walk+lying+stand_up,walk:27/lying:25/stand_up:29,,,,keep
stand_up/stand_up_to_072,train,causeless_mixed,躺着到站起来,lie_to_stand,True,False,False,lying+stand_up,lying:41/stand_up:40,,,,keep
stand_up/stand_up_to_082,train,causeless_mixed,躺着到站起来,lie_to_stand,True,False,False,lying+stand_up+standing,lying:15/stand_up:46/standing:20,,,,keep
stand_up/stand_up_to_131,train,causeless_mixed,躺着到站起来,lie_to_stand,True,False,False,lying+stand_up+kneeling,lying:18/stand_up:48/kneeling:15,,,,keep
stand_up/stand_up_to_136,train,causeless_mixed,躺着到站起来,lie_to_stand,True,False,False,walk+fallen+sitting+stand_up+standing,walk:10/fallen:38/sitting:5/stand_up:22/standing:6,,,,keep
stand_up/stand_up_to_154,train,causeless_mixed,躺着到站起来,lie_to_stand,True,False,False,walk+lying+stand_up+standing,walk:4/lying:12/stand_up:50/standing:15,,,,keep
stand_up/stand_up_to_174,val,causeless_mixed,躺着到站起来,lie_to_stand,True,False,False,lying+stand_up,lying:45/stand_up:36,,,,keep
stand_up/stand_up_to_200,train,causeless_mixed,躺着到坐起来,lie_to_sit,True,False,False,lying+stand_up+kneeling,lying:19/stand_up:50/kneeling:12,,,,keep
stand_up/stand_up_yo_013,train,causeless_mixed,躺着到站起来,lie_to_stand,True,False,False,lying+stand_up+standing,lying:7/stand_up:61/standing:13,,,,keep
stand_up/stand_up_yo_022,val,causeless_mixed,躺着到站起来,lie_to_stand,True,False,False,walk+fallen+stand_up,walk:16/fallen:8/stand_up:57,,,,keep
stand_up/stand_up_yo_033,test,causeless_mixed,躺着到站起来,lie_to_stand,True,False,False,lying+stand_up,lying:40/stand_up:41,0.0,41.0,39.0,keep
stand_up/stand_up_yo_155,val,causeless_mixed,躺着到坐起来,lie_to_sit,True,False,False,sitting+lying+stand_up,sitting:21/lying:12/stand_up:48,,,,keep
stand_up/stand_up_yo_181,train,causeless_mixed,躺着到站起来,lie_to_stand,True,False,False,fallen+stand_up+standing,fallen:9/stand_up:48/standing:24,,,,keep
