
=============== [2026-09-13 04:51:23] PIPELINE START (tag=tsm_fair) ===============


=============== [2026-09-13 04:51:23] F1: deleting old cropped frames and re-extracting FULL-FRAME frames (12,000 videos, ~25 GB) ===============

[prep_p10_frames] 12000 videos, workers=32, size=256
  50/12000  6.3 vid/s  ok=50 skip=0 decode_failed=0 missing=0
  100/12000  7.1 vid/s  ok=100 skip=0 decode_failed=0 missing=0
  150/12000  7.6 vid/s  ok=150 skip=0 decode_failed=0 missing=0
  200/12000  8.0 vid/s  ok=200 skip=0 decode_failed=0 missing=0
  250/12000  8.3 vid/s  ok=250 skip=0 decode_failed=0 missing=0
  300/12000  8.8 vid/s  ok=300 skip=0 decode_failed=0 missing=0
  350/12000  8.9 vid/s  ok=350 skip=0 decode_failed=0 missing=0
  400/12000  9.1 vid/s  ok=400 skip=0 decode_failed=0 missing=0
  450/12000  9.3 vid/s  ok=450 skip=0 decode_failed=0 missing=0
  500/12000  9.4 vid/s  ok=500 skip=0 decode_failed=0 missing=0
  550/12000  9.5 vid/s  ok=550 skip=0 decode_failed=0 missing=0
  600/12000  9.6 vid/s  ok=600 skip=0 decode_failed=0 missing=0
  650/12000  9.7 vid/s  ok=650 skip=0 decode_failed=0 missing=0
  700/12000  9.7 vid/s  ok=700 skip=0 decode_failed=0 missing=0
  750/12000  9.8 vid/s  ok=750 skip=0 decode_failed=0 missing=0
  800/12000  9.8 vid/s  ok=800 skip=0 decode_failed=0 missing=0
  850/12000  9.9 vid/s  ok=850 skip=0 decode_failed=0 missing=0
  900/12000  9.8 vid/s  ok=900 skip=0 decode_failed=0 missing=0
  950/12000  10.0 vid/s  ok=950 skip=0 decode_failed=0 missing=0
  1000/12000  10.0 vid/s  ok=1000 skip=0 decode_failed=0 missing=0
  1050/12000  10.1 vid/s  ok=1050 skip=0 decode_failed=0 missing=0
  1100/12000  10.1 vid/s  ok=1100 skip=0 decode_failed=0 missing=0
  1150/12000  10.2 vid/s  ok=1150 skip=0 decode_failed=0 missing=0
  1200/12000  10.2 vid/s  ok=1200 skip=0 decode_failed=0 missing=0
  1250/12000  10.3 vid/s  ok=1250 skip=0 decode_failed=0 missing=0
  1300/12000  10.4 vid/s  ok=1300 skip=0 decode_failed=0 missing=0
  1350/12000  10.4 vid/s  ok=1350 skip=0 decode_failed=0 missing=0
  1400/12000  10.4 vid/s  ok=1400 skip=0 decode_failed=0 missing=0
  1450/12000  10.5 vid/s  ok=1450 skip=0 decode_failed=0 missing=0
  1500/12000  10.5 vid/s  ok=1500 skip=0 decode_failed=0 missing=0
  1550/12000  10.6 vid/s  ok=1550 skip=0 decode_failed=0 missing=0
  1600/12000  10.6 vid/s  ok=1600 skip=0 decode_failed=0 missing=0
  1650/12000  10.6 vid/s  ok=1650 skip=0 decode_failed=0 missing=0
  1700/12000  10.6 vid/s  ok=1700 skip=0 decode_failed=0 missing=0
  1750/12000  10.6 vid/s  ok=1750 skip=0 decode_failed=0 missing=0
  1800/12000  10.6 vid/s  ok=1800 skip=0 decode_failed=0 missing=0
  1850/12000  10.7 vid/s  ok=1850 skip=0 decode_failed=0 missing=0
  1900/12000  10.7 vid/s  ok=1900 skip=0 decode_failed=0 missing=0
  1950/12000  10.8 vid/s  ok=1950 skip=0 decode_failed=0 missing=0
  2000/12000  10.7 vid/s  ok=2000 skip=0 decode_failed=0 missing=0
  2050/12000  10.8 vid/s  ok=2050 skip=0 decode_failed=0 missing=0
  2100/12000  10.8 vid/s  ok=2100 skip=0 decode_failed=0 missing=0
  2150/12000  10.8 vid/s  ok=2150 skip=0 decode_failed=0 missing=0
  2200/12000  10.8 vid/s  ok=2200 skip=0 decode_failed=0 missing=0
  2250/12000  10.9 vid/s  ok=2250 skip=0 decode_failed=0 missing=0
  2300/12000  10.9 vid/s  ok=2300 skip=0 decode_failed=0 missing=0
  2350/12000  10.9 vid/s  ok=2350 skip=0 decode_failed=0 missing=0
  2400/12000  10.9 vid/s  ok=2400 skip=0 decode_failed=0 missing=0
  2450/12000  10.9 vid/s  ok=2450 skip=0 decode_failed=0 missing=0
  2500/12000  10.9 vid/s  ok=2500 skip=0 decode_failed=0 missing=0
  2550/12000  11.0 vid/s  ok=2550 skip=0 decode_failed=0 missing=0
  2600/12000  10.9 vid/s  ok=2600 skip=0 decode_failed=0 missing=0
  2650/12000  11.0 vid/s  ok=2650 skip=0 decode_failed=0 missing=0
  2700/12000  10.9 vid/s  ok=2700 skip=0 decode_failed=0 missing=0
  2750/12000  11.0 vid/s  ok=2750 skip=0 decode_failed=0 missing=0
  2800/12000  11.0 vid/s  ok=2800 skip=0 decode_failed=0 missing=0
  2850/12000  11.0 vid/s  ok=2850 skip=0 decode_failed=0 missing=0
  2900/12000  11.0 vid/s  ok=2900 skip=0 decode_failed=0 missing=0
  2950/12000  11.0 vid/s  ok=2950 skip=0 decode_failed=0 missing=0
  3000/12000  11.1 vid/s  ok=3000 skip=0 decode_failed=0 missing=0
  3050/12000  11.1 vid/s  ok=3050 skip=0 decode_failed=0 missing=0
  3100/12000  11.1 vid/s  ok=3100 skip=0 decode_failed=0 missing=0
  3150/12000  11.2 vid/s  ok=3150 skip=0 decode_failed=0 missing=0
  3200/12000  11.2 vid/s  ok=3200 skip=0 decode_failed=0 missing=0
  3250/12000  11.2 vid/s  ok=3250 skip=0 decode_failed=0 missing=0
  3300/12000  11.2 vid/s  ok=3300 skip=0 decode_failed=0 missing=0
  3350/12000  11.3 vid/s  ok=3350 skip=0 decode_failed=0 missing=0
  3400/12000  11.3 vid/s  ok=3400 skip=0 decode_failed=0 missing=0
  3450/12000  11.3 vid/s  ok=3450 skip=0 decode_failed=0 missing=0
  3500/12000  11.3 vid/s  ok=3500 skip=0 decode_failed=0 missing=0
  3550/12000  11.3 vid/s  ok=3550 skip=0 decode_failed=0 missing=0
  3600/12000  11.3 vid/s  ok=3600 skip=0 decode_failed=0 missing=0
  3650/12000  11.4 vid/s  ok=3650 skip=0 decode_failed=0 missing=0
  3700/12000  11.4 vid/s  ok=3700 skip=0 decode_failed=0 missing=0
  3750/12000  11.4 vid/s  ok=3750 skip=0 decode_failed=0 missing=0
  3800/12000  11.4 vid/s  ok=3800 skip=0 decode_failed=0 missing=0
  3850/12000  11.4 vid/s  ok=3850 skip=0 decode_failed=0 missing=0
  3900/12000  11.4 vid/s  ok=3900 skip=0 decode_failed=0 missing=0
  3950/12000  11.4 vid/s  ok=3950 skip=0 decode_failed=0 missing=0
  4000/12000  11.4 vid/s  ok=4000 skip=0 decode_failed=0 missing=0
  4050/12000  11.4 vid/s  ok=4050 skip=0 decode_failed=0 missing=0
  4100/12000  11.4 vid/s  ok=4100 skip=0 decode_failed=0 missing=0
  4150/12000  11.4 vid/s  ok=4150 skip=0 decode_failed=0 missing=0
  4200/12000  11.4 vid/s  ok=4200 skip=0 decode_failed=0 missing=0
  4250/12000  11.4 vid/s  ok=4250 skip=0 decode_failed=0 missing=0
  4300/12000  11.4 vid/s  ok=4300 skip=0 decode_failed=0 missing=0
  4350/12000  11.4 vid/s  ok=4350 skip=0 decode_failed=0 missing=0
  4400/12000  11.4 vid/s  ok=4400 skip=0 decode_failed=0 missing=0
  4450/12000  11.4 vid/s  ok=4450 skip=0 decode_failed=0 missing=0
  4500/12000  11.4 vid/s  ok=4500 skip=0 decode_failed=0 missing=0
  4550/12000  11.4 vid/s  ok=4550 skip=0 decode_failed=0 missing=0
  4600/12000  11.3 vid/s  ok=4600 skip=0 decode_failed=0 missing=0
  4650/12000  11.3 vid/s  ok=4650 skip=0 decode_failed=0 missing=0
  4700/12000  11.3 vid/s  ok=4700 skip=0 decode_failed=0 missing=0
  4750/12000  11.3 vid/s  ok=4750 skip=0 decode_failed=0 missing=0
  4800/12000  11.3 vid/s  ok=4800 skip=0 decode_failed=0 missing=0
  4850/12000  11.3 vid/s  ok=4850 skip=0 decode_failed=0 missing=0
  4900/12000  11.3 vid/s  ok=4900 skip=0 decode_failed=0 missing=0
  4950/12000  11.3 vid/s  ok=4950 skip=0 decode_failed=0 missing=0
  5000/12000  11.3 vid/s  ok=5000 skip=0 decode_failed=0 missing=0
  5050/12000  11.3 vid/s  ok=5050 skip=0 decode_failed=0 missing=0
  5100/12000  11.4 vid/s  ok=5100 skip=0 decode_failed=0 missing=0
  5150/12000  11.4 vid/s  ok=5150 skip=0 decode_failed=0 missing=0
  5200/12000  11.4 vid/s  ok=5200 skip=0 decode_failed=0 missing=0
  5250/12000  11.4 vid/s  ok=5250 skip=0 decode_failed=0 missing=0
  5300/12000  11.4 vid/s  ok=5300 skip=0 decode_failed=0 missing=0
  5350/12000  11.4 vid/s  ok=5350 skip=0 decode_failed=0 missing=0
  5400/12000  11.4 vid/s  ok=5400 skip=0 decode_failed=0 missing=0
  5450/12000  11.4 vid/s  ok=5450 skip=0 decode_failed=0 missing=0
  5500/12000  11.4 vid/s  ok=5500 skip=0 decode_failed=0 missing=0
  5550/12000  11.4 vid/s  ok=5550 skip=0 decode_failed=0 missing=0
  5600/12000  11.4 vid/s  ok=5600 skip=0 decode_failed=0 missing=0
  5650/12000  11.4 vid/s  ok=5650 skip=0 decode_failed=0 missing=0
  5700/12000  11.4 vid/s  ok=5700 skip=0 decode_failed=0 missing=0
  5750/12000  11.4 vid/s  ok=5750 skip=0 decode_failed=0 missing=0
  5800/12000  11.4 vid/s  ok=5800 skip=0 decode_failed=0 missing=0
  5850/12000  11.4 vid/s  ok=5850 skip=0 decode_failed=0 missing=0
  5900/12000  11.4 vid/s  ok=5900 skip=0 decode_failed=0 missing=0
  5950/12000  11.4 vid/s  ok=5950 skip=0 decode_failed=0 missing=0
  6000/12000  11.4 vid/s  ok=6000 skip=0 decode_failed=0 missing=0
  6050/12000  11.4 vid/s  ok=6050 skip=0 decode_failed=0 missing=0
  6100/12000  11.5 vid/s  ok=6100 skip=0 decode_failed=0 missing=0
  6150/12000  11.5 vid/s  ok=6150 skip=0 decode_failed=0 missing=0
  6200/12000  11.5 vid/s  ok=6200 skip=0 decode_failed=0 missing=0
  6250/12000  11.5 vid/s  ok=6250 skip=0 decode_failed=0 missing=0
  6300/12000  11.5 vid/s  ok=6300 skip=0 decode_failed=0 missing=0
  6350/12000  11.5 vid/s  ok=6350 skip=0 decode_failed=0 missing=0
  6400/12000  11.5 vid/s  ok=6400 skip=0 decode_failed=0 missing=0
  6450/12000  11.5 vid/s  ok=6450 skip=0 decode_failed=0 missing=0
  6500/12000  11.5 vid/s  ok=6500 skip=0 decode_failed=0 missing=0
  6550/12000  11.5 vid/s  ok=6550 skip=0 decode_failed=0 missing=0
  6600/12000  11.5 vid/s  ok=6600 skip=0 decode_failed=0 missing=0
  6650/12000  11.5 vid/s  ok=6650 skip=0 decode_failed=0 missing=0
  6700/12000  11.5 vid/s  ok=6700 skip=0 decode_failed=0 missing=0
  6750/12000  11.6 vid/s  ok=6750 skip=0 decode_failed=0 missing=0
  6800/12000  11.5 vid/s  ok=6800 skip=0 decode_failed=0 missing=0
  6850/12000  11.6 vid/s  ok=6850 skip=0 decode_failed=0 missing=0
  6900/12000  11.5 vid/s  ok=6900 skip=0 decode_failed=0 missing=0
  6950/12000  11.6 vid/s  ok=6950 skip=0 decode_failed=0 missing=0
  7000/12000  11.5 vid/s  ok=7000 skip=0 decode_failed=0 missing=0
  7050/12000  11.6 vid/s  ok=7050 skip=0 decode_failed=0 missing=0
  7100/12000  11.6 vid/s  ok=7100 skip=0 decode_failed=0 missing=0
  7150/12000  11.6 vid/s  ok=7150 skip=0 decode_failed=0 missing=0
  7200/12000  11.6 vid/s  ok=7200 skip=0 decode_failed=0 missing=0
  7250/12000  11.6 vid/s  ok=7250 skip=0 decode_failed=0 missing=0
  7300/12000  11.6 vid/s  ok=7300 skip=0 decode_failed=0 missing=0
  7350/12000  11.6 vid/s  ok=7350 skip=0 decode_failed=0 missing=0
  7400/12000  11.6 vid/s  ok=7400 skip=0 decode_failed=0 missing=0
  7450/12000  11.6 vid/s  ok=7450 skip=0 decode_failed=0 missing=0
  7500/12000  11.5 vid/s  ok=7500 skip=0 decode_failed=0 missing=0
  7550/12000  11.6 vid/s  ok=7550 skip=0 decode_failed=0 missing=0
  7600/12000  11.5 vid/s  ok=7600 skip=0 decode_failed=0 missing=0
  7650/12000  11.6 vid/s  ok=7650 skip=0 decode_failed=0 missing=0
  7700/12000  11.6 vid/s  ok=7700 skip=0 decode_failed=0 missing=0
  7750/12000  11.6 vid/s  ok=7750 skip=0 decode_failed=0 missing=0
  7800/12000  11.6 vid/s  ok=7800 skip=0 decode_failed=0 missing=0
  7850/12000  11.6 vid/s  ok=7850 skip=0 decode_failed=0 missing=0
  7900/12000  11.6 vid/s  ok=7900 skip=0 decode_failed=0 missing=0
  7950/12000  11.6 vid/s  ok=7950 skip=0 decode_failed=0 missing=0
  8000/12000  11.6 vid/s  ok=8000 skip=0 decode_failed=0 missing=0
  8050/12000  11.6 vid/s  ok=8050 skip=0 decode_failed=0 missing=0
  8100/12000  11.6 vid/s  ok=8100 skip=0 decode_failed=0 missing=0
  8150/12000  11.6 vid/s  ok=8150 skip=0 decode_failed=0 missing=0
  8200/12000  11.6 vid/s  ok=8200 skip=0 decode_failed=0 missing=0
  8250/12000  11.6 vid/s  ok=8250 skip=0 decode_failed=0 missing=0
  8300/12000  11.6 vid/s  ok=8300 skip=0 decode_failed=0 missing=0
  8350/12000  11.6 vid/s  ok=8350 skip=0 decode_failed=0 missing=0
  8400/12000  11.6 vid/s  ok=8400 skip=0 decode_failed=0 missing=0
  8450/12000  11.6 vid/s  ok=8450 skip=0 decode_failed=0 missing=0
  8500/12000  11.6 vid/s  ok=8500 skip=0 decode_failed=0 missing=0
  8550/12000  11.7 vid/s  ok=8550 skip=0 decode_failed=0 missing=0
  8600/12000  11.7 vid/s  ok=8600 skip=0 decode_failed=0 missing=0
  8650/12000  11.7 vid/s  ok=8650 skip=0 decode_failed=0 missing=0
  8700/12000  11.6 vid/s  ok=8700 skip=0 decode_failed=0 missing=0
  8750/12000  11.6 vid/s  ok=8750 skip=0 decode_failed=0 missing=0
  8800/12000  11.6 vid/s  ok=8800 skip=0 decode_failed=0 missing=0
  8850/12000  11.6 vid/s  ok=8850 skip=0 decode_failed=0 missing=0
  8900/12000  11.6 vid/s  ok=8900 skip=0 decode_failed=0 missing=0
  8950/12000  11.6 vid/s  ok=8950 skip=0 decode_failed=0 missing=0
  9000/12000  11.6 vid/s  ok=9000 skip=0 decode_failed=0 missing=0
  9050/12000  11.6 vid/s  ok=9050 skip=0 decode_failed=0 missing=0
  9100/12000  11.6 vid/s  ok=9100 skip=0 decode_failed=0 missing=0
  9150/12000  11.6 vid/s  ok=9150 skip=0 decode_failed=0 missing=0
  9200/12000  11.6 vid/s  ok=9200 skip=0 decode_failed=0 missing=0
  9250/12000  11.6 vid/s  ok=9250 skip=0 decode_failed=0 missing=0
  9300/12000  11.6 vid/s  ok=9300 skip=0 decode_failed=0 missing=0
  9350/12000  11.6 vid/s  ok=9350 skip=0 decode_failed=0 missing=0
  9400/12000  11.5 vid/s  ok=9400 skip=0 decode_failed=0 missing=0
  9450/12000  11.5 vid/s  ok=9450 skip=0 decode_failed=0 missing=0
  9500/12000  11.5 vid/s  ok=9500 skip=0 decode_failed=0 missing=0
  9550/12000  11.5 vid/s  ok=9550 skip=0 decode_failed=0 missing=0
  9600/12000  11.5 vid/s  ok=9600 skip=0 decode_failed=0 missing=0
  9650/12000  11.5 vid/s  ok=9650 skip=0 decode_failed=0 missing=0
  9700/12000  11.5 vid/s  ok=9700 skip=0 decode_failed=0 missing=0
  9750/12000  11.5 vid/s  ok=9750 skip=0 decode_failed=0 missing=0
  9800/12000  11.5 vid/s  ok=9800 skip=0 decode_failed=0 missing=0
  9850/12000  11.5 vid/s  ok=9850 skip=0 decode_failed=0 missing=0
  9900/12000  11.5 vid/s  ok=9900 skip=0 decode_failed=0 missing=0
  9950/12000  11.5 vid/s  ok=9950 skip=0 decode_failed=0 missing=0
  10000/12000  11.5 vid/s  ok=10000 skip=0 decode_failed=0 missing=0
  10050/12000  11.5 vid/s  ok=10050 skip=0 decode_failed=0 missing=0
  10100/12000  11.5 vid/s  ok=10100 skip=0 decode_failed=0 missing=0
  10150/12000  11.5 vid/s  ok=10150 skip=0 decode_failed=0 missing=0
  10200/12000  11.5 vid/s  ok=10200 skip=0 decode_failed=0 missing=0
  10250/12000  11.5 vid/s  ok=10250 skip=0 decode_failed=0 missing=0
  10300/12000  11.5 vid/s  ok=10300 skip=0 decode_failed=0 missing=0
  10350/12000  11.5 vid/s  ok=10350 skip=0 decode_failed=0 missing=0
  10400/12000  11.5 vid/s  ok=10400 skip=0 decode_failed=0 missing=0
  10450/12000  11.5 vid/s  ok=10450 skip=0 decode_failed=0 missing=0
  10500/12000  11.5 vid/s  ok=10500 skip=0 decode_failed=0 missing=0
  10550/12000  11.5 vid/s  ok=10550 skip=0 decode_failed=0 missing=0
  10600/12000  11.5 vid/s  ok=10600 skip=0 decode_failed=0 missing=0
  10650/12000  11.5 vid/s  ok=10650 skip=0 decode_failed=0 missing=0
  10700/12000  11.5 vid/s  ok=10700 skip=0 decode_failed=0 missing=0
  10750/12000  11.5 vid/s  ok=10750 skip=0 decode_failed=0 missing=0
  10800/12000  11.5 vid/s  ok=10800 skip=0 decode_failed=0 missing=0
  10850/12000  11.5 vid/s  ok=10850 skip=0 decode_failed=0 missing=0
  10900/12000  11.5 vid/s  ok=10900 skip=0 decode_failed=0 missing=0
  10950/12000  11.5 vid/s  ok=10950 skip=0 decode_failed=0 missing=0
  11000/12000  11.5 vid/s  ok=11000 skip=0 decode_failed=0 missing=0
  11050/12000  11.5 vid/s  ok=11050 skip=0 decode_failed=0 missing=0
  11100/12000  11.5 vid/s  ok=11100 skip=0 decode_failed=0 missing=0
  11150/12000  11.5 vid/s  ok=11150 skip=0 decode_failed=0 missing=0
  11200/12000  11.5 vid/s  ok=11200 skip=0 decode_failed=0 missing=0
  11250/12000  11.5 vid/s  ok=11250 skip=0 decode_failed=0 missing=0
  11300/12000  11.5 vid/s  ok=11300 skip=0 decode_failed=0 missing=0
  11350/12000  11.5 vid/s  ok=11350 skip=0 decode_failed=0 missing=0
  11400/12000  11.5 vid/s  ok=11400 skip=0 decode_failed=0 missing=0
  11450/12000  11.5 vid/s  ok=11450 skip=0 decode_failed=0 missing=0
  11500/12000  11.5 vid/s  ok=11500 skip=0 decode_failed=0 missing=0
  11550/12000  11.5 vid/s  ok=11550 skip=0 decode_failed=0 missing=0
  11600/12000  11.5 vid/s  ok=11600 skip=0 decode_failed=0 missing=0
  11650/12000  11.5 vid/s  ok=11650 skip=0 decode_failed=0 missing=0
  11700/12000  11.5 vid/s  ok=11700 skip=0 decode_failed=0 missing=0
  11750/12000  11.5 vid/s  ok=11750 skip=0 decode_failed=0 missing=0
  11800/12000  11.5 vid/s  ok=11800 skip=0 decode_failed=0 missing=0
  11850/12000  11.5 vid/s  ok=11850 skip=0 decode_failed=0 missing=0
  11900/12000  11.5 vid/s  ok=11900 skip=0 decode_failed=0 missing=0
  11950/12000  11.5 vid/s  ok=11950 skip=0 decode_failed=0 missing=0
  12000/12000  11.6 vid/s  ok=12000 skip=0 decode_failed=0 missing=0
[prep_p10_frames] done in 17.3 min, {'ok': 12000, 'skip': 0, 'missing_video': 0, 'decode_failed': 0}
[prep_p10_frames] manifest -> /root/autodl-tmp/data/ref_frames_manifest.csv (+12000 rows)

=============== [2026-09-13 05:09:16] F1 DONE ===============


=============== [2026-09-13 05:09:16] F3: screening lr / weight-decay / label-smoothing on a 2,000-video subset (1 epoch each) ===============

=== screening A (lr=0.005 wd=5e-4 ls=0.1) ===
[epoch 1] loss=0.9250 val_avg_f1=0.6000 val_acc=0.7646 (31.3 min)
[train] finished in 31.3 min, best val avg_f1=0.6000
[train] logs -> /root/autodl-tmp/logs/phase10/tsm_screen_A
=== screening B (lr=0.002 wd=1e-3 ls=0.1) ===
[epoch 1] loss=0.9711 val_avg_f1=0.5517 val_acc=0.6946 (31.3 min)
[train] finished in 31.3 min, best val avg_f1=0.5517
[train] logs -> /root/autodl-tmp/logs/phase10/tsm_screen_B
=== screening C (lr=0.010 wd=5e-4 ls=0.0) ===
[epoch 1] loss=0.2257 val_avg_f1=0.6773 val_acc=0.8764 (31.0 min)
[train] finished in 31.0 min, best val avg_f1=0.6773
[train] logs -> /root/autodl-tmp/logs/phase10/tsm_screen_C
=== summary (val avg_f1 from each run) ===
A val_avg_f1=0.6000 val_acc=0.7646
B val_avg_f1=0.5517 val_acc=0.6946
C val_avg_f1=0.6773 val_acc=0.8764
[screen] A val_avg_f1=0.6000
[screen] B val_avg_f1=0.5517
[screen] C val_avg_f1=0.6773

=============== [2026-09-13 06:43:19] F3 DONE — winner=C  lr=0.010 wd=5e-4 label_smoothing=0.0 ===============


=============== [2026-09-13 06:43:19] F2: FINAL RUN — 9,600 videos, stride 1 (700,800 clips/epoch), 5 epochs, early stop patience 2 ===============

/root/miniconda3/lib/python3.10/site-packages/torchvision/io/image.py:13: UserWarning: Failed to load image Python extension: '/root/miniconda3/lib/python3.10/site-packages/torchvision/image.so: undefined symbol: _ZN3c1017RegisterOperatorsD1Ev'If you don't plan on using image functionality from `torchvision.io`, you can ignore this warning. Otherwise, there might be something wrong with your environment. Did you have `libjpeg` or `libpng` installed before building `torchvision` from source?
  warn(
[data] train clips=700800 (missing video dirs=0), val clips=2000 (missing=0)
[data] window label counts=[59832, 53420, 587548] -> class weights=[1.35, 1.512, 0.137]
=> base model: resnet50
Adding temporal shift...
=> n_segment per stage: [8, 8, 8, 8]
=> Processing stage with 3 blocks residual
=> Using fold div: 8
=> Using fold div: 8
=> Using fold div: 8
=> Processing stage with 4 blocks residual
=> Using fold div: 8
=> Using fold div: 8
=> Using fold div: 8
=> Using fold div: 8
=> Processing stage with 6 blocks residual
=> Using fold div: 8
=> Using fold div: 8
=> Using fold div: 8
=> Using fold div: 8
=> Using fold div: 8
=> Using fold div: 8
=> Processing stage with 3 blocks residual
=> Using fold div: 8
=> Using fold div: 8
=> Using fold div: 8
/root/autodl-tmp/experiments/train_p10_tsm.py:232: FutureWarning: You are using `torch.load` with `weights_only=False` (the current default value), which uses the default pickle module implicitly. It is possible to construct malicious pickle data which will execute arbitrary code during unpickling (See https://github.com/pytorch/pytorch/blob/main/SECURITY.md#untrusted-models for more details). In a future release, the default value for `weights_only` will be flipped to `True`. This limits the functions that could be executed during unpickling. Arbitrary objects will no longer be allowed to be loaded via this mode unless they are explicitly allowlisted by the user via `torch.serialization.add_safe_globals`. We recommend you start setting `weights_only=True` for any use case where you don't have full control of the loaded file. Please open an issue on GitHub for any issues related to this experimental feature.
  ckpt = torch.load(args.tune_from, map_location="cpu")
[tsm] loaded 318/320 tensors from data/tsm_k400_r50_8f.pth
=> converted 16 TemporalShift modules to FastTemporalShift
[model] TSN-TSM resnet50 params=23.51M, num_frames=8
  ep1 step20 loss=1.0011 (55.2 clips/s)
  ep1 step40 loss=1.0208 (65.5 clips/s)
  ep1 step60 loss=0.9936 (69.8 clips/s)
  ep1 step80 loss=0.9476 (72.2 clips/s)
  ep1 step100 loss=0.9071 (73.7 clips/s)
  ep1 step120 loss=0.8773 (74.7 clips/s)
  ep1 step140 loss=0.8458 (75.5 clips/s)
  ep1 step160 loss=0.8158 (76.0 clips/s)
  ep1 step180 loss=0.8093 (76.5 clips/s)
  ep1 step200 loss=0.8002 (76.8 clips/s)
  ep1 step220 loss=0.7796 (77.1 clips/s)
  ep1 step240 loss=0.7694 (77.4 clips/s)
  ep1 step260 loss=0.7496 (77.6 clips/s)
  ep1 step280 loss=0.7463 (77.8 clips/s)
  ep1 step300 loss=0.7370 (77.9 clips/s)
  ep1 step320 loss=0.7366 (78.1 clips/s)
  ep1 step340 loss=0.7319 (78.2 clips/s)
  ep1 step360 loss=0.7236 (78.3 clips/s)
  ep1 step380 loss=0.7190 (78.4 clips/s)
  ep1 step400 loss=0.7132 (78.5 clips/s)
  ep1 step420 loss=0.7040 (78.6 clips/s)
  ep1 step440 loss=0.7032 (78.7 clips/s)
  ep1 step460 loss=0.6982 (78.7 clips/s)
  ep1 step480 loss=0.6908 (78.8 clips/s)
  ep1 step500 loss=0.6904 (78.8 clips/s)
  ep1 step520 loss=0.6886 (78.9 clips/s)
  ep1 step540 loss=0.6868 (79.0 clips/s)
  ep1 step560 loss=0.6807 (79.0 clips/s)
  ep1 step580 loss=0.6715 (79.0 clips/s)
  ep1 step600 loss=0.6672 (79.1 clips/s)
  ep1 step620 loss=0.6609 (79.1 clips/s)
  ep1 step640 loss=0.6577 (79.1 clips/s)
  ep1 step660 loss=0.6544 (79.2 clips/s)
  ep1 step680 loss=0.6514 (79.2 clips/s)
  ep1 step700 loss=0.6484 (79.2 clips/s)
  ep1 step720 loss=0.6452 (79.3 clips/s)
  ep1 step740 loss=0.6443 (79.3 clips/s)
  ep1 step760 loss=0.6427 (79.3 clips/s)
  ep1 step780 loss=0.6382 (79.3 clips/s)
  ep1 step800 loss=0.6355 (79.4 clips/s)
  ep1 step820 loss=0.6325 (79.4 clips/s)
  ep1 step840 loss=0.6303 (79.4 clips/s)
  ep1 step860 loss=0.6270 (79.4 clips/s)
  ep1 step880 loss=0.6255 (79.4 clips/s)
  ep1 step900 loss=0.6238 (79.5 clips/s)
  ep1 step920 loss=0.6197 (79.5 clips/s)
  ep1 step940 loss=0.6157 (79.5 clips/s)
  ep1 step960 loss=0.6132 (79.5 clips/s)
  ep1 step980 loss=0.6100 (79.5 clips/s)
  ep1 step1000 loss=0.6079 (79.5 clips/s)
  ep1 step1020 loss=0.6052 (79.6 clips/s)
  ep1 step1040 loss=0.6023 (79.6 clips/s)
  ep1 step1060 loss=0.6016 (79.6 clips/s)
  ep1 step1080 loss=0.5990 (79.6 clips/s)
  ep1 step1100 loss=0.5958 (79.6 clips/s)
  ep1 step1120 loss=0.5937 (79.6 clips/s)
  ep1 step1140 loss=0.5919 (79.6 clips/s)
  ep1 step1160 loss=0.5889 (79.6 clips/s)
  ep1 step1180 loss=0.5882 (79.6 clips/s)
  ep1 step1200 loss=0.5869 (79.7 clips/s)
  ep1 step1220 loss=0.5855 (79.7 clips/s)
  ep1 step1240 loss=0.5834 (79.7 clips/s)
  ep1 step1260 loss=0.5815 (79.7 clips/s)
  ep1 step1280 loss=0.5810 (79.7 clips/s)
  ep1 step1300 loss=0.5797 (79.7 clips/s)
  ep1 step1320 loss=0.5769 (79.7 clips/s)
  ep1 step1340 loss=0.5760 (79.7 clips/s)
  ep1 step1360 loss=0.5735 (79.7 clips/s)
  ep1 step1380 loss=0.5725 (79.7 clips/s)
  ep1 step1400 loss=0.5701 (79.7 clips/s)
  ep1 step1420 loss=0.5678 (79.7 clips/s)
  ep1 step1440 loss=0.5651 (79.7 clips/s)
  ep1 step1460 loss=0.5630 (79.8 clips/s)
  ep1 step1480 loss=0.5603 (79.8 clips/s)
  ep1 step1500 loss=0.5583 (79.8 clips/s)
  ep1 step1520 loss=0.5564 (79.8 clips/s)
  ep1 step1540 loss=0.5552 (79.8 clips/s)
  ep1 step1560 loss=0.5536 (79.8 clips/s)
  ep1 step1580 loss=0.5503 (79.8 clips/s)
  ep1 step1600 loss=0.5495 (79.8 clips/s)
  ep1 step1620 loss=0.5477 (79.8 clips/s)
  ep1 step1640 loss=0.5463 (79.8 clips/s)
  ep1 step1660 loss=0.5449 (79.8 clips/s)
  ep1 step1680 loss=0.5446 (79.8 clips/s)
  ep1 step1700 loss=0.5440 (79.8 clips/s)
  ep1 step1720 loss=0.5418 (79.8 clips/s)
  ep1 step1740 loss=0.5418 (79.8 clips/s)
  ep1 step1760 loss=0.5405 (79.8 clips/s)
  ep1 step1780 loss=0.5382 (79.8 clips/s)
  ep1 step1800 loss=0.5369 (79.8 clips/s)
  ep1 step1820 loss=0.5356 (79.8 clips/s)
  ep1 step1840 loss=0.5341 (79.9 clips/s)
  ep1 step1860 loss=0.5330 (79.9 clips/s)
  ep1 step1880 loss=0.5319 (79.9 clips/s)
  ep1 step1900 loss=0.5297 (79.9 clips/s)
  ep1 step1920 loss=0.5280 (79.9 clips/s)
  ep1 step1940 loss=0.5265 (79.9 clips/s)
  ep1 step1960 loss=0.5242 (79.9 clips/s)
  ep1 step1980 loss=0.5231 (79.9 clips/s)
  ep1 step2000 loss=0.5224 (79.9 clips/s)
  ep1 step2020 loss=0.5213 (79.9 clips/s)
  ep1 step2040 loss=0.5199 (79.9 clips/s)
  ep1 step2060 loss=0.5184 (79.9 clips/s)
  ep1 step2080 loss=0.5167 (79.9 clips/s)
  ep1 step2100 loss=0.5152 (79.9 clips/s)
  ep1 step2120 loss=0.5139 (79.9 clips/s)
  ep1 step2140 loss=0.5123 (79.9 clips/s)
  ep1 step2160 loss=0.5104 (79.9 clips/s)
  ep1 step2180 loss=0.5098 (79.9 clips/s)
  ep1 step2200 loss=0.5093 (79.9 clips/s)
  ep1 step2220 loss=0.5085 (79.9 clips/s)
  ep1 step2240 loss=0.5070 (79.9 clips/s)
  ep1 step2260 loss=0.5053 (79.9 clips/s)
  ep1 step2280 loss=0.5041 (79.9 clips/s)
  ep1 step2300 loss=0.5033 (79.9 clips/s)
  ep1 step2320 loss=0.5019 (79.9 clips/s)
  ep1 step2340 loss=0.5011 (79.9 clips/s)
  ep1 step2360 loss=0.4995 (79.9 clips/s)
  ep1 step2380 loss=0.4986 (79.9 clips/s)
  ep1 step2400 loss=0.4976 (79.9 clips/s)
  ep1 step2420 loss=0.4971 (79.9 clips/s)
  ep1 step2440 loss=0.4962 (79.9 clips/s)
  ep1 step2460 loss=0.4955 (79.9 clips/s)
  ep1 step2480 loss=0.4947 (79.9 clips/s)
  ep1 step2500 loss=0.4933 (79.9 clips/s)
  ep1 step2520 loss=0.4926 (80.0 clips/s)
  ep1 step2540 loss=0.4922 (80.0 clips/s)
  ep1 step2560 loss=0.4910 (80.0 clips/s)
  ep1 step2580 loss=0.4899 (80.0 clips/s)
  ep1 step2600 loss=0.4889 (80.0 clips/s)
  ep1 step2620 loss=0.4880 (80.0 clips/s)
  ep1 step2640 loss=0.4877 (80.0 clips/s)
  ep1 step2660 loss=0.4869 (80.0 clips/s)
  ep1 step2680 loss=0.4870 (80.0 clips/s)
  ep1 step2700 loss=0.4859 (80.0 clips/s)
  ep1 step2720 loss=0.4851 (80.0 clips/s)
  ep1 step2740 loss=0.4841 (80.0 clips/s)
  ep1 step2760 loss=0.4839 (80.0 clips/s)
  ep1 step2780 loss=0.4824 (80.0 clips/s)
  ep1 step2800 loss=0.4810 (80.0 clips/s)
  ep1 step2820 loss=0.4805 (80.0 clips/s)
  ep1 step2840 loss=0.4803 (80.0 clips/s)
  ep1 step2860 loss=0.4795 (80.0 clips/s)
  ep1 step2880 loss=0.4785 (80.0 clips/s)
  ep1 step2900 loss=0.4784 (80.0 clips/s)
  ep1 step2920 loss=0.4775 (80.0 clips/s)
  ep1 step2940 loss=0.4765 (80.0 clips/s)
  ep1 step2960 loss=0.4758 (80.0 clips/s)
  ep1 step2980 loss=0.4747 (80.0 clips/s)
  ep1 step3000 loss=0.4740 (80.0 clips/s)
  ep1 step3020 loss=0.4731 (80.0 clips/s)
  ep1 step3040 loss=0.4725 (80.0 clips/s)
  ep1 step3060 loss=0.4718 (80.0 clips/s)
  ep1 step3080 loss=0.4704 (80.0 clips/s)
  ep1 step3100 loss=0.4694 (80.0 clips/s)
  ep1 step3120 loss=0.4686 (80.0 clips/s)
  ep1 step3140 loss=0.4683 (80.0 clips/s)
  ep1 step3160 loss=0.4677 (80.0 clips/s)
  ep1 step3180 loss=0.4673 (80.0 clips/s)
  ep1 step3200 loss=0.4660 (80.0 clips/s)
  ep1 step3220 loss=0.4660 (80.0 clips/s)
  ep1 step3240 loss=0.4651 (80.0 clips/s)
  ep1 step3260 loss=0.4644 (80.0 clips/s)
  ep1 step3280 loss=0.4637 (80.0 clips/s)
  ep1 step3300 loss=0.4632 (80.0 clips/s)
  ep1 step3320 loss=0.4623 (80.0 clips/s)
  ep1 step3340 loss=0.4610 (80.0 clips/s)
  ep1 step3360 loss=0.4599 (80.0 clips/s)
  ep1 step3380 loss=0.4599 (80.0 clips/s)
  ep1 step3400 loss=0.4587 (80.0 clips/s)
  ep1 step3420 loss=0.4580 (80.0 clips/s)
  ep1 step3440 loss=0.4572 (80.0 clips/s)
  ep1 step3460 loss=0.4564 (80.0 clips/s)
  ep1 step3480 loss=0.4555 (80.0 clips/s)
  ep1 step3500 loss=0.4551 (80.0 clips/s)
  ep1 step3520 loss=0.4547 (80.0 clips/s)
  ep1 step3540 loss=0.4541 (80.0 clips/s)
  ep1 step3560 loss=0.4536 (80.0 clips/s)
  ep1 step3580 loss=0.4531 (80.0 clips/s)
  ep1 step3600 loss=0.4522 (80.0 clips/s)
  ep1 step3620 loss=0.4512 (80.0 clips/s)
  ep1 step3640 loss=0.4504 (80.0 clips/s)
  ep1 step3660 loss=0.4502 (80.0 clips/s)
  ep1 step3680 loss=0.4499 (80.0 clips/s)
  ep1 step3700 loss=0.4490 (80.0 clips/s)
  ep1 step3720 loss=0.4487 (80.0 clips/s)
  ep1 step3740 loss=0.4478 (80.0 clips/s)
  ep1 step3760 loss=0.4472 (80.0 clips/s)
  ep1 step3780 loss=0.4463 (80.0 clips/s)
  ep1 step3800 loss=0.4458 (80.0 clips/s)
  ep1 step3820 loss=0.4451 (80.0 clips/s)
  ep1 step3840 loss=0.4443 (80.0 clips/s)
  ep1 step3860 loss=0.4442 (80.0 clips/s)
  ep1 step3880 loss=0.4437 (80.0 clips/s)
  ep1 step3900 loss=0.4431 (80.0 clips/s)
  ep1 step3920 loss=0.4428 (80.0 clips/s)
  ep1 step3940 loss=0.4417 (80.0 clips/s)
  ep1 step3960 loss=0.4410 (80.1 clips/s)
  ep1 step3980 loss=0.4406 (80.1 clips/s)
  ep1 step4000 loss=0.4398 (80.1 clips/s)
  ep1 step4020 loss=0.4390 (80.1 clips/s)
  ep1 step4040 loss=0.4387 (80.1 clips/s)
  ep1 step4060 loss=0.4380 (80.1 clips/s)
  ep1 step4080 loss=0.4375 (80.1 clips/s)
  ep1 step4100 loss=0.4374 (80.1 clips/s)
  ep1 step4120 loss=0.4365 (80.1 clips/s)
  ep1 step4140 loss=0.4360 (80.1 clips/s)
  ep1 step4160 loss=0.4353 (80.1 clips/s)
  ep1 step4180 loss=0.4353 (80.1 clips/s)
  ep1 step4200 loss=0.4346 (80.1 clips/s)
  ep1 step4220 loss=0.4338 (80.1 clips/s)
  ep1 step4240 loss=0.4330 (80.1 clips/s)
  ep1 step4260 loss=0.4327 (80.1 clips/s)
  ep1 step4280 loss=0.4319 (80.1 clips/s)
  ep1 step4300 loss=0.4312 (80.1 clips/s)
  ep1 step4320 loss=0.4304 (80.1 clips/s)
  ep1 step4340 loss=0.4302 (80.1 clips/s)
  ep1 step4360 loss=0.4296 (80.1 clips/s)
  ep1 step4380 loss=0.4289 (80.1 clips/s)
  ep1 step4400 loss=0.4288 (80.1 clips/s)
  ep1 step4420 loss=0.4284 (80.1 clips/s)
  ep1 step4440 loss=0.4282 (80.1 clips/s)
  ep1 step4460 loss=0.4276 (80.1 clips/s)
  ep1 step4480 loss=0.4267 (80.1 clips/s)
  ep1 step4500 loss=0.4259 (80.1 clips/s)
  ep1 step4520 loss=0.4258 (80.1 clips/s)
  ep1 step4540 loss=0.4251 (80.1 clips/s)
  ep1 step4560 loss=0.4243 (80.1 clips/s)
  ep1 step4580 loss=0.4237 (80.1 clips/s)
  ep1 step4600 loss=0.4233 (80.1 clips/s)
  ep1 step4620 loss=0.4226 (80.1 clips/s)
  ep1 step4640 loss=0.4220 (80.1 clips/s)
  ep1 step4660 loss=0.4210 (80.1 clips/s)
  ep1 step4680 loss=0.4202 (80.1 clips/s)
  ep1 step4700 loss=0.4200 (80.1 clips/s)
  ep1 step4720 loss=0.4195 (80.1 clips/s)
  ep1 step4740 loss=0.4187 (80.1 clips/s)
  ep1 step4760 loss=0.4184 (80.1 clips/s)
  ep1 step4780 loss=0.4177 (80.1 clips/s)
  ep1 step4800 loss=0.4169 (80.1 clips/s)
  ep1 step4820 loss=0.4164 (80.1 clips/s)
  ep1 step4840 loss=0.4157 (80.1 clips/s)
  ep1 step4860 loss=0.4152 (80.1 clips/s)
  ep1 step4880 loss=0.4149 (80.1 clips/s)
  ep1 step4900 loss=0.4148 (80.1 clips/s)
  ep1 step4920 loss=0.4143 (80.1 clips/s)
  ep1 step4940 loss=0.4140 (80.1 clips/s)
  ep1 step4960 loss=0.4136 (80.1 clips/s)
  ep1 step4980 loss=0.4128 (80.1 clips/s)
  ep1 step5000 loss=0.4122 (80.1 clips/s)
  ep1 step5020 loss=0.4116 (80.1 clips/s)
  ep1 step5040 loss=0.4111 (80.1 clips/s)
  ep1 step5060 loss=0.4111 (80.1 clips/s)
  ep1 step5080 loss=0.4104 (80.1 clips/s)
  ep1 step5100 loss=0.4097 (80.1 clips/s)
  ep1 step5120 loss=0.4090 (80.1 clips/s)
  ep1 step5140 loss=0.4087 (80.1 clips/s)
  ep1 step5160 loss=0.4082 (80.1 clips/s)
  ep1 step5180 loss=0.4075 (80.1 clips/s)
  ep1 step5200 loss=0.4069 (80.1 clips/s)
  ep1 step5220 loss=0.4068 (80.1 clips/s)
  ep1 step5240 loss=0.4064 (80.1 clips/s)
  ep1 step5260 loss=0.4056 (80.1 clips/s)
  ep1 step5280 loss=0.4051 (80.1 clips/s)
  ep1 step5300 loss=0.4046 (80.1 clips/s)
  ep1 step5320 loss=0.4040 (80.1 clips/s)
  ep1 step5340 loss=0.4036 (80.1 clips/s)
  ep1 step5360 loss=0.4032 (80.1 clips/s)
  ep1 step5380 loss=0.4028 (80.1 clips/s)
  ep1 step5400 loss=0.4023 (80.1 clips/s)
  ep1 step5420 loss=0.4019 (80.1 clips/s)
  ep1 step5440 loss=0.4010 (80.1 clips/s)
  ep1 step5460 loss=0.4005 (80.1 clips/s)
  ep1 step5480 loss=0.4001 (80.1 clips/s)
  ep1 step5500 loss=0.3997 (80.1 clips/s)
  ep1 step5520 loss=0.3993 (80.1 clips/s)
  ep1 step5540 loss=0.3989 (80.1 clips/s)
  ep1 step5560 loss=0.3982 (80.1 clips/s)
  ep1 step5580 loss=0.3978 (80.1 clips/s)
  ep1 step5600 loss=0.3973 (80.1 clips/s)
  ep1 step5620 loss=0.3969 (80.1 clips/s)
  ep1 step5640 loss=0.3965 (80.1 clips/s)
  ep1 step5660 loss=0.3961 (80.1 clips/s)
  ep1 step5680 loss=0.3958 (80.1 clips/s)
  ep1 step5700 loss=0.3951 (80.1 clips/s)
  ep1 step5720 loss=0.3946 (80.1 clips/s)
  ep1 step5740 loss=0.3943 (80.1 clips/s)
  ep1 step5760 loss=0.3938 (80.1 clips/s)
  ep1 step5780 loss=0.3937 (80.1 clips/s)
  ep1 step5800 loss=0.3934 (80.1 clips/s)
  ep1 step5820 loss=0.3927 (80.1 clips/s)
  ep1 step5840 loss=0.3920 (80.1 clips/s)
  ep1 step5860 loss=0.3918 (80.1 clips/s)
  ep1 step5880 loss=0.3913 (80.1 clips/s)
  ep1 step5900 loss=0.3907 (80.1 clips/s)
  ep1 step5920 loss=0.3903 (80.1 clips/s)
  ep1 step5940 loss=0.3897 (80.1 clips/s)
  ep1 step5960 loss=0.3894 (80.1 clips/s)
  ep1 step5980 loss=0.3889 (80.1 clips/s)
  ep1 step6000 loss=0.3884 (80.1 clips/s)
  ep1 step6020 loss=0.3879 (80.1 clips/s)
  ep1 step6040 loss=0.3874 (80.1 clips/s)
  ep1 step6060 loss=0.3871 (80.1 clips/s)
  ep1 step6080 loss=0.3868 (80.1 clips/s)
  ep1 step6100 loss=0.3861 (80.1 clips/s)
  ep1 step6120 loss=0.3860 (80.1 clips/s)
  ep1 step6140 loss=0.3853 (80.1 clips/s)
  ep1 step6160 loss=0.3847 (80.1 clips/s)
  ep1 step6180 loss=0.3841 (80.1 clips/s)
  ep1 step6200 loss=0.3832 (80.1 clips/s)
  ep1 step6220 loss=0.3833 (80.1 clips/s)
  ep1 step6240 loss=0.3833 (80.1 clips/s)
  ep1 step6260 loss=0.3828 (80.1 clips/s)
  ep1 step6280 loss=0.3823 (80.1 clips/s)
  ep1 step6300 loss=0.3819 (80.1 clips/s)
  ep1 step6320 loss=0.3815 (80.1 clips/s)
  ep1 step6340 loss=0.3811 (80.1 clips/s)
  ep1 step6360 loss=0.3805 (80.1 clips/s)
  ep1 step6380 loss=0.3802 (80.1 clips/s)
  ep1 step6400 loss=0.3798 (80.1 clips/s)
  ep1 step6420 loss=0.3796 (80.1 clips/s)
  ep1 step6440 loss=0.3790 (80.1 clips/s)
  ep1 step6460 loss=0.3785 (80.1 clips/s)
  ep1 step6480 loss=0.3782 (80.1 clips/s)
  ep1 step6500 loss=0.3778 (80.1 clips/s)
  ep1 step6520 loss=0.3773 (80.1 clips/s)
  ep1 step6540 loss=0.3768 (80.1 clips/s)
  ep1 step6560 loss=0.3763 (80.1 clips/s)
  ep1 step6580 loss=0.3760 (80.1 clips/s)
  ep1 step6600 loss=0.3756 (80.1 clips/s)
  ep1 step6620 loss=0.3753 (80.1 clips/s)
  ep1 step6640 loss=0.3746 (80.1 clips/s)
  ep1 step6660 loss=0.3744 (80.1 clips/s)
  ep1 step6680 loss=0.3742 (80.1 clips/s)
  ep1 step6700 loss=0.3737 (80.1 clips/s)
  ep1 step6720 loss=0.3732 (80.1 clips/s)
  ep1 step6740 loss=0.3725 (80.1 clips/s)
  ep1 step6760 loss=0.3719 (80.1 clips/s)
  ep1 step6780 loss=0.3718 (80.1 clips/s)
  ep1 step6800 loss=0.3715 (80.1 clips/s)
  ep1 step6820 loss=0.3712 (80.1 clips/s)
  ep1 step6840 loss=0.3707 (80.1 clips/s)
  ep1 step6860 loss=0.3701 (80.1 clips/s)
  ep1 step6880 loss=0.3696 (80.1 clips/s)
  ep1 step6900 loss=0.3691 (80.1 clips/s)
  ep1 step6920 loss=0.3685 (80.1 clips/s)
  ep1 step6940 loss=0.3680 (80.1 clips/s)
  ep1 step6960 loss=0.3679 (80.1 clips/s)
  ep1 step6980 loss=0.3676 (80.1 clips/s)
  ep1 step7000 loss=0.3675 (80.1 clips/s)
  ep1 step7020 loss=0.3670 (80.1 clips/s)
  ep1 step7040 loss=0.3666 (80.1 clips/s)
  ep1 step7060 loss=0.3665 (80.1 clips/s)
  ep1 step7080 loss=0.3662 (80.1 clips/s)
  ep1 step7100 loss=0.3659 (80.1 clips/s)
  ep1 step7120 loss=0.3655 (80.1 clips/s)
  ep1 step7140 loss=0.3652 (80.1 clips/s)
  ep1 step7160 loss=0.3646 (80.1 clips/s)
  ep1 step7180 loss=0.3642 (80.1 clips/s)
  ep1 step7200 loss=0.3640 (80.1 clips/s)
  ep1 step7220 loss=0.3636 (80.1 clips/s)
  ep1 step7240 loss=0.3631 (80.1 clips/s)
  ep1 step7260 loss=0.3628 (80.1 clips/s)
  ep1 step7280 loss=0.3623 (80.1 clips/s)
  ep1 step7300 loss=0.3618 (80.1 clips/s)
  ep1 step7320 loss=0.3615 (80.1 clips/s)
  ep1 step7340 loss=0.3611 (80.1 clips/s)
  ep1 step7360 loss=0.3607 (80.1 clips/s)
  ep1 step7380 loss=0.3603 (80.1 clips/s)
  ep1 step7400 loss=0.3600 (80.1 clips/s)
  ep1 step7420 loss=0.3595 (80.1 clips/s)
  ep1 step7440 loss=0.3591 (80.1 clips/s)
  ep1 step7460 loss=0.3588 (80.1 clips/s)
  ep1 step7480 loss=0.3587 (80.1 clips/s)
  ep1 step7500 loss=0.3583 (80.1 clips/s)
  ep1 step7520 loss=0.3579 (80.1 clips/s)
  ep1 step7540 loss=0.3578 (80.1 clips/s)
  ep1 step7560 loss=0.3574 (80.1 clips/s)
  ep1 step7580 loss=0.3571 (80.1 clips/s)
  ep1 step7600 loss=0.3568 (80.1 clips/s)
  ep1 step7620 loss=0.3565 (80.1 clips/s)
  ep1 step7640 loss=0.3561 (80.1 clips/s)
  ep1 step7660 loss=0.3558 (80.1 clips/s)
  ep1 step7680 loss=0.3555 (80.1 clips/s)
  ep1 step7700 loss=0.3552 (80.1 clips/s)
  ep1 step7720 loss=0.3548 (80.1 clips/s)
  ep1 step7740 loss=0.3545 (80.1 clips/s)
  ep1 step7760 loss=0.3541 (80.1 clips/s)
  ep1 step7780 loss=0.3537 (80.1 clips/s)
  ep1 step7800 loss=0.3533 (80.1 clips/s)
  ep1 step7820 loss=0.3531 (80.1 clips/s)
  ep1 step7840 loss=0.3527 (80.1 clips/s)
  ep1 step7860 loss=0.3523 (80.1 clips/s)
  ep1 step7880 loss=0.3522 (80.1 clips/s)
  ep1 step7900 loss=0.3517 (80.1 clips/s)
  ep1 step7920 loss=0.3511 (80.1 clips/s)
  ep1 step7940 loss=0.3509 (80.1 clips/s)
  ep1 step7960 loss=0.3505 (80.1 clips/s)
  ep1 step7980 loss=0.3502 (80.1 clips/s)
  ep1 step8000 loss=0.3496 (80.1 clips/s)
  ep1 step8020 loss=0.3491 (80.1 clips/s)
  ep1 step8040 loss=0.3489 (80.1 clips/s)
  ep1 step8060 loss=0.3488 (80.1 clips/s)
  ep1 step8080 loss=0.3485 (80.1 clips/s)
  ep1 step8100 loss=0.3484 (80.1 clips/s)
  ep1 step8120 loss=0.3479 (80.1 clips/s)
  ep1 step8140 loss=0.3478 (80.1 clips/s)
  ep1 step8160 loss=0.3474 (80.1 clips/s)
  ep1 step8180 loss=0.3468 (80.1 clips/s)
  ep1 step8200 loss=0.3465 (80.1 clips/s)
  ep1 step8220 loss=0.3461 (80.1 clips/s)
  ep1 step8240 loss=0.3457 (80.1 clips/s)
  ep1 step8260 loss=0.3454 (80.1 clips/s)
  ep1 step8280 loss=0.3451 (80.1 clips/s)
  ep1 step8300 loss=0.3447 (80.1 clips/s)
  ep1 step8320 loss=0.3444 (80.1 clips/s)
  ep1 step8340 loss=0.3441 (80.1 clips/s)
  ep1 step8360 loss=0.3438 (80.1 clips/s)
  ep1 step8380 loss=0.3433 (80.1 clips/s)
  ep1 step8400 loss=0.3429 (80.2 clips/s)
  ep1 step8420 loss=0.3424 (80.2 clips/s)
  ep1 step8440 loss=0.3420 (80.2 clips/s)
  ep1 step8460 loss=0.3415 (80.2 clips/s)
  ep1 step8480 loss=0.3412 (80.2 clips/s)
  ep1 step8500 loss=0.3410 (80.2 clips/s)
  ep1 step8520 loss=0.3408 (80.2 clips/s)
  ep1 step8540 loss=0.3406 (80.2 clips/s)
  ep1 step8560 loss=0.3400 (80.2 clips/s)
  ep1 step8580 loss=0.3399 (80.2 clips/s)
  ep1 step8600 loss=0.3396 (80.2 clips/s)
  ep1 step8620 loss=0.3392 (80.2 clips/s)
  ep1 step8640 loss=0.3388 (80.2 clips/s)
  ep1 step8660 loss=0.3385 (80.2 clips/s)
  ep1 step8680 loss=0.3381 (80.2 clips/s)
  ep1 step8700 loss=0.3377 (80.2 clips/s)
  ep1 step8720 loss=0.3375 (80.2 clips/s)
  ep1 step8740 loss=0.3370 (80.2 clips/s)
  ep1 step8760 loss=0.3368 (80.2 clips/s)
  ep1 step8780 loss=0.3364 (80.2 clips/s)
  ep1 step8800 loss=0.3359 (80.2 clips/s)
  ep1 step8820 loss=0.3358 (80.2 clips/s)
  ep1 step8840 loss=0.3355 (80.2 clips/s)
  ep1 step8860 loss=0.3351 (80.2 clips/s)
  ep1 step8880 loss=0.3348 (80.2 clips/s)
  ep1 step8900 loss=0.3348 (80.2 clips/s)
  ep1 step8920 loss=0.3345 (80.2 clips/s)
  ep1 step8940 loss=0.3343 (80.2 clips/s)
  ep1 step8960 loss=0.3339 (80.2 clips/s)
  ep1 step8980 loss=0.3336 (80.2 clips/s)
  ep1 step9000 loss=0.3333 (80.2 clips/s)
  ep1 step9020 loss=0.3331 (80.2 clips/s)
  ep1 step9040 loss=0.3328 (80.2 clips/s)
  ep1 step9060 loss=0.3325 (80.2 clips/s)
  ep1 step9080 loss=0.3320 (80.2 clips/s)
  ep1 step9100 loss=0.3319 (80.2 clips/s)
  ep1 step9120 loss=0.3317 (80.2 clips/s)
  ep1 step9140 loss=0.3315 (80.2 clips/s)
  ep1 step9160 loss=0.3312 (80.2 clips/s)
  ep1 step9180 loss=0.3309 (80.2 clips/s)
  ep1 step9200 loss=0.3306 (80.2 clips/s)
  ep1 step9220 loss=0.3302 (80.2 clips/s)
  ep1 step9240 loss=0.3297 (80.2 clips/s)
  ep1 step9260 loss=0.3293 (80.2 clips/s)
  ep1 step9280 loss=0.3292 (80.2 clips/s)
  ep1 step9300 loss=0.3288 (80.2 clips/s)
  ep1 step9320 loss=0.3284 (80.2 clips/s)
  ep1 step9340 loss=0.3279 (80.2 clips/s)
  ep1 step9360 loss=0.3278 (80.2 clips/s)
  ep1 step9380 loss=0.3274 (80.2 clips/s)
  ep1 step9400 loss=0.3271 (80.2 clips/s)
  ep1 step9420 loss=0.3268 (80.2 clips/s)
  ep1 step9440 loss=0.3264 (80.2 clips/s)
  ep1 step9460 loss=0.3261 (80.2 clips/s)
  ep1 step9480 loss=0.3259 (80.2 clips/s)
  ep1 step9500 loss=0.3256 (80.2 clips/s)
  ep1 step9520 loss=0.3254 (80.2 clips/s)
  ep1 step9540 loss=0.3250 (80.2 clips/s)
  ep1 step9560 loss=0.3247 (80.2 clips/s)
  ep1 step9580 loss=0.3244 (80.2 clips/s)
  ep1 step9600 loss=0.3241 (80.2 clips/s)
  ep1 step9620 loss=0.3239 (80.2 clips/s)
  ep1 step9640 loss=0.3238 (80.2 clips/s)
  ep1 step9660 loss=0.3234 (80.2 clips/s)
  ep1 step9680 loss=0.3232 (80.2 clips/s)
  ep1 step9700 loss=0.3229 (80.2 clips/s)
  ep1 step9720 loss=0.3227 (80.2 clips/s)
  ep1 step9740 loss=0.3225 (80.2 clips/s)
  ep1 step9760 loss=0.3221 (80.2 clips/s)
  ep1 step9780 loss=0.3217 (80.2 clips/s)
  ep1 step9800 loss=0.3215 (80.2 clips/s)
  ep1 step9820 loss=0.3213 (80.2 clips/s)
  ep1 step9840 loss=0.3210 (80.2 clips/s)
  ep1 step9860 loss=0.3207 (80.2 clips/s)
  ep1 step9880 loss=0.3204 (80.2 clips/s)
  ep1 step9900 loss=0.3203 (80.2 clips/s)
  ep1 step9920 loss=0.3201 (80.2 clips/s)
  ep1 step9940 loss=0.3200 (80.2 clips/s)
  ep1 step9960 loss=0.3197 (80.2 clips/s)
  ep1 step9980 loss=0.3194 (80.2 clips/s)
  ep1 step10000 loss=0.3191 (80.2 clips/s)
  ep1 step10020 loss=0.3189 (80.2 clips/s)
  ep1 step10040 loss=0.3186 (80.2 clips/s)
  ep1 step10060 loss=0.3185 (80.2 clips/s)
  ep1 step10080 loss=0.3182 (80.2 clips/s)
  ep1 step10100 loss=0.3177 (80.2 clips/s)
  ep1 step10120 loss=0.3174 (80.2 clips/s)
  ep1 step10140 loss=0.3171 (80.2 clips/s)
  ep1 step10160 loss=0.3168 (80.2 clips/s)
  ep1 step10180 loss=0.3166 (80.2 clips/s)
  ep1 step10200 loss=0.3162 (80.2 clips/s)
  ep1 step10220 loss=0.3161 (80.2 clips/s)
  ep1 step10240 loss=0.3159 (80.2 clips/s)
  ep1 step10260 loss=0.3158 (80.2 clips/s)
  ep1 step10280 loss=0.3154 (80.2 clips/s)
  ep1 step10300 loss=0.3150 (80.2 clips/s)
  ep1 step10320 loss=0.3147 (80.2 clips/s)
  ep1 step10340 loss=0.3144 (80.2 clips/s)
  ep1 step10360 loss=0.3142 (80.2 clips/s)
  ep1 step10380 loss=0.3139 (80.2 clips/s)
  ep1 step10400 loss=0.3136 (80.2 clips/s)
  ep1 step10420 loss=0.3135 (80.2 clips/s)
  ep1 step10440 loss=0.3132 (80.2 clips/s)
  ep1 step10460 loss=0.3129 (80.2 clips/s)
  ep1 step10480 loss=0.3126 (80.2 clips/s)
  ep1 step10500 loss=0.3123 (80.2 clips/s)
  ep1 step10520 loss=0.3122 (80.2 clips/s)
  ep1 step10540 loss=0.3119 (80.2 clips/s)
  ep1 step10560 loss=0.3116 (80.2 clips/s)
  ep1 step10580 loss=0.3112 (80.2 clips/s)
  ep1 step10600 loss=0.3110 (80.2 clips/s)
  ep1 step10620 loss=0.3106 (80.2 clips/s)
  ep1 step10640 loss=0.3102 (80.2 clips/s)
  ep1 step10660 loss=0.3098 (80.2 clips/s)
  ep1 step10680 loss=0.3095 (80.2 clips/s)
  ep1 step10700 loss=0.3093 (80.2 clips/s)
  ep1 step10720 loss=0.3090 (80.2 clips/s)
  ep1 step10740 loss=0.3088 (80.2 clips/s)
  ep1 step10760 loss=0.3087 (80.2 clips/s)
  ep1 step10780 loss=0.3085 (80.2 clips/s)
  ep1 step10800 loss=0.3085 (80.2 clips/s)
  ep1 step10820 loss=0.3083 (80.2 clips/s)
  ep1 step10840 loss=0.3080 (80.2 clips/s)
  ep1 step10860 loss=0.3076 (80.2 clips/s)
  ep1 step10880 loss=0.3073 (80.2 clips/s)
  ep1 step10900 loss=0.3071 (80.2 clips/s)
  ep1 step10920 loss=0.3069 (80.2 clips/s)
  ep1 step10940 loss=0.3065 (80.2 clips/s)
  ep1 step10960 loss=0.3063 (80.2 clips/s)
  ep1 step10980 loss=0.3062 (80.2 clips/s)
  ep1 step11000 loss=0.3062 (80.2 clips/s)
  ep1 step11020 loss=0.3059 (80.2 clips/s)
  ep1 step11040 loss=0.3056 (80.2 clips/s)
  ep1 step11060 loss=0.3055 (80.2 clips/s)
  ep1 step11080 loss=0.3052 (80.2 clips/s)
  ep1 step11100 loss=0.3051 (80.2 clips/s)
  ep1 step11120 loss=0.3051 (80.2 clips/s)
  ep1 step11140 loss=0.3048 (80.2 clips/s)
  ep1 step11160 loss=0.3045 (80.2 clips/s)
  ep1 step11180 loss=0.3044 (80.2 clips/s)
  ep1 step11200 loss=0.3042 (80.2 clips/s)
  ep1 step11220 loss=0.3038 (80.2 clips/s)
  ep1 step11240 loss=0.3036 (80.2 clips/s)
  ep1 step11260 loss=0.3035 (80.2 clips/s)
  ep1 step11280 loss=0.3032 (80.2 clips/s)
  ep1 step11300 loss=0.3029 (80.2 clips/s)
  ep1 step11320 loss=0.3027 (80.2 clips/s)
  ep1 step11340 loss=0.3023 (80.2 clips/s)
  ep1 step11360 loss=0.3021 (80.2 clips/s)
  ep1 step11380 loss=0.3020 (80.2 clips/s)
  ep1 step11400 loss=0.3018 (80.2 clips/s)
  ep1 step11420 loss=0.3015 (80.2 clips/s)
  ep1 step11440 loss=0.3014 (80.2 clips/s)
  ep1 step11460 loss=0.3011 (80.2 clips/s)
  ep1 step11480 loss=0.3011 (80.2 clips/s)
  ep1 step11500 loss=0.3009 (80.2 clips/s)
  ep1 step11520 loss=0.3006 (80.2 clips/s)
  ep1 step11540 loss=0.3004 (80.2 clips/s)
  ep1 step11560 loss=0.3002 (80.2 clips/s)
  ep1 step11580 loss=0.2999 (80.2 clips/s)
  ep1 step11600 loss=0.2997 (80.2 clips/s)
  ep1 step11620 loss=0.2995 (80.2 clips/s)
  ep1 step11640 loss=0.2994 (80.2 clips/s)
  ep1 step11660 loss=0.2992 (80.2 clips/s)
  ep1 step11680 loss=0.2991 (80.2 clips/s)
  ep1 step11700 loss=0.2988 (80.2 clips/s)
  ep1 step11720 loss=0.2986 (80.2 clips/s)
  ep1 step11740 loss=0.2984 (80.2 clips/s)
  ep1 step11760 loss=0.2983 (80.2 clips/s)
  ep1 step11780 loss=0.2982 (80.2 clips/s)
  ep1 step11800 loss=0.2980 (80.2 clips/s)
  ep1 step11820 loss=0.2978 (80.2 clips/s)
  ep1 step11840 loss=0.2976 (80.2 clips/s)
  ep1 step11860 loss=0.2974 (80.2 clips/s)
  ep1 step11880 loss=0.2973 (80.2 clips/s)
  ep1 step11900 loss=0.2970 (80.2 clips/s)
  ep1 step11920 loss=0.2967 (80.2 clips/s)
  ep1 step11940 loss=0.2964 (80.2 clips/s)
  ep1 step11960 loss=0.2962 (80.2 clips/s)
  ep1 step11980 loss=0.2960 (80.2 clips/s)
  ep1 step12000 loss=0.2957 (80.2 clips/s)
  ep1 step12020 loss=0.2954 (80.2 clips/s)
  ep1 step12040 loss=0.2953 (80.2 clips/s)
  ep1 step12060 loss=0.2950 (80.2 clips/s)
  ep1 step12080 loss=0.2948 (80.2 clips/s)
  ep1 step12100 loss=0.2947 (80.2 clips/s)
  ep1 step12120 loss=0.2945 (80.2 clips/s)
  ep1 step12140 loss=0.2943 (80.2 clips/s)
  ep1 step12160 loss=0.2940 (80.2 clips/s)
  ep1 step12180 loss=0.2937 (80.2 clips/s)
  ep1 step12200 loss=0.2935 (80.2 clips/s)
  ep1 step12220 loss=0.2933 (80.2 clips/s)
  ep1 step12240 loss=0.2930 (80.2 clips/s)
  ep1 step12260 loss=0.2927 (80.2 clips/s)
  ep1 step12280 loss=0.2925 (80.2 clips/s)
  ep1 step12300 loss=0.2923 (80.2 clips/s)
  ep1 step12320 loss=0.2921 (80.2 clips/s)
  ep1 step12340 loss=0.2918 (80.2 clips/s)
  ep1 step12360 loss=0.2916 (80.2 clips/s)
  ep1 step12380 loss=0.2914 (80.2 clips/s)
  ep1 step12400 loss=0.2911 (80.2 clips/s)
  ep1 step12420 loss=0.2908 (80.2 clips/s)
  ep1 step12440 loss=0.2907 (80.2 clips/s)
  ep1 step12460 loss=0.2904 (80.2 clips/s)
  ep1 step12480 loss=0.2903 (80.2 clips/s)
  ep1 step12500 loss=0.2900 (80.2 clips/s)
  ep1 step12520 loss=0.2899 (80.2 clips/s)
  ep1 step12540 loss=0.2897 (80.2 clips/s)
  ep1 step12560 loss=0.2895 (80.2 clips/s)
  ep1 step12580 loss=0.2893 (80.2 clips/s)
  ep1 step12600 loss=0.2891 (80.2 clips/s)
  ep1 step12620 loss=0.2889 (80.2 clips/s)
  ep1 step12640 loss=0.2887 (80.2 clips/s)
  ep1 step12660 loss=0.2886 (80.2 clips/s)
  ep1 step12680 loss=0.2884 (80.2 clips/s)
  ep1 step12700 loss=0.2882 (80.2 clips/s)
  ep1 step12720 loss=0.2882 (80.2 clips/s)
  ep1 step12740 loss=0.2881 (80.2 clips/s)
  ep1 step12760 loss=0.2880 (80.2 clips/s)
  ep1 step12780 loss=0.2877 (80.2 clips/s)
  ep1 step12800 loss=0.2874 (80.2 clips/s)
  ep1 step12820 loss=0.2872 (80.2 clips/s)
  ep1 step12840 loss=0.2869 (80.2 clips/s)
  ep1 step12860 loss=0.2866 (80.2 clips/s)
  ep1 step12880 loss=0.2863 (80.2 clips/s)
  ep1 step12900 loss=0.2860 (80.2 clips/s)
  ep1 step12920 loss=0.2858 (80.2 clips/s)
  ep1 step12940 loss=0.2856 (80.2 clips/s)
  ep1 step12960 loss=0.2853 (80.2 clips/s)
  ep1 step12980 loss=0.2852 (80.2 clips/s)
  ep1 step13000 loss=0.2849 (80.2 clips/s)
  ep1 step13020 loss=0.2847 (80.2 clips/s)
  ep1 step13040 loss=0.2844 (80.2 clips/s)
  ep1 step13060 loss=0.2843 (80.2 clips/s)
  ep1 step13080 loss=0.2840 (80.2 clips/s)
  ep1 step13100 loss=0.2838 (80.2 clips/s)
  ep1 step13120 loss=0.2834 (80.2 clips/s)
  ep1 step13140 loss=0.2833 (80.2 clips/s)
  ep1 step13160 loss=0.2831 (80.2 clips/s)
  ep1 step13180 loss=0.2829 (80.2 clips/s)
  ep1 step13200 loss=0.2828 (80.2 clips/s)
  ep1 step13220 loss=0.2827 (80.2 clips/s)
  ep1 step13240 loss=0.2826 (80.2 clips/s)
  ep1 step13260 loss=0.2824 (80.2 clips/s)
  ep1 step13280 loss=0.2822 (80.2 clips/s)
  ep1 step13300 loss=0.2822 (80.2 clips/s)
  ep1 step13320 loss=0.2819 (80.2 clips/s)
  ep1 step13340 loss=0.2818 (80.2 clips/s)
  ep1 step13360 loss=0.2818 (80.2 clips/s)
  ep1 step13380 loss=0.2816 (80.2 clips/s)
  ep1 step13400 loss=0.2816 (80.2 clips/s)
  ep1 step13420 loss=0.2814 (80.2 clips/s)
  ep1 step13440 loss=0.2812 (80.2 clips/s)
  ep1 step13460 loss=0.2810 (80.2 clips/s)
  ep1 step13480 loss=0.2808 (80.2 clips/s)
  ep1 step13500 loss=0.2807 (80.2 clips/s)
  ep1 step13520 loss=0.2805 (80.2 clips/s)
  ep1 step13540 loss=0.2805 (80.2 clips/s)
  ep1 step13560 loss=0.2803 (80.2 clips/s)
  ep1 step13580 loss=0.2801 (80.2 clips/s)
  ep1 step13600 loss=0.2799 (80.2 clips/s)
  ep1 step13620 loss=0.2797 (80.2 clips/s)
  ep1 step13640 loss=0.2795 (80.2 clips/s)
  ep1 step13660 loss=0.2794 (80.2 clips/s)
  ep1 step13680 loss=0.2792 (80.2 clips/s)
  ep1 step13700 loss=0.2791 (80.2 clips/s)
  ep1 step13720 loss=0.2789 (80.2 clips/s)
  ep1 step13740 loss=0.2787 (80.2 clips/s)
  ep1 step13760 loss=0.2785 (80.2 clips/s)
  ep1 step13780 loss=0.2784 (80.2 clips/s)
  ep1 step13800 loss=0.2782 (80.2 clips/s)
  ep1 step13820 loss=0.2779 (80.2 clips/s)
  ep1 step13840 loss=0.2777 (80.2 clips/s)
  ep1 step13860 loss=0.2776 (80.2 clips/s)
  ep1 step13880 loss=0.2776 (80.2 clips/s)
  ep1 step13900 loss=0.2773 (80.2 clips/s)
  ep1 step13920 loss=0.2772 (80.2 clips/s)
  ep1 step13940 loss=0.2771 (80.2 clips/s)
  ep1 step13960 loss=0.2768 (80.2 clips/s)
  ep1 step13980 loss=0.2766 (80.2 clips/s)
  ep1 step14000 loss=0.2764 (80.2 clips/s)
  ep1 step14020 loss=0.2763 (80.2 clips/s)
  ep1 step14040 loss=0.2761 (80.2 clips/s)
  ep1 step14060 loss=0.2761 (80.2 clips/s)
  ep1 step14080 loss=0.2759 (80.2 clips/s)
  ep1 step14100 loss=0.2758 (80.2 clips/s)
  ep1 step14120 loss=0.2756 (80.2 clips/s)
  ep1 step14140 loss=0.2756 (80.2 clips/s)
  ep1 step14160 loss=0.2754 (80.2 clips/s)
  ep1 step14180 loss=0.2753 (80.2 clips/s)
  ep1 step14200 loss=0.2751 (80.2 clips/s)
  ep1 step14220 loss=0.2749 (80.2 clips/s)
  ep1 step14240 loss=0.2746 (80.2 clips/s)
  ep1 step14260 loss=0.2744 (80.2 clips/s)
  ep1 step14280 loss=0.2743 (80.2 clips/s)
  ep1 step14300 loss=0.2741 (80.2 clips/s)
  ep1 step14320 loss=0.2738 (80.2 clips/s)
  ep1 step14340 loss=0.2737 (80.2 clips/s)
  ep1 step14360 loss=0.2736 (80.2 clips/s)
  ep1 step14380 loss=0.2735 (80.2 clips/s)
  ep1 step14400 loss=0.2734 (80.2 clips/s)
  ep1 step14420 loss=0.2732 (80.2 clips/s)
  ep1 step14440 loss=0.2731 (80.2 clips/s)
  ep1 step14460 loss=0.2729 (80.2 clips/s)
  ep1 step14480 loss=0.2727 (80.2 clips/s)
  ep1 step14500 loss=0.2726 (80.2 clips/s)
  ep1 step14520 loss=0.2725 (80.2 clips/s)
  ep1 step14540 loss=0.2724 (80.2 clips/s)
  ep1 step14560 loss=0.2721 (80.2 clips/s)
  ep1 step14580 loss=0.2720 (80.2 clips/s)
  ep1 step14600 loss=0.2719 (80.2 clips/s)
  ep1 step14620 loss=0.2718 (80.2 clips/s)
  ep1 step14640 loss=0.2715 (80.2 clips/s)
  ep1 step14660 loss=0.2714 (80.2 clips/s)
  ep1 step14680 loss=0.2713 (80.2 clips/s)
  ep1 step14700 loss=0.2712 (80.2 clips/s)
  ep1 step14720 loss=0.2710 (80.2 clips/s)
  ep1 step14740 loss=0.2709 (80.2 clips/s)
  ep1 step14760 loss=0.2706 (80.2 clips/s)
  ep1 step14780 loss=0.2704 (80.2 clips/s)
  ep1 step14800 loss=0.2702 (80.2 clips/s)
  ep1 step14820 loss=0.2700 (80.2 clips/s)
  ep1 step14840 loss=0.2698 (80.2 clips/s)
  ep1 step14860 loss=0.2696 (80.2 clips/s)
  ep1 step14880 loss=0.2695 (80.2 clips/s)
  ep1 step14900 loss=0.2694 (80.2 clips/s)
  ep1 step14920 loss=0.2691 (80.2 clips/s)
  ep1 step14940 loss=0.2691 (80.2 clips/s)
  ep1 step14960 loss=0.2689 (80.2 clips/s)
  ep1 step14980 loss=0.2687 (80.2 clips/s)
  ep1 step15000 loss=0.2684 (80.2 clips/s)
  ep1 step15020 loss=0.2683 (80.2 clips/s)
  ep1 step15040 loss=0.2681 (80.2 clips/s)
  ep1 step15060 loss=0.2679 (80.2 clips/s)
  ep1 step15080 loss=0.2676 (80.2 clips/s)
  ep1 step15100 loss=0.2677 (80.2 clips/s)
  ep1 step15120 loss=0.2675 (80.2 clips/s)
  ep1 step15140 loss=0.2673 (80.2 clips/s)
  ep1 step15160 loss=0.2672 (80.2 clips/s)
  ep1 step15180 loss=0.2669 (80.2 clips/s)
  ep1 step15200 loss=0.2668 (80.2 clips/s)
  ep1 step15220 loss=0.2666 (80.2 clips/s)
  ep1 step15240 loss=0.2664 (80.2 clips/s)
  ep1 step15260 loss=0.2662 (80.2 clips/s)
  ep1 step15280 loss=0.2660 (80.2 clips/s)
  ep1 step15300 loss=0.2660 (80.2 clips/s)
  ep1 step15320 loss=0.2658 (80.2 clips/s)
  ep1 step15340 loss=0.2656 (80.2 clips/s)
  ep1 step15360 loss=0.2655 (80.2 clips/s)
  ep1 step15380 loss=0.2654 (80.2 clips/s)
  ep1 step15400 loss=0.2653 (80.2 clips/s)
  ep1 step15420 loss=0.2651 (80.2 clips/s)
  ep1 step15440 loss=0.2650 (80.2 clips/s)
  ep1 step15460 loss=0.2648 (80.2 clips/s)
  ep1 step15480 loss=0.2647 (80.2 clips/s)
  ep1 step15500 loss=0.2646 (80.2 clips/s)
  ep1 step15520 loss=0.2644 (80.2 clips/s)
  ep1 step15540 loss=0.2643 (80.2 clips/s)
  ep1 step15560 loss=0.2641 (80.2 clips/s)
  ep1 step15580 loss=0.2639 (80.2 clips/s)
  ep1 step15600 loss=0.2637 (80.2 clips/s)
  ep1 step15620 loss=0.2636 (80.2 clips/s)
  ep1 step15640 loss=0.2635 (80.2 clips/s)
  ep1 step15660 loss=0.2634 (80.2 clips/s)
  ep1 step15680 loss=0.2632 (80.2 clips/s)
  ep1 step15700 loss=0.2630 (80.2 clips/s)
  ep1 step15720 loss=0.2629 (80.2 clips/s)
  ep1 step15740 loss=0.2627 (80.2 clips/s)
  ep1 step15760 loss=0.2626 (80.2 clips/s)
  ep1 step15780 loss=0.2624 (80.2 clips/s)
  ep1 step15800 loss=0.2623 (80.2 clips/s)
  ep1 step15820 loss=0.2622 (80.2 clips/s)
  ep1 step15840 loss=0.2620 (80.2 clips/s)
  ep1 step15860 loss=0.2618 (80.2 clips/s)
  ep1 step15880 loss=0.2617 (80.2 clips/s)
  ep1 step15900 loss=0.2616 (80.2 clips/s)
  ep1 step15920 loss=0.2613 (80.2 clips/s)
  ep1 step15940 loss=0.2613 (80.2 clips/s)
  ep1 step15960 loss=0.2612 (80.2 clips/s)
  ep1 step15980 loss=0.2610 (80.2 clips/s)
  ep1 step16000 loss=0.2608 (80.2 clips/s)
  ep1 step16020 loss=0.2606 (80.2 clips/s)
  ep1 step16040 loss=0.2604 (80.2 clips/s)
  ep1 step16060 loss=0.2603 (80.2 clips/s)
  ep1 step16080 loss=0.2602 (80.2 clips/s)
  ep1 step16100 loss=0.2601 (80.2 clips/s)
  ep1 step16120 loss=0.2602 (80.2 clips/s)
  ep1 step16140 loss=0.2600 (80.2 clips/s)
  ep1 step16160 loss=0.2599 (80.2 clips/s)
  ep1 step16180 loss=0.2597 (80.2 clips/s)
  ep1 step16200 loss=0.2598 (80.2 clips/s)
  ep1 step16220 loss=0.2596 (80.2 clips/s)
  ep1 step16240 loss=0.2595 (80.2 clips/s)
  ep1 step16260 loss=0.2594 (80.2 clips/s)
  ep1 step16280 loss=0.2593 (80.2 clips/s)
  ep1 step16300 loss=0.2591 (80.2 clips/s)
  ep1 step16320 loss=0.2589 (80.2 clips/s)
  ep1 step16340 loss=0.2589 (80.2 clips/s)
  ep1 step16360 loss=0.2586 (80.2 clips/s)
  ep1 step16380 loss=0.2585 (80.2 clips/s)
  ep1 step16400 loss=0.2583 (80.2 clips/s)
  ep1 step16420 loss=0.2582 (80.2 clips/s)
  ep1 step16440 loss=0.2583 (80.2 clips/s)
  ep1 step16460 loss=0.2581 (80.2 clips/s)
  ep1 step16480 loss=0.2580 (80.2 clips/s)
  ep1 step16500 loss=0.2580 (80.2 clips/s)
  ep1 step16520 loss=0.2579 (80.2 clips/s)
  ep1 step16540 loss=0.2577 (80.2 clips/s)
  ep1 step16560 loss=0.2577 (80.2 clips/s)
  ep1 step16580 loss=0.2575 (80.2 clips/s)
  ep1 step16600 loss=0.2573 (80.2 clips/s)
  ep1 step16620 loss=0.2571 (80.2 clips/s)
  ep1 step16640 loss=0.2569 (80.2 clips/s)
  ep1 step16660 loss=0.2568 (80.2 clips/s)
  ep1 step16680 loss=0.2567 (80.2 clips/s)
  ep1 step16700 loss=0.2566 (80.2 clips/s)
  ep1 step16720 loss=0.2564 (80.2 clips/s)
  ep1 step16740 loss=0.2563 (80.2 clips/s)
  ep1 step16760 loss=0.2562 (80.2 clips/s)
  ep1 step16780 loss=0.2560 (80.2 clips/s)
  ep1 step16800 loss=0.2559 (80.2 clips/s)
  ep1 step16820 loss=0.2558 (80.2 clips/s)
  ep1 step16840 loss=0.2556 (80.2 clips/s)
  ep1 step16860 loss=0.2555 (80.2 clips/s)
  ep1 step16880 loss=0.2555 (80.2 clips/s)
  ep1 step16900 loss=0.2553 (80.2 clips/s)
  ep1 step16920 loss=0.2551 (80.2 clips/s)
  ep1 step16940 loss=0.2550 (80.2 clips/s)
  ep1 step16960 loss=0.2549 (80.2 clips/s)
  ep1 step16980 loss=0.2547 (80.2 clips/s)
  ep1 step17000 loss=0.2546 (80.2 clips/s)
  ep1 step17020 loss=0.2545 (80.2 clips/s)
  ep1 step17040 loss=0.2544 (80.2 clips/s)
  ep1 step17060 loss=0.2543 (80.2 clips/s)
  ep1 step17080 loss=0.2542 (80.2 clips/s)
  ep1 step17100 loss=0.2541 (80.2 clips/s)
  ep1 step17120 loss=0.2539 (80.2 clips/s)
  ep1 step17140 loss=0.2538 (80.2 clips/s)
  ep1 step17160 loss=0.2538 (80.2 clips/s)
  ep1 step17180 loss=0.2536 (80.2 clips/s)
  ep1 step17200 loss=0.2535 (80.2 clips/s)
  ep1 step17220 loss=0.2534 (80.2 clips/s)
  ep1 step17240 loss=0.2532 (80.2 clips/s)
  ep1 step17260 loss=0.2530 (80.2 clips/s)
  ep1 step17280 loss=0.2529 (80.2 clips/s)
  ep1 step17300 loss=0.2528 (80.2 clips/s)
  ep1 step17320 loss=0.2526 (80.2 clips/s)
  ep1 step17340 loss=0.2525 (80.2 clips/s)
  ep1 step17360 loss=0.2524 (80.2 clips/s)
  ep1 step17380 loss=0.2523 (80.2 clips/s)
  ep1 step17400 loss=0.2522 (80.2 clips/s)
  ep1 step17420 loss=0.2521 (80.2 clips/s)
  ep1 step17440 loss=0.2519 (80.2 clips/s)
  ep1 step17460 loss=0.2517 (80.2 clips/s)
  ep1 step17480 loss=0.2516 (80.2 clips/s)
  ep1 step17500 loss=0.2515 (80.2 clips/s)
  ep1 step17520 loss=0.2514 (80.2 clips/s)
  ep1 step17540 loss=0.2513 (80.2 clips/s)
  ep1 step17560 loss=0.2512 (80.2 clips/s)
  ep1 step17580 loss=0.2510 (80.2 clips/s)
  ep1 step17600 loss=0.2509 (80.2 clips/s)
  ep1 step17620 loss=0.2507 (80.2 clips/s)
  ep1 step17640 loss=0.2506 (80.2 clips/s)
  ep1 step17660 loss=0.2504 (80.2 clips/s)
  ep1 step17680 loss=0.2503 (80.2 clips/s)
  ep1 step17700 loss=0.2501 (80.2 clips/s)
  ep1 step17720 loss=0.2500 (80.2 clips/s)
  ep1 step17740 loss=0.2499 (80.2 clips/s)
  ep1 step17760 loss=0.2498 (80.2 clips/s)
  ep1 step17780 loss=0.2496 (80.2 clips/s)
  ep1 step17800 loss=0.2495 (80.2 clips/s)
  ep1 step17820 loss=0.2493 (80.2 clips/s)
  ep1 step17840 loss=0.2492 (80.2 clips/s)
  ep1 step17860 loss=0.2491 (80.2 clips/s)
  ep1 step17880 loss=0.2490 (80.2 clips/s)
  ep1 step17900 loss=0.2489 (80.2 clips/s)
  ep1 step17920 loss=0.2487 (80.2 clips/s)
  ep1 step17940 loss=0.2486 (80.2 clips/s)
  ep1 step17960 loss=0.2485 (80.2 clips/s)
  ep1 step17980 loss=0.2483 (80.2 clips/s)
  ep1 step18000 loss=0.2482 (80.2 clips/s)
  ep1 step18020 loss=0.2481 (80.2 clips/s)
  ep1 step18040 loss=0.2479 (80.2 clips/s)
  ep1 step18060 loss=0.2477 (80.2 clips/s)
  ep1 step18080 loss=0.2476 (80.2 clips/s)
  ep1 step18100 loss=0.2474 (80.2 clips/s)
  ep1 step18120 loss=0.2473 (80.2 clips/s)
  ep1 step18140 loss=0.2472 (80.2 clips/s)
  ep1 step18160 loss=0.2472 (80.2 clips/s)
  ep1 step18180 loss=0.2471 (80.2 clips/s)
  ep1 step18200 loss=0.2470 (80.2 clips/s)
  ep1 step18220 loss=0.2469 (80.2 clips/s)
  ep1 step18240 loss=0.2467 (80.2 clips/s)
  ep1 step18260 loss=0.2465 (80.2 clips/s)
  ep1 step18280 loss=0.2463 (80.2 clips/s)
  ep1 step18300 loss=0.2462 (80.2 clips/s)
  ep1 step18320 loss=0.2461 (80.2 clips/s)
  ep1 step18340 loss=0.2459 (80.2 clips/s)
  ep1 step18360 loss=0.2458 (80.2 clips/s)
  ep1 step18380 loss=0.2456 (80.2 clips/s)
  ep1 step18400 loss=0.2454 (80.2 clips/s)
  ep1 step18420 loss=0.2453 (80.2 clips/s)
  ep1 step18440 loss=0.2451 (80.2 clips/s)
  ep1 step18460 loss=0.2449 (80.2 clips/s)
  ep1 step18480 loss=0.2448 (80.2 clips/s)
  ep1 step18500 loss=0.2447 (80.2 clips/s)
  ep1 step18520 loss=0.2447 (80.2 clips/s)
  ep1 step18540 loss=0.2445 (80.2 clips/s)
  ep1 step18560 loss=0.2444 (80.2 clips/s)
  ep1 step18580 loss=0.2442 (80.2 clips/s)
  ep1 step18600 loss=0.2440 (80.2 clips/s)
  ep1 step18620 loss=0.2438 (80.2 clips/s)
  ep1 step18640 loss=0.2438 (80.2 clips/s)
  ep1 step18660 loss=0.2436 (80.2 clips/s)
  ep1 step18680 loss=0.2436 (80.2 clips/s)
  ep1 step18700 loss=0.2434 (80.2 clips/s)
  ep1 step18720 loss=0.2432 (80.2 clips/s)
  ep1 step18740 loss=0.2431 (80.2 clips/s)
  ep1 step18760 loss=0.2430 (80.2 clips/s)
  ep1 step18780 loss=0.2429 (80.2 clips/s)
  ep1 step18800 loss=0.2428 (80.2 clips/s)
  ep1 step18820 loss=0.2428 (80.2 clips/s)
  ep1 step18840 loss=0.2427 (80.2 clips/s)
  ep1 step18860 loss=0.2426 (80.2 clips/s)
  ep1 step18880 loss=0.2425 (80.2 clips/s)
  ep1 step18900 loss=0.2424 (80.2 clips/s)
  ep1 step18920 loss=0.2423 (80.2 clips/s)
  ep1 step18940 loss=0.2422 (80.2 clips/s)
  ep1 step18960 loss=0.2420 (80.2 clips/s)
  ep1 step18980 loss=0.2419 (80.2 clips/s)
  ep1 step19000 loss=0.2418 (80.2 clips/s)
  ep1 step19020 loss=0.2417 (80.2 clips/s)
  ep1 step19040 loss=0.2416 (80.2 clips/s)
  ep1 step19060 loss=0.2415 (80.2 clips/s)
  ep1 step19080 loss=0.2414 (80.2 clips/s)
  ep1 step19100 loss=0.2413 (80.2 clips/s)
  ep1 step19120 loss=0.2412 (80.2 clips/s)
  ep1 step19140 loss=0.2412 (80.2 clips/s)
  ep1 step19160 loss=0.2410 (80.2 clips/s)
  ep1 step19180 loss=0.2409 (80.2 clips/s)
  ep1 step19200 loss=0.2408 (80.2 clips/s)
  ep1 step19220 loss=0.2406 (80.2 clips/s)
  ep1 step19240 loss=0.2405 (80.2 clips/s)
  ep1 step19260 loss=0.2404 (80.2 clips/s)
  ep1 step19280 loss=0.2402 (80.2 clips/s)
  ep1 step19300 loss=0.2400 (80.2 clips/s)
  ep1 step19320 loss=0.2399 (80.2 clips/s)
  ep1 step19340 loss=0.2398 (80.2 clips/s)
  ep1 step19360 loss=0.2396 (80.2 clips/s)
  ep1 step19380 loss=0.2395 (80.2 clips/s)
  ep1 step19400 loss=0.2395 (80.2 clips/s)
  ep1 step19420 loss=0.2394 (80.2 clips/s)
  ep1 step19440 loss=0.2392 (80.2 clips/s)
  ep1 step19460 loss=0.2391 (80.2 clips/s)
  ep1 step19480 loss=0.2390 (80.2 clips/s)
  ep1 step19500 loss=0.2389 (80.2 clips/s)
  ep1 step19520 loss=0.2389 (80.2 clips/s)
  ep1 step19540 loss=0.2388 (80.2 clips/s)
  ep1 step19560 loss=0.2387 (80.2 clips/s)
  ep1 step19580 loss=0.2385 (80.2 clips/s)
  ep1 step19600 loss=0.2385 (80.2 clips/s)
  ep1 step19620 loss=0.2384 (80.2 clips/s)
  ep1 step19640 loss=0.2382 (80.2 clips/s)
  ep1 step19660 loss=0.2380 (80.2 clips/s)
  ep1 step19680 loss=0.2379 (80.2 clips/s)
  ep1 step19700 loss=0.2378 (80.2 clips/s)
  ep1 step19720 loss=0.2376 (80.2 clips/s)
  ep1 step19740 loss=0.2375 (80.2 clips/s)
  ep1 step19760 loss=0.2375 (80.2 clips/s)
  ep1 step19780 loss=0.2374 (80.2 clips/s)
  ep1 step19800 loss=0.2373 (80.2 clips/s)
  ep1 step19820 loss=0.2371 (80.2 clips/s)
  ep1 step19840 loss=0.2370 (80.2 clips/s)
  ep1 step19860 loss=0.2369 (80.2 clips/s)
  ep1 step19880 loss=0.2368 (80.2 clips/s)
  ep1 step19900 loss=0.2366 (80.2 clips/s)
  ep1 step19920 loss=0.2365 (80.2 clips/s)
  ep1 step19940 loss=0.2363 (80.2 clips/s)
  ep1 step19960 loss=0.2362 (80.2 clips/s)
  ep1 step19980 loss=0.2361 (80.2 clips/s)
  ep1 step20000 loss=0.2360 (80.2 clips/s)
  ep1 step20020 loss=0.2358 (80.2 clips/s)
  ep1 step20040 loss=0.2357 (80.2 clips/s)
  ep1 step20060 loss=0.2356 (80.2 clips/s)
  ep1 step20080 loss=0.2355 (80.2 clips/s)
  ep1 step20100 loss=0.2354 (80.2 clips/s)
  ep1 step20120 loss=0.2354 (80.2 clips/s)
  ep1 step20140 loss=0.2353 (80.2 clips/s)
  ep1 step20160 loss=0.2351 (80.2 clips/s)
  ep1 step20180 loss=0.2350 (80.2 clips/s)
  ep1 step20200 loss=0.2349 (80.2 clips/s)
  ep1 step20220 loss=0.2348 (80.2 clips/s)
  ep1 step20240 loss=0.2347 (80.2 clips/s)
  ep1 step20260 loss=0.2345 (80.2 clips/s)
  ep1 step20280 loss=0.2343 (80.2 clips/s)
  ep1 step20300 loss=0.2344 (80.2 clips/s)
  ep1 step20320 loss=0.2343 (80.2 clips/s)
  ep1 step20340 loss=0.2341 (80.2 clips/s)
  ep1 step20360 loss=0.2341 (80.2 clips/s)
  ep1 step20380 loss=0.2340 (80.2 clips/s)
  ep1 step20400 loss=0.2338 (80.2 clips/s)
  ep1 step20420 loss=0.2337 (80.2 clips/s)
  ep1 step20440 loss=0.2335 (80.2 clips/s)
  ep1 step20460 loss=0.2334 (80.2 clips/s)
  ep1 step20480 loss=0.2333 (80.2 clips/s)
  ep1 step20500 loss=0.2332 (80.2 clips/s)
  ep1 step20520 loss=0.2330 (80.2 clips/s)
  ep1 step20540 loss=0.2329 (80.2 clips/s)
  ep1 step20560 loss=0.2328 (80.2 clips/s)
  ep1 step20580 loss=0.2327 (80.2 clips/s)
  ep1 step20600 loss=0.2326 (80.2 clips/s)
  ep1 step20620 loss=0.2325 (80.2 clips/s)
  ep1 step20640 loss=0.2323 (80.2 clips/s)
  ep1 step20660 loss=0.2322 (80.2 clips/s)
  ep1 step20680 loss=0.2321 (80.2 clips/s)
  ep1 step20700 loss=0.2321 (80.2 clips/s)
  ep1 step20720 loss=0.2320 (80.2 clips/s)
  ep1 step20740 loss=0.2319 (80.2 clips/s)
  ep1 step20760 loss=0.2318 (80.2 clips/s)
  ep1 step20780 loss=0.2317 (80.2 clips/s)
  ep1 step20800 loss=0.2316 (80.2 clips/s)
  ep1 step20820 loss=0.2315 (80.2 clips/s)
  ep1 step20840 loss=0.2314 (80.2 clips/s)
  ep1 step20860 loss=0.2313 (80.2 clips/s)
  ep1 step20880 loss=0.2312 (80.2 clips/s)
  ep1 step20900 loss=0.2311 (80.2 clips/s)
  ep1 step20920 loss=0.2310 (80.2 clips/s)
  ep1 step20940 loss=0.2309 (80.2 clips/s)
  ep1 step20960 loss=0.2307 (80.2 clips/s)
  ep1 step20980 loss=0.2306 (80.2 clips/s)
  ep1 step21000 loss=0.2305 (80.2 clips/s)
  ep1 step21020 loss=0.2306 (80.2 clips/s)
  ep1 step21040 loss=0.2305 (80.2 clips/s)
  ep1 step21060 loss=0.2305 (80.2 clips/s)
  ep1 step21080 loss=0.2304 (80.2 clips/s)
  ep1 step21100 loss=0.2303 (80.2 clips/s)
  ep1 step21120 loss=0.2302 (80.2 clips/s)
  ep1 step21140 loss=0.2301 (80.2 clips/s)
  ep1 step21160 loss=0.2300 (80.2 clips/s)
  ep1 step21180 loss=0.2300 (80.2 clips/s)
  ep1 step21200 loss=0.2298 (80.2 clips/s)
  ep1 step21220 loss=0.2297 (80.2 clips/s)
  ep1 step21240 loss=0.2296 (80.2 clips/s)
  ep1 step21260 loss=0.2296 (80.2 clips/s)
  ep1 step21280 loss=0.2295 (80.2 clips/s)
  ep1 step21300 loss=0.2294 (80.2 clips/s)
  ep1 step21320 loss=0.2293 (80.2 clips/s)
  ep1 step21340 loss=0.2292 (80.2 clips/s)
  ep1 step21360 loss=0.2291 (80.2 clips/s)
  ep1 step21380 loss=0.2290 (80.2 clips/s)
  ep1 step21400 loss=0.2289 (80.2 clips/s)
  ep1 step21420 loss=0.2288 (80.2 clips/s)
  ep1 step21440 loss=0.2287 (80.2 clips/s)
  ep1 step21460 loss=0.2286 (80.2 clips/s)
  ep1 step21480 loss=0.2285 (80.2 clips/s)
  ep1 step21500 loss=0.2284 (80.2 clips/s)
  ep1 step21520 loss=0.2283 (80.2 clips/s)
  ep1 step21540 loss=0.2282 (80.2 clips/s)
  ep1 step21560 loss=0.2282 (80.2 clips/s)
  ep1 step21580 loss=0.2280 (80.2 clips/s)
  ep1 step21600 loss=0.2279 (80.2 clips/s)
  ep1 step21620 loss=0.2279 (80.2 clips/s)
  ep1 step21640 loss=0.2277 (80.2 clips/s)
  ep1 step21660 loss=0.2277 (80.2 clips/s)
  ep1 step21680 loss=0.2276 (80.2 clips/s)
  ep1 step21700 loss=0.2275 (80.2 clips/s)
  ep1 step21720 loss=0.2274 (80.2 clips/s)
  ep1 step21740 loss=0.2272 (80.2 clips/s)
  ep1 step21760 loss=0.2271 (80.2 clips/s)
  ep1 step21780 loss=0.2270 (80.2 clips/s)
  ep1 step21800 loss=0.2269 (80.2 clips/s)
  ep1 step21820 loss=0.2268 (80.2 clips/s)
  ep1 step21840 loss=0.2267 (80.2 clips/s)
  ep1 step21860 loss=0.2266 (80.2 clips/s)
  ep1 step21880 loss=0.2265 (80.2 clips/s)
  ep1 step21900 loss=0.2264 (80.2 clips/s)
[epoch 1] loss=0.2264 val_avg_f1=0.7630 val_acc=0.8990 (145.8 min)
  ep2 step21920 loss=0.1149 (71.2 clips/s)
  ep2 step21940 loss=0.1148 (75.4 clips/s)
  ep2 step21960 loss=0.1216 (77.0 clips/s)
  ep2 step21980 loss=0.1295 (77.8 clips/s)
  ep2 step22000 loss=0.1136 (78.3 clips/s)
  ep2 step22020 loss=0.1153 (78.6 clips/s)
  ep2 step22040 loss=0.1075 (78.9 clips/s)
  ep2 step22060 loss=0.1010 (79.0 clips/s)
  ep2 step22080 loss=0.0978 (79.2 clips/s)
  ep2 step22100 loss=0.1049 (79.3 clips/s)
  ep2 step22120 loss=0.1027 (79.4 clips/s)
  ep2 step22140 loss=0.1040 (79.4 clips/s)
  ep2 step22160 loss=0.0992 (79.5 clips/s)
  ep2 step22180 loss=0.0981 (79.6 clips/s)
  ep2 step22200 loss=0.0953 (79.6 clips/s)
  ep2 step22220 loss=0.0944 (79.7 clips/s)
  ep2 step22240 loss=0.0990 (79.7 clips/s)
  ep2 step22260 loss=0.0957 (79.7 clips/s)
  ep2 step22280 loss=0.0970 (79.7 clips/s)
  ep2 step22300 loss=0.0998 (79.8 clips/s)
  ep2 step22320 loss=0.1010 (79.8 clips/s)
  ep2 step22340 loss=0.1020 (79.8 clips/s)
  ep2 step22360 loss=0.1010 (79.8 clips/s)
  ep2 step22380 loss=0.1012 (79.9 clips/s)
  ep2 step22400 loss=0.1008 (79.9 clips/s)
  ep2 step22420 loss=0.1022 (79.9 clips/s)
  ep2 step22440 loss=0.1042 (79.9 clips/s)
  ep2 step22460 loss=0.1018 (79.9 clips/s)
  ep2 step22480 loss=0.1011 (79.9 clips/s)
  ep2 step22500 loss=0.1009 (79.9 clips/s)
  ep2 step22520 loss=0.1004 (80.0 clips/s)
  ep2 step22540 loss=0.1000 (80.0 clips/s)
  ep2 step22560 loss=0.0994 (80.0 clips/s)
  ep2 step22580 loss=0.0999 (80.0 clips/s)
  ep2 step22600 loss=0.0989 (80.0 clips/s)
  ep2 step22620 loss=0.0982 (80.0 clips/s)
  ep2 step22640 loss=0.0970 (80.0 clips/s)
  ep2 step22660 loss=0.0969 (80.0 clips/s)
  ep2 step22680 loss=0.0968 (80.0 clips/s)
  ep2 step22700 loss=0.0962 (80.0 clips/s)
  ep2 step22720 loss=0.0968 (80.0 clips/s)
  ep2 step22740 loss=0.0960 (80.0 clips/s)
  ep2 step22760 loss=0.0951 (80.0 clips/s)
  ep2 step22780 loss=0.0942 (80.0 clips/s)
  ep2 step22800 loss=0.0954 (80.0 clips/s)
  ep2 step22820 loss=0.0955 (80.0 clips/s)
  ep2 step22840 loss=0.0978 (80.1 clips/s)
  ep2 step22860 loss=0.0989 (80.1 clips/s)
  ep2 step22880 loss=0.0995 (80.1 clips/s)
  ep2 step22900 loss=0.1005 (80.1 clips/s)
  ep2 step22920 loss=0.1005 (80.1 clips/s)
  ep2 step22940 loss=0.1005 (80.1 clips/s)
  ep2 step22960 loss=0.1020 (80.1 clips/s)
  ep2 step22980 loss=0.1033 (80.1 clips/s)
  ep2 step23000 loss=0.1029 (80.1 clips/s)
  ep2 step23020 loss=0.1023 (80.1 clips/s)
  ep2 step23040 loss=0.1018 (80.1 clips/s)
  ep2 step23060 loss=0.1021 (80.1 clips/s)
  ep2 step23080 loss=0.1016 (80.1 clips/s)
  ep2 step23100 loss=0.1013 (80.1 clips/s)
  ep2 step23120 loss=0.1026 (80.1 clips/s)
  ep2 step23140 loss=0.1025 (80.1 clips/s)
  ep2 step23160 loss=0.1020 (80.1 clips/s)
  ep2 step23180 loss=0.1020 (80.1 clips/s)
  ep2 step23200 loss=0.1021 (80.1 clips/s)
  ep2 step23220 loss=0.1017 (80.1 clips/s)
  ep2 step23240 loss=0.1015 (80.1 clips/s)
  ep2 step23260 loss=0.1014 (80.1 clips/s)
  ep2 step23280 loss=0.1009 (80.1 clips/s)
  ep2 step23300 loss=0.1004 (80.1 clips/s)
  ep2 step23320 loss=0.1007 (80.1 clips/s)
  ep2 step23340 loss=0.1009 (80.1 clips/s)
  ep2 step23360 loss=0.1009 (80.1 clips/s)
  ep2 step23380 loss=0.1006 (80.1 clips/s)
  ep2 step23400 loss=0.1023 (80.1 clips/s)
  ep2 step23420 loss=0.1024 (80.1 clips/s)
  ep2 step23440 loss=0.1021 (80.1 clips/s)
  ep2 step23460 loss=0.1019 (80.1 clips/s)
  ep2 step23480 loss=0.1020 (80.1 clips/s)
  ep2 step23500 loss=0.1019 (80.1 clips/s)
  ep2 step23520 loss=0.1024 (80.1 clips/s)
  ep2 step23540 loss=0.1023 (80.1 clips/s)
  ep2 step23560 loss=0.1022 (80.1 clips/s)
  ep2 step23580 loss=0.1025 (80.1 clips/s)
  ep2 step23600 loss=0.1022 (80.1 clips/s)
  ep2 step23620 loss=0.1026 (80.1 clips/s)
  ep2 step23640 loss=0.1024 (80.1 clips/s)
  ep2 step23660 loss=0.1028 (80.1 clips/s)
  ep2 step23680 loss=0.1031 (80.1 clips/s)
  ep2 step23700 loss=0.1025 (80.1 clips/s)
  ep2 step23720 loss=0.1027 (80.1 clips/s)
  ep2 step23740 loss=0.1031 (80.1 clips/s)
  ep2 step23760 loss=0.1041 (80.1 clips/s)
  ep2 step23780 loss=0.1040 (80.1 clips/s)
  ep2 step23800 loss=0.1040 (80.1 clips/s)
  ep2 step23820 loss=0.1040 (80.1 clips/s)
  ep2 step23840 loss=0.1047 (80.1 clips/s)
  ep2 step23860 loss=0.1044 (80.1 clips/s)
  ep2 step23880 loss=0.1041 (80.1 clips/s)
  ep2 step23900 loss=0.1040 (80.1 clips/s)
  ep2 step23920 loss=0.1040 (80.1 clips/s)
  ep2 step23940 loss=0.1048 (80.1 clips/s)
  ep2 step23960 loss=0.1049 (80.1 clips/s)
  ep2 step23980 loss=0.1055 (80.1 clips/s)
  ep2 step24000 loss=0.1052 (80.1 clips/s)
  ep2 step24020 loss=0.1056 (80.1 clips/s)
  ep2 step24040 loss=0.1051 (80.1 clips/s)
  ep2 step24060 loss=0.1060 (80.1 clips/s)
  ep2 step24080 loss=0.1056 (80.1 clips/s)
  ep2 step24100 loss=0.1056 (80.2 clips/s)
  ep2 step24120 loss=0.1057 (80.2 clips/s)
  ep2 step24140 loss=0.1055 (80.2 clips/s)
  ep2 step24160 loss=0.1052 (80.2 clips/s)
  ep2 step24180 loss=0.1053 (80.2 clips/s)
  ep2 step24200 loss=0.1057 (80.2 clips/s)
  ep2 step24220 loss=0.1057 (80.2 clips/s)
  ep2 step24240 loss=0.1053 (80.2 clips/s)
  ep2 step24260 loss=0.1050 (80.2 clips/s)
  ep2 step24280 loss=0.1050 (80.2 clips/s)
  ep2 step24300 loss=0.1045 (80.2 clips/s)
  ep2 step24320 loss=0.1045 (80.2 clips/s)
  ep2 step24340 loss=0.1041 (80.2 clips/s)
  ep2 step24360 loss=0.1040 (80.2 clips/s)
  ep2 step24380 loss=0.1039 (80.2 clips/s)
  ep2 step24400 loss=0.1038 (80.2 clips/s)
  ep2 step24420 loss=0.1042 (80.2 clips/s)
  ep2 step24440 loss=0.1038 (80.2 clips/s)
  ep2 step24460 loss=0.1041 (80.2 clips/s)
  ep2 step24480 loss=0.1047 (80.2 clips/s)
  ep2 step24500 loss=0.1046 (80.2 clips/s)
  ep2 step24520 loss=0.1050 (80.2 clips/s)
  ep2 step24540 loss=0.1051 (80.2 clips/s)
  ep2 step24560 loss=0.1051 (80.2 clips/s)
  ep2 step24580 loss=0.1052 (80.2 clips/s)
  ep2 step24600 loss=0.1050 (80.2 clips/s)
  ep2 step24620 loss=0.1048 (80.2 clips/s)
  ep2 step24640 loss=0.1050 (80.2 clips/s)
  ep2 step24660 loss=0.1049 (80.2 clips/s)
  ep2 step24680 loss=0.1048 (80.2 clips/s)
  ep2 step24700 loss=0.1044 (80.2 clips/s)
  ep2 step24720 loss=0.1045 (80.2 clips/s)
  ep2 step24740 loss=0.1045 (80.2 clips/s)
  ep2 step24760 loss=0.1049 (80.2 clips/s)
  ep2 step24780 loss=0.1050 (80.2 clips/s)
  ep2 step24800 loss=0.1052 (80.2 clips/s)
  ep2 step24820 loss=0.1052 (80.2 clips/s)
  ep2 step24840 loss=0.1051 (80.2 clips/s)
  ep2 step24860 loss=0.1050 (80.2 clips/s)
  ep2 step24880 loss=0.1050 (80.2 clips/s)
  ep2 step24900 loss=0.1045 (80.2 clips/s)
  ep2 step24920 loss=0.1044 (80.2 clips/s)
  ep2 step24940 loss=0.1041 (80.2 clips/s)
  ep2 step24960 loss=0.1041 (80.2 clips/s)
  ep2 step24980 loss=0.1046 (80.2 clips/s)
  ep2 step25000 loss=0.1051 (80.2 clips/s)
  ep2 step25020 loss=0.1052 (80.2 clips/s)
  ep2 step25040 loss=0.1052 (80.2 clips/s)
  ep2 step25060 loss=0.1052 (80.2 clips/s)
  ep2 step25080 loss=0.1051 (80.2 clips/s)
  ep2 step25100 loss=0.1057 (80.2 clips/s)
  ep2 step25120 loss=0.1061 (80.2 clips/s)
  ep2 step25140 loss=0.1063 (80.2 clips/s)
  ep2 step25160 loss=0.1067 (80.2 clips/s)
  ep2 step25180 loss=0.1067 (80.2 clips/s)
  ep2 step25200 loss=0.1065 (80.2 clips/s)
  ep2 step25220 loss=0.1061 (80.2 clips/s)
  ep2 step25240 loss=0.1062 (80.2 clips/s)
  ep2 step25260 loss=0.1063 (80.2 clips/s)
  ep2 step25280 loss=0.1061 (80.2 clips/s)
  ep2 step25300 loss=0.1061 (80.2 clips/s)
  ep2 step25320 loss=0.1060 (80.2 clips/s)
  ep2 step25340 loss=0.1062 (80.2 clips/s)
  ep2 step25360 loss=0.1064 (80.2 clips/s)
  ep2 step25380 loss=0.1062 (80.2 clips/s)
  ep2 step25400 loss=0.1062 (80.2 clips/s)
  ep2 step25420 loss=0.1062 (80.2 clips/s)
  ep2 step25440 loss=0.1061 (80.2 clips/s)
  ep2 step25460 loss=0.1060 (80.2 clips/s)
  ep2 step25480 loss=0.1064 (80.2 clips/s)
  ep2 step25500 loss=0.1070 (80.2 clips/s)
  ep2 step25520 loss=0.1068 (80.2 clips/s)
  ep2 step25540 loss=0.1068 (80.2 clips/s)
  ep2 step25560 loss=0.1069 (80.2 clips/s)
  ep2 step25580 loss=0.1067 (80.2 clips/s)
  ep2 step25600 loss=0.1066 (80.2 clips/s)
  ep2 step25620 loss=0.1067 (80.2 clips/s)
  ep2 step25640 loss=0.1065 (80.2 clips/s)
  ep2 step25660 loss=0.1063 (80.2 clips/s)
  ep2 step25680 loss=0.1059 (80.2 clips/s)
  ep2 step25700 loss=0.1059 (80.2 clips/s)
  ep2 step25720 loss=0.1057 (80.2 clips/s)
  ep2 step25740 loss=0.1066 (80.2 clips/s)
  ep2 step25760 loss=0.1066 (80.2 clips/s)
  ep2 step25780 loss=0.1068 (80.2 clips/s)
  ep2 step25800 loss=0.1068 (80.2 clips/s)
  ep2 step25820 loss=0.1066 (80.2 clips/s)
  ep2 step25840 loss=0.1066 (80.2 clips/s)
  ep2 step25860 loss=0.1065 (80.2 clips/s)
  ep2 step25880 loss=0.1064 (80.2 clips/s)
  ep2 step25900 loss=0.1062 (80.2 clips/s)
  ep2 step25920 loss=0.1069 (80.2 clips/s)
  ep2 step25940 loss=0.1065 (80.2 clips/s)
  ep2 step25960 loss=0.1066 (80.2 clips/s)
  ep2 step25980 loss=0.1067 (80.2 clips/s)
  ep2 step26000 loss=0.1068 (80.2 clips/s)
  ep2 step26020 loss=0.1070 (80.2 clips/s)
  ep2 step26040 loss=0.1069 (80.2 clips/s)
  ep2 step26060 loss=0.1065 (80.2 clips/s)
  ep2 step26080 loss=0.1066 (80.2 clips/s)
  ep2 step26100 loss=0.1065 (80.2 clips/s)
  ep2 step26120 loss=0.1064 (80.2 clips/s)
  ep2 step26140 loss=0.1063 (80.2 clips/s)
  ep2 step26160 loss=0.1063 (80.2 clips/s)
  ep2 step26180 loss=0.1065 (80.2 clips/s)
  ep2 step26200 loss=0.1067 (80.2 clips/s)
  ep2 step26220 loss=0.1064 (80.2 clips/s)
  ep2 step26240 loss=0.1068 (80.2 clips/s)
  ep2 step26260 loss=0.1067 (80.2 clips/s)
  ep2 step26280 loss=0.1066 (80.2 clips/s)
  ep2 step26300 loss=0.1067 (80.2 clips/s)
  ep2 step26320 loss=0.1065 (80.2 clips/s)
  ep2 step26340 loss=0.1066 (80.2 clips/s)
  ep2 step26360 loss=0.1067 (80.2 clips/s)
  ep2 step26380 loss=0.1067 (80.2 clips/s)
  ep2 step26400 loss=0.1068 (80.2 clips/s)
  ep2 step26420 loss=0.1066 (80.2 clips/s)
  ep2 step26440 loss=0.1064 (80.2 clips/s)
  ep2 step26460 loss=0.1067 (80.2 clips/s)
  ep2 step26480 loss=0.1065 (80.2 clips/s)
  ep2 step26500 loss=0.1064 (80.2 clips/s)
  ep2 step26520 loss=0.1065 (80.2 clips/s)
  ep2 step26540 loss=0.1068 (80.2 clips/s)
  ep2 step26560 loss=0.1067 (80.2 clips/s)
  ep2 step26580 loss=0.1067 (80.2 clips/s)
  ep2 step26600 loss=0.1065 (80.2 clips/s)
  ep2 step26620 loss=0.1062 (80.2 clips/s)
  ep2 step26640 loss=0.1062 (80.2 clips/s)
  ep2 step26660 loss=0.1060 (80.2 clips/s)
  ep2 step26680 loss=0.1058 (80.2 clips/s)
  ep2 step26700 loss=0.1057 (80.2 clips/s)
  ep2 step26720 loss=0.1059 (80.2 clips/s)
  ep2 step26740 loss=0.1056 (80.2 clips/s)
  ep2 step26760 loss=0.1054 (80.2 clips/s)
  ep2 step26780 loss=0.1056 (80.2 clips/s)
  ep2 step26800 loss=0.1055 (80.2 clips/s)
  ep2 step26820 loss=0.1056 (80.2 clips/s)
  ep2 step26840 loss=0.1054 (80.2 clips/s)
  ep2 step26860 loss=0.1057 (80.2 clips/s)
  ep2 step26880 loss=0.1056 (80.2 clips/s)
  ep2 step26900 loss=0.1055 (80.2 clips/s)
  ep2 step26920 loss=0.1056 (80.2 clips/s)
  ep2 step26940 loss=0.1057 (80.2 clips/s)
  ep2 step26960 loss=0.1056 (80.2 clips/s)
  ep2 step26980 loss=0.1055 (80.2 clips/s)
  ep2 step27000 loss=0.1057 (80.2 clips/s)
  ep2 step27020 loss=0.1057 (80.2 clips/s)
  ep2 step27040 loss=0.1057 (80.2 clips/s)
  ep2 step27060 loss=0.1055 (80.2 clips/s)
  ep2 step27080 loss=0.1054 (80.2 clips/s)
  ep2 step27100 loss=0.1052 (80.2 clips/s)
  ep2 step27120 loss=0.1053 (80.2 clips/s)
  ep2 step27140 loss=0.1053 (80.2 clips/s)
  ep2 step27160 loss=0.1054 (80.2 clips/s)
  ep2 step27180 loss=0.1052 (80.2 clips/s)
  ep2 step27200 loss=0.1052 (80.2 clips/s)
  ep2 step27220 loss=0.1053 (80.2 clips/s)
  ep2 step27240 loss=0.1051 (80.2 clips/s)
  ep2 step27260 loss=0.1053 (80.2 clips/s)
  ep2 step27280 loss=0.1053 (80.2 clips/s)
  ep2 step27300 loss=0.1052 (80.2 clips/s)
  ep2 step27320 loss=0.1055 (80.2 clips/s)
  ep2 step27340 loss=0.1055 (80.2 clips/s)
  ep2 step27360 loss=0.1054 (80.2 clips/s)
  ep2 step27380 loss=0.1053 (80.2 clips/s)
  ep2 step27400 loss=0.1051 (80.2 clips/s)
  ep2 step27420 loss=0.1053 (80.2 clips/s)
  ep2 step27440 loss=0.1052 (80.2 clips/s)
  ep2 step27460 loss=0.1053 (80.2 clips/s)
  ep2 step27480 loss=0.1052 (80.2 clips/s)
  ep2 step27500 loss=0.1052 (80.2 clips/s)
  ep2 step27520 loss=0.1050 (80.2 clips/s)
  ep2 step27540 loss=0.1049 (80.2 clips/s)
  ep2 step27560 loss=0.1049 (80.2 clips/s)
  ep2 step27580 loss=0.1050 (80.2 clips/s)
  ep2 step27600 loss=0.1050 (80.2 clips/s)
  ep2 step27620 loss=0.1048 (80.2 clips/s)
  ep2 step27640 loss=0.1049 (80.2 clips/s)
  ep2 step27660 loss=0.1050 (80.2 clips/s)
  ep2 step27680 loss=0.1048 (80.2 clips/s)
  ep2 step27700 loss=0.1046 (80.2 clips/s)
  ep2 step27720 loss=0.1044 (80.2 clips/s)
  ep2 step27740 loss=0.1045 (80.2 clips/s)
  ep2 step27760 loss=0.1046 (80.2 clips/s)
  ep2 step27780 loss=0.1046 (80.2 clips/s)
  ep2 step27800 loss=0.1046 (80.2 clips/s)
  ep2 step27820 loss=0.1048 (80.2 clips/s)
  ep2 step27840 loss=0.1047 (80.2 clips/s)
  ep2 step27860 loss=0.1045 (80.2 clips/s)
  ep2 step27880 loss=0.1046 (80.2 clips/s)
  ep2 step27900 loss=0.1045 (80.2 clips/s)
  ep2 step27920 loss=0.1044 (80.2 clips/s)
  ep2 step27940 loss=0.1045 (80.2 clips/s)
  ep2 step27960 loss=0.1046 (80.2 clips/s)
  ep2 step27980 loss=0.1044 (80.2 clips/s)
  ep2 step28000 loss=0.1043 (80.2 clips/s)
  ep2 step28020 loss=0.1044 (80.2 clips/s)
  ep2 step28040 loss=0.1045 (80.2 clips/s)
  ep2 step28060 loss=0.1046 (80.2 clips/s)
  ep2 step28080 loss=0.1044 (80.2 clips/s)
  ep2 step28100 loss=0.1045 (80.2 clips/s)
  ep2 step28120 loss=0.1044 (80.2 clips/s)
  ep2 step28140 loss=0.1043 (80.2 clips/s)
  ep2 step28160 loss=0.1043 (80.2 clips/s)
  ep2 step28180 loss=0.1043 (80.2 clips/s)
  ep2 step28200 loss=0.1043 (80.2 clips/s)
  ep2 step28220 loss=0.1042 (80.2 clips/s)
  ep2 step28240 loss=0.1042 (80.2 clips/s)
  ep2 step28260 loss=0.1044 (80.2 clips/s)
  ep2 step28280 loss=0.1043 (80.2 clips/s)
  ep2 step28300 loss=0.1041 (80.2 clips/s)
  ep2 step28320 loss=0.1039 (80.2 clips/s)
  ep2 step28340 loss=0.1038 (80.2 clips/s)
  ep2 step28360 loss=0.1038 (80.2 clips/s)
  ep2 step28380 loss=0.1039 (80.2 clips/s)
  ep2 step28400 loss=0.1040 (80.2 clips/s)
  ep2 step28420 loss=0.1039 (80.2 clips/s)
  ep2 step28440 loss=0.1038 (80.2 clips/s)
  ep2 step28460 loss=0.1040 (80.2 clips/s)
  ep2 step28480 loss=0.1039 (80.2 clips/s)
  ep2 step28500 loss=0.1040 (80.2 clips/s)
  ep2 step28520 loss=0.1039 (80.2 clips/s)
  ep2 step28540 loss=0.1039 (80.2 clips/s)
  ep2 step28560 loss=0.1037 (80.2 clips/s)
  ep2 step28580 loss=0.1038 (80.2 clips/s)
  ep2 step28600 loss=0.1037 (80.2 clips/s)
  ep2 step28620 loss=0.1039 (80.2 clips/s)
  ep2 step28640 loss=0.1038 (80.2 clips/s)
  ep2 step28660 loss=0.1039 (80.2 clips/s)
  ep2 step28680 loss=0.1040 (80.2 clips/s)
  ep2 step28700 loss=0.1039 (80.2 clips/s)
  ep2 step28720 loss=0.1039 (80.2 clips/s)
  ep2 step28740 loss=0.1040 (80.2 clips/s)
  ep2 step28760 loss=0.1040 (80.2 clips/s)
  ep2 step28780 loss=0.1040 (80.2 clips/s)
  ep2 step28800 loss=0.1039 (80.2 clips/s)
  ep2 step28820 loss=0.1039 (80.2 clips/s)
  ep2 step28840 loss=0.1038 (80.2 clips/s)
  ep2 step28860 loss=0.1038 (80.2 clips/s)
  ep2 step28880 loss=0.1038 (80.2 clips/s)
  ep2 step28900 loss=0.1037 (80.2 clips/s)
  ep2 step28920 loss=0.1036 (80.2 clips/s)
  ep2 step28940 loss=0.1035 (80.2 clips/s)
  ep2 step28960 loss=0.1036 (80.2 clips/s)
  ep2 step28980 loss=0.1036 (80.2 clips/s)
  ep2 step29000 loss=0.1035 (80.2 clips/s)
  ep2 step29020 loss=0.1034 (80.2 clips/s)
  ep2 step29040 loss=0.1035 (80.2 clips/s)
  ep2 step29060 loss=0.1037 (80.2 clips/s)
  ep2 step29080 loss=0.1036 (80.2 clips/s)
  ep2 step29100 loss=0.1035 (80.2 clips/s)
  ep2 step29120 loss=0.1033 (80.2 clips/s)
  ep2 step29140 loss=0.1032 (80.2 clips/s)
  ep2 step29160 loss=0.1031 (80.2 clips/s)
  ep2 step29180 loss=0.1030 (80.2 clips/s)
  ep2 step29200 loss=0.1030 (80.2 clips/s)
  ep2 step29220 loss=0.1028 (80.2 clips/s)
  ep2 step29240 loss=0.1027 (80.2 clips/s)
  ep2 step29260 loss=0.1029 (80.2 clips/s)
  ep2 step29280 loss=0.1029 (80.2 clips/s)
  ep2 step29300 loss=0.1027 (80.2 clips/s)
  ep2 step29320 loss=0.1028 (80.2 clips/s)
  ep2 step29340 loss=0.1030 (80.2 clips/s)
  ep2 step29360 loss=0.1029 (80.2 clips/s)
  ep2 step29380 loss=0.1033 (80.2 clips/s)
  ep2 step29400 loss=0.1032 (80.2 clips/s)
  ep2 step29420 loss=0.1031 (80.2 clips/s)
  ep2 step29440 loss=0.1031 (80.2 clips/s)
  ep2 step29460 loss=0.1030 (80.2 clips/s)
  ep2 step29480 loss=0.1029 (80.2 clips/s)
  ep2 step29500 loss=0.1028 (80.2 clips/s)
  ep2 step29520 loss=0.1026 (80.2 clips/s)
  ep2 step29540 loss=0.1027 (80.2 clips/s)
  ep2 step29560 loss=0.1030 (80.2 clips/s)
  ep2 step29580 loss=0.1029 (80.2 clips/s)
  ep2 step29600 loss=0.1030 (80.2 clips/s)
  ep2 step29620 loss=0.1029 (80.2 clips/s)
  ep2 step29640 loss=0.1031 (80.2 clips/s)
  ep2 step29660 loss=0.1029 (80.2 clips/s)
  ep2 step29680 loss=0.1028 (80.2 clips/s)
  ep2 step29700 loss=0.1028 (80.2 clips/s)
  ep2 step29720 loss=0.1027 (80.2 clips/s)
  ep2 step29740 loss=0.1026 (80.2 clips/s)
  ep2 step29760 loss=0.1024 (80.2 clips/s)
  ep2 step29780 loss=0.1025 (80.2 clips/s)
  ep2 step29800 loss=0.1024 (80.2 clips/s)
  ep2 step29820 loss=0.1025 (80.2 clips/s)
  ep2 step29840 loss=0.1024 (80.2 clips/s)
  ep2 step29860 loss=0.1024 (80.2 clips/s)
  ep2 step29880 loss=0.1025 (80.2 clips/s)
  ep2 step29900 loss=0.1025 (80.2 clips/s)
  ep2 step29920 loss=0.1024 (80.2 clips/s)
  ep2 step29940 loss=0.1024 (80.2 clips/s)
  ep2 step29960 loss=0.1024 (80.2 clips/s)
  ep2 step29980 loss=0.1023 (80.2 clips/s)
  ep2 step30000 loss=0.1022 (80.2 clips/s)
  ep2 step30020 loss=0.1021 (80.2 clips/s)
  ep2 step30040 loss=0.1019 (80.2 clips/s)
  ep2 step30060 loss=0.1021 (80.2 clips/s)
  ep2 step30080 loss=0.1020 (80.2 clips/s)
  ep2 step30100 loss=0.1019 (80.2 clips/s)
  ep2 step30120 loss=0.1018 (80.2 clips/s)
  ep2 step30140 loss=0.1017 (80.2 clips/s)
  ep2 step30160 loss=0.1017 (80.2 clips/s)
  ep2 step30180 loss=0.1016 (80.2 clips/s)
  ep2 step30200 loss=0.1016 (80.2 clips/s)
  ep2 step30220 loss=0.1016 (80.2 clips/s)
  ep2 step30240 loss=0.1017 (80.2 clips/s)
  ep2 step30260 loss=0.1017 (80.2 clips/s)
  ep2 step30280 loss=0.1017 (80.2 clips/s)
  ep2 step30300 loss=0.1017 (80.2 clips/s)
  ep2 step30320 loss=0.1015 (80.2 clips/s)
  ep2 step30340 loss=0.1014 (80.2 clips/s)
  ep2 step30360 loss=0.1014 (80.2 clips/s)
  ep2 step30380 loss=0.1014 (80.2 clips/s)
  ep2 step30400 loss=0.1014 (80.2 clips/s)
  ep2 step30420 loss=0.1013 (80.2 clips/s)
  ep2 step30440 loss=0.1012 (80.2 clips/s)
  ep2 step30460 loss=0.1013 (80.2 clips/s)
  ep2 step30480 loss=0.1013 (80.2 clips/s)
  ep2 step30500 loss=0.1013 (80.2 clips/s)
  ep2 step30520 loss=0.1013 (80.2 clips/s)
  ep2 step30540 loss=0.1013 (80.2 clips/s)
  ep2 step30560 loss=0.1013 (80.2 clips/s)
  ep2 step30580 loss=0.1013 (80.2 clips/s)
  ep2 step30600 loss=0.1015 (80.2 clips/s)
  ep2 step30620 loss=0.1014 (80.2 clips/s)
  ep2 step30640 loss=0.1014 (80.2 clips/s)
  ep2 step30660 loss=0.1014 (80.2 clips/s)
  ep2 step30680 loss=0.1014 (80.2 clips/s)
  ep2 step30700 loss=0.1013 (80.2 clips/s)
  ep2 step30720 loss=0.1012 (80.2 clips/s)
  ep2 step30740 loss=0.1012 (80.2 clips/s)
  ep2 step30760 loss=0.1012 (80.2 clips/s)
  ep2 step30780 loss=0.1011 (80.2 clips/s)
  ep2 step30800 loss=0.1011 (80.2 clips/s)
  ep2 step30820 loss=0.1012 (80.2 clips/s)
  ep2 step30840 loss=0.1011 (80.2 clips/s)
  ep2 step30860 loss=0.1010 (80.2 clips/s)
  ep2 step30880 loss=0.1010 (80.2 clips/s)
  ep2 step30900 loss=0.1010 (80.2 clips/s)
  ep2 step30920 loss=0.1010 (80.2 clips/s)
  ep2 step30940 loss=0.1009 (80.2 clips/s)
  ep2 step30960 loss=0.1008 (80.2 clips/s)
  ep2 step30980 loss=0.1009 (80.2 clips/s)
  ep2 step31000 loss=0.1008 (80.2 clips/s)
  ep2 step31020 loss=0.1007 (80.2 clips/s)
  ep2 step31040 loss=0.1008 (80.2 clips/s)
  ep2 step31060 loss=0.1009 (80.2 clips/s)
  ep2 step31080 loss=0.1009 (80.2 clips/s)
  ep2 step31100 loss=0.1008 (80.2 clips/s)
  ep2 step31120 loss=0.1008 (80.2 clips/s)
  ep2 step31140 loss=0.1009 (80.2 clips/s)
  ep2 step31160 loss=0.1008 (80.2 clips/s)
  ep2 step31180 loss=0.1008 (80.2 clips/s)
  ep2 step31200 loss=0.1008 (80.2 clips/s)
  ep2 step31220 loss=0.1008 (80.2 clips/s)
  ep2 step31240 loss=0.1009 (80.2 clips/s)
  ep2 step31260 loss=0.1008 (80.2 clips/s)
  ep2 step31280 loss=0.1007 (80.2 clips/s)
  ep2 step31300 loss=0.1008 (80.2 clips/s)
  ep2 step31320 loss=0.1008 (80.2 clips/s)
  ep2 step31340 loss=0.1008 (80.2 clips/s)
  ep2 step31360 loss=0.1008 (80.2 clips/s)
  ep2 step31380 loss=0.1008 (80.2 clips/s)
  ep2 step31400 loss=0.1008 (80.2 clips/s)
  ep2 step31420 loss=0.1007 (80.2 clips/s)
  ep2 step31440 loss=0.1007 (80.2 clips/s)
  ep2 step31460 loss=0.1006 (80.2 clips/s)
  ep2 step31480 loss=0.1007 (80.2 clips/s)
  ep2 step31500 loss=0.1006 (80.2 clips/s)
  ep2 step31520 loss=0.1005 (80.2 clips/s)
  ep2 step31540 loss=0.1004 (80.2 clips/s)
  ep2 step31560 loss=0.1005 (80.2 clips/s)
  ep2 step31580 loss=0.1005 (80.2 clips/s)
  ep2 step31600 loss=0.1004 (80.2 clips/s)
  ep2 step31620 loss=0.1005 (80.2 clips/s)
  ep2 step31640 loss=0.1004 (80.2 clips/s)
  ep2 step31660 loss=0.1005 (80.2 clips/s)
  ep2 step31680 loss=0.1004 (80.2 clips/s)
  ep2 step31700 loss=0.1005 (80.2 clips/s)
  ep2 step31720 loss=0.1005 (80.2 clips/s)
  ep2 step31740 loss=0.1005 (80.2 clips/s)
  ep2 step31760 loss=0.1005 (80.2 clips/s)
  ep2 step31780 loss=0.1004 (80.2 clips/s)
  ep2 step31800 loss=0.1004 (80.2 clips/s)
  ep2 step31820 loss=0.1002 (80.2 clips/s)
  ep2 step31840 loss=0.1002 (80.2 clips/s)
  ep2 step31860 loss=0.1003 (80.2 clips/s)
  ep2 step31880 loss=0.1002 (80.2 clips/s)
  ep2 step31900 loss=0.1002 (80.2 clips/s)
  ep2 step31920 loss=0.1002 (80.2 clips/s)
  ep2 step31940 loss=0.1002 (80.2 clips/s)
  ep2 step31960 loss=0.1001 (80.2 clips/s)
  ep2 step31980 loss=0.1001 (80.2 clips/s)
  ep2 step32000 loss=0.1000 (80.2 clips/s)
  ep2 step32020 loss=0.1000 (80.2 clips/s)
  ep2 step32040 loss=0.0999 (80.2 clips/s)
  ep2 step32060 loss=0.0999 (80.2 clips/s)
  ep2 step32080 loss=0.0998 (80.2 clips/s)
  ep2 step32100 loss=0.0999 (80.2 clips/s)
  ep2 step32120 loss=0.1000 (80.2 clips/s)
  ep2 step32140 loss=0.0998 (80.2 clips/s)
  ep2 step32160 loss=0.0998 (80.2 clips/s)
  ep2 step32180 loss=0.0999 (80.2 clips/s)
  ep2 step32200 loss=0.0999 (80.2 clips/s)
  ep2 step32220 loss=0.0998 (80.2 clips/s)
  ep2 step32240 loss=0.0997 (80.2 clips/s)
  ep2 step32260 loss=0.0998 (80.2 clips/s)
  ep2 step32280 loss=0.0998 (80.2 clips/s)
  ep2 step32300 loss=0.0998 (80.2 clips/s)
  ep2 step32320 loss=0.0997 (80.2 clips/s)
  ep2 step32340 loss=0.0995 (80.2 clips/s)
  ep2 step32360 loss=0.0995 (80.2 clips/s)
  ep2 step32380 loss=0.0994 (80.2 clips/s)
  ep2 step32400 loss=0.0994 (80.2 clips/s)
  ep2 step32420 loss=0.0994 (80.2 clips/s)
  ep2 step32440 loss=0.0994 (80.2 clips/s)
  ep2 step32460 loss=0.0993 (80.2 clips/s)
  ep2 step32480 loss=0.0993 (80.2 clips/s)
  ep2 step32500 loss=0.0993 (80.2 clips/s)
  ep2 step32520 loss=0.0993 (80.2 clips/s)
  ep2 step32540 loss=0.0992 (80.2 clips/s)
  ep2 step32560 loss=0.0992 (80.2 clips/s)
  ep2 step32580 loss=0.0993 (80.2 clips/s)
  ep2 step32600 loss=0.0992 (80.2 clips/s)
  ep2 step32620 loss=0.0993 (80.2 clips/s)
  ep2 step32640 loss=0.0992 (80.2 clips/s)
  ep2 step32660 loss=0.0993 (80.2 clips/s)
  ep2 step32680 loss=0.0992 (80.2 clips/s)
  ep2 step32700 loss=0.0993 (80.2 clips/s)
  ep2 step32720 loss=0.0992 (80.2 clips/s)
  ep2 step32740 loss=0.0992 (80.2 clips/s)
  ep2 step32760 loss=0.0991 (80.2 clips/s)
  ep2 step32780 loss=0.0990 (80.2 clips/s)
  ep2 step32800 loss=0.0990 (80.2 clips/s)
  ep2 step32820 loss=0.0990 (80.2 clips/s)
  ep2 step32840 loss=0.0989 (80.2 clips/s)
  ep2 step32860 loss=0.0989 (80.2 clips/s)
  ep2 step32880 loss=0.0989 (80.2 clips/s)
  ep2 step32900 loss=0.0989 (80.2 clips/s)
  ep2 step32920 loss=0.0989 (80.2 clips/s)
  ep2 step32940 loss=0.0989 (80.2 clips/s)
  ep2 step32960 loss=0.0990 (80.2 clips/s)
  ep2 step32980 loss=0.0990 (80.2 clips/s)
  ep2 step33000 loss=0.0990 (80.2 clips/s)
  ep2 step33020 loss=0.0990 (80.2 clips/s)
  ep2 step33040 loss=0.0991 (80.2 clips/s)
  ep2 step33060 loss=0.0991 (80.2 clips/s)
  ep2 step33080 loss=0.0990 (80.2 clips/s)
  ep2 step33100 loss=0.0991 (80.2 clips/s)
  ep2 step33120 loss=0.0990 (80.2 clips/s)
  ep2 step33140 loss=0.0990 (80.2 clips/s)
  ep2 step33160 loss=0.0989 (80.2 clips/s)
  ep2 step33180 loss=0.0989 (80.2 clips/s)
  ep2 step33200 loss=0.0988 (80.2 clips/s)
  ep2 step33220 loss=0.0991 (80.2 clips/s)
  ep2 step33240 loss=0.0990 (80.2 clips/s)
  ep2 step33260 loss=0.0991 (80.2 clips/s)
  ep2 step33280 loss=0.0991 (80.2 clips/s)
  ep2 step33300 loss=0.0990 (80.2 clips/s)
  ep2 step33320 loss=0.0990 (80.2 clips/s)
  ep2 step33340 loss=0.0990 (80.2 clips/s)
  ep2 step33360 loss=0.0990 (80.2 clips/s)
  ep2 step33380 loss=0.0989 (80.2 clips/s)
  ep2 step33400 loss=0.0988 (80.2 clips/s)
  ep2 step33420 loss=0.0989 (80.2 clips/s)
  ep2 step33440 loss=0.0989 (80.2 clips/s)
  ep2 step33460 loss=0.0988 (80.2 clips/s)
  ep2 step33480 loss=0.0988 (80.2 clips/s)
  ep2 step33500 loss=0.0988 (80.2 clips/s)
  ep2 step33520 loss=0.0988 (80.2 clips/s)
  ep2 step33540 loss=0.0988 (80.2 clips/s)
  ep2 step33560 loss=0.0990 (80.2 clips/s)
  ep2 step33580 loss=0.0991 (80.2 clips/s)
  ep2 step33600 loss=0.0990 (80.2 clips/s)
  ep2 step33620 loss=0.0990 (80.2 clips/s)
  ep2 step33640 loss=0.0990 (80.2 clips/s)
  ep2 step33660 loss=0.0989 (80.2 clips/s)
  ep2 step33680 loss=0.0989 (80.2 clips/s)
  ep2 step33700 loss=0.0989 (80.2 clips/s)
  ep2 step33720 loss=0.0989 (80.2 clips/s)
  ep2 step33740 loss=0.0989 (80.2 clips/s)
  ep2 step33760 loss=0.0989 (80.2 clips/s)
  ep2 step33780 loss=0.0988 (80.2 clips/s)
  ep2 step33800 loss=0.0989 (80.2 clips/s)
  ep2 step33820 loss=0.0989 (80.2 clips/s)
  ep2 step33840 loss=0.0988 (80.2 clips/s)
  ep2 step33860 loss=0.0987 (80.2 clips/s)
  ep2 step33880 loss=0.0986 (80.2 clips/s)
  ep2 step33900 loss=0.0986 (80.2 clips/s)
  ep2 step33920 loss=0.0987 (80.2 clips/s)
  ep2 step33940 loss=0.0988 (80.2 clips/s)
  ep2 step33960 loss=0.0987 (80.2 clips/s)
  ep2 step33980 loss=0.0987 (80.2 clips/s)
  ep2 step34000 loss=0.0986 (80.2 clips/s)
  ep2 step34020 loss=0.0987 (80.2 clips/s)
  ep2 step34040 loss=0.0988 (80.2 clips/s)
  ep2 step34060 loss=0.0989 (80.2 clips/s)
  ep2 step34080 loss=0.0989 (80.2 clips/s)
  ep2 step34100 loss=0.0988 (80.2 clips/s)
  ep2 step34120 loss=0.0988 (80.2 clips/s)
  ep2 step34140 loss=0.0988 (80.2 clips/s)
  ep2 step34160 loss=0.0988 (80.2 clips/s)
  ep2 step34180 loss=0.0988 (80.2 clips/s)
  ep2 step34200 loss=0.0987 (80.2 clips/s)
  ep2 step34220 loss=0.0988 (80.2 clips/s)
  ep2 step34240 loss=0.0988 (80.2 clips/s)
  ep2 step34260 loss=0.0988 (80.2 clips/s)
  ep2 step34280 loss=0.0988 (80.2 clips/s)
  ep2 step34300 loss=0.0986 (80.2 clips/s)
  ep2 step34320 loss=0.0985 (80.2 clips/s)
  ep2 step34340 loss=0.0985 (80.2 clips/s)
  ep2 step34360 loss=0.0985 (80.2 clips/s)
  ep2 step34380 loss=0.0984 (80.2 clips/s)
  ep2 step34400 loss=0.0983 (80.2 clips/s)
  ep2 step34420 loss=0.0984 (80.2 clips/s)
  ep2 step34440 loss=0.0985 (80.2 clips/s)
  ep2 step34460 loss=0.0985 (80.2 clips/s)
  ep2 step34480 loss=0.0985 (80.2 clips/s)
  ep2 step34500 loss=0.0984 (80.2 clips/s)
  ep2 step34520 loss=0.0984 (80.2 clips/s)
  ep2 step34540 loss=0.0983 (80.2 clips/s)
  ep2 step34560 loss=0.0983 (80.2 clips/s)
  ep2 step34580 loss=0.0984 (80.2 clips/s)
  ep2 step34600 loss=0.0983 (80.2 clips/s)
  ep2 step34620 loss=0.0983 (80.2 clips/s)
  ep2 step34640 loss=0.0983 (80.2 clips/s)
  ep2 step34660 loss=0.0983 (80.2 clips/s)
  ep2 step34680 loss=0.0983 (80.2 clips/s)
  ep2 step34700 loss=0.0983 (80.2 clips/s)
  ep2 step34720 loss=0.0982 (80.2 clips/s)
  ep2 step34740 loss=0.0982 (80.2 clips/s)
  ep2 step34760 loss=0.0982 (80.2 clips/s)
  ep2 step34780 loss=0.0982 (80.2 clips/s)
  ep2 step34800 loss=0.0981 (80.2 clips/s)
  ep2 step34820 loss=0.0981 (80.2 clips/s)
  ep2 step34840 loss=0.0981 (80.2 clips/s)
  ep2 step34860 loss=0.0980 (80.2 clips/s)
  ep2 step34880 loss=0.0980 (80.2 clips/s)
  ep2 step34900 loss=0.0979 (80.2 clips/s)
  ep2 step34920 loss=0.0979 (80.2 clips/s)
  ep2 step34940 loss=0.0978 (80.2 clips/s)
  ep2 step34960 loss=0.0978 (80.2 clips/s)
  ep2 step34980 loss=0.0977 (80.2 clips/s)
  ep2 step35000 loss=0.0977 (80.2 clips/s)
  ep2 step35020 loss=0.0977 (80.2 clips/s)
  ep2 step35040 loss=0.0977 (80.2 clips/s)
  ep2 step35060 loss=0.0978 (80.2 clips/s)
  ep2 step35080 loss=0.0977 (80.2 clips/s)
  ep2 step35100 loss=0.0976 (80.2 clips/s)
  ep2 step35120 loss=0.0976 (80.2 clips/s)
  ep2 step35140 loss=0.0977 (80.2 clips/s)
  ep2 step35160 loss=0.0976 (80.2 clips/s)
  ep2 step35180 loss=0.0976 (80.2 clips/s)
  ep2 step35200 loss=0.0976 (80.2 clips/s)
  ep2 step35220 loss=0.0976 (80.2 clips/s)
  ep2 step35240 loss=0.0977 (80.2 clips/s)
  ep2 step35260 loss=0.0977 (80.2 clips/s)
  ep2 step35280 loss=0.0976 (80.2 clips/s)
  ep2 step35300 loss=0.0977 (80.2 clips/s)
  ep2 step35320 loss=0.0976 (80.2 clips/s)
  ep2 step35340 loss=0.0976 (80.2 clips/s)
  ep2 step35360 loss=0.0976 (80.2 clips/s)
  ep2 step35380 loss=0.0976 (80.2 clips/s)
  ep2 step35400 loss=0.0977 (80.2 clips/s)
  ep2 step35420 loss=0.0977 (80.2 clips/s)
  ep2 step35440 loss=0.0978 (80.2 clips/s)
  ep2 step35460 loss=0.0980 (80.2 clips/s)
  ep2 step35480 loss=0.0980 (80.2 clips/s)
  ep2 step35500 loss=0.0979 (80.2 clips/s)
  ep2 step35520 loss=0.0979 (80.2 clips/s)
  ep2 step35540 loss=0.0979 (80.2 clips/s)
  ep2 step35560 loss=0.0978 (80.2 clips/s)
  ep2 step35580 loss=0.0978 (80.2 clips/s)
  ep2 step35600 loss=0.0978 (80.2 clips/s)
  ep2 step35620 loss=0.0979 (80.2 clips/s)
  ep2 step35640 loss=0.0979 (80.2 clips/s)
  ep2 step35660 loss=0.0979 (80.2 clips/s)
  ep2 step35680 loss=0.0979 (80.2 clips/s)
  ep2 step35700 loss=0.0979 (80.2 clips/s)
  ep2 step35720 loss=0.0979 (80.2 clips/s)
  ep2 step35740 loss=0.0979 (80.2 clips/s)
  ep2 step35760 loss=0.0978 (80.2 clips/s)
  ep2 step35780 loss=0.0979 (80.2 clips/s)
  ep2 step35800 loss=0.0978 (80.2 clips/s)
  ep2 step35820 loss=0.0978 (80.2 clips/s)
  ep2 step35840 loss=0.0978 (80.2 clips/s)
  ep2 step35860 loss=0.0978 (80.2 clips/s)
  ep2 step35880 loss=0.0979 (80.2 clips/s)
  ep2 step35900 loss=0.0979 (80.2 clips/s)
  ep2 step35920 loss=0.0978 (80.2 clips/s)
  ep2 step35940 loss=0.0978 (80.2 clips/s)
  ep2 step35960 loss=0.0979 (80.2 clips/s)
  ep2 step35980 loss=0.0979 (80.2 clips/s)
  ep2 step36000 loss=0.0979 (80.2 clips/s)
  ep2 step36020 loss=0.0979 (80.2 clips/s)
  ep2 step36040 loss=0.0978 (80.2 clips/s)
  ep2 step36060 loss=0.0978 (80.2 clips/s)
  ep2 step36080 loss=0.0977 (80.2 clips/s)
  ep2 step36100 loss=0.0977 (80.2 clips/s)
  ep2 step36120 loss=0.0977 (80.2 clips/s)
  ep2 step36140 loss=0.0977 (80.2 clips/s)
  ep2 step36160 loss=0.0977 (80.2 clips/s)
  ep2 step36180 loss=0.0976 (80.2 clips/s)
  ep2 step36200 loss=0.0975 (80.2 clips/s)
  ep2 step36220 loss=0.0977 (80.2 clips/s)
  ep2 step36240 loss=0.0978 (80.2 clips/s)
  ep2 step36260 loss=0.0977 (80.2 clips/s)
  ep2 step36280 loss=0.0976 (80.2 clips/s)
  ep2 step36300 loss=0.0976 (80.2 clips/s)
  ep2 step36320 loss=0.0975 (80.2 clips/s)
  ep2 step36340 loss=0.0976 (80.2 clips/s)
  ep2 step36360 loss=0.0976 (80.2 clips/s)
  ep2 step36380 loss=0.0976 (80.2 clips/s)
  ep2 step36400 loss=0.0976 (80.2 clips/s)
  ep2 step36420 loss=0.0976 (80.2 clips/s)
  ep2 step36440 loss=0.0975 (80.2 clips/s)
  ep2 step36460 loss=0.0974 (80.2 clips/s)
  ep2 step36480 loss=0.0974 (80.2 clips/s)
  ep2 step36500 loss=0.0974 (80.2 clips/s)
  ep2 step36520 loss=0.0974 (80.2 clips/s)
  ep2 step36540 loss=0.0973 (80.2 clips/s)
  ep2 step36560 loss=0.0972 (80.2 clips/s)
  ep2 step36580 loss=0.0972 (80.2 clips/s)
  ep2 step36600 loss=0.0973 (80.2 clips/s)
  ep2 step36620 loss=0.0973 (80.2 clips/s)
  ep2 step36640 loss=0.0974 (80.2 clips/s)
  ep2 step36660 loss=0.0974 (80.2 clips/s)
  ep2 step36680 loss=0.0973 (80.2 clips/s)
  ep2 step36700 loss=0.0974 (80.2 clips/s)
  ep2 step36720 loss=0.0973 (80.2 clips/s)
  ep2 step36740 loss=0.0973 (80.2 clips/s)
  ep2 step36760 loss=0.0972 (80.2 clips/s)
  ep2 step36780 loss=0.0971 (80.2 clips/s)
  ep2 step36800 loss=0.0971 (80.2 clips/s)
  ep2 step36820 loss=0.0970 (80.2 clips/s)
  ep2 step36840 loss=0.0970 (80.2 clips/s)
  ep2 step36860 loss=0.0970 (80.2 clips/s)
  ep2 step36880 loss=0.0970 (80.2 clips/s)
  ep2 step36900 loss=0.0970 (80.2 clips/s)
  ep2 step36920 loss=0.0970 (80.2 clips/s)
  ep2 step36940 loss=0.0970 (80.2 clips/s)
  ep2 step36960 loss=0.0970 (80.2 clips/s)
  ep2 step36980 loss=0.0971 (80.2 clips/s)
  ep2 step37000 loss=0.0970 (80.2 clips/s)
  ep2 step37020 loss=0.0970 (80.2 clips/s)
  ep2 step37040 loss=0.0971 (80.2 clips/s)
  ep2 step37060 loss=0.0970 (80.2 clips/s)
  ep2 step37080 loss=0.0970 (80.2 clips/s)
  ep2 step37100 loss=0.0970 (80.2 clips/s)
  ep2 step37120 loss=0.0970 (80.2 clips/s)
  ep2 step37140 loss=0.0969 (80.2 clips/s)
  ep2 step37160 loss=0.0969 (80.2 clips/s)
  ep2 step37180 loss=0.0971 (80.2 clips/s)
  ep2 step37200 loss=0.0970 (80.2 clips/s)
  ep2 step37220 loss=0.0970 (80.2 clips/s)
  ep2 step37240 loss=0.0969 (80.2 clips/s)
  ep2 step37260 loss=0.0968 (80.2 clips/s)
  ep2 step37280 loss=0.0967 (80.2 clips/s)
  ep2 step37300 loss=0.0968 (80.2 clips/s)
  ep2 step37320 loss=0.0968 (80.2 clips/s)
  ep2 step37340 loss=0.0967 (80.2 clips/s)
  ep2 step37360 loss=0.0969 (80.2 clips/s)
  ep2 step37380 loss=0.0969 (80.2 clips/s)
  ep2 step37400 loss=0.0969 (80.2 clips/s)
  ep2 step37420 loss=0.0969 (80.2 clips/s)
  ep2 step37440 loss=0.0968 (80.2 clips/s)
  ep2 step37460 loss=0.0968 (80.2 clips/s)
  ep2 step37480 loss=0.0968 (80.2 clips/s)
  ep2 step37500 loss=0.0968 (80.2 clips/s)
  ep2 step37520 loss=0.0967 (80.2 clips/s)
  ep2 step37540 loss=0.0967 (80.2 clips/s)
  ep2 step37560 loss=0.0966 (80.2 clips/s)
  ep2 step37580 loss=0.0966 (80.2 clips/s)
  ep2 step37600 loss=0.0966 (80.2 clips/s)
  ep2 step37620 loss=0.0966 (80.2 clips/s)
  ep2 step37640 loss=0.0966 (80.2 clips/s)
  ep2 step37660 loss=0.0966 (80.2 clips/s)
  ep2 step37680 loss=0.0965 (80.2 clips/s)
  ep2 step37700 loss=0.0965 (80.2 clips/s)
  ep2 step37720 loss=0.0965 (80.2 clips/s)
  ep2 step37740 loss=0.0965 (80.2 clips/s)
  ep2 step37760 loss=0.0965 (80.2 clips/s)
  ep2 step37780 loss=0.0966 (80.2 clips/s)
  ep2 step37800 loss=0.0965 (80.2 clips/s)
  ep2 step37820 loss=0.0964 (80.2 clips/s)
  ep2 step37840 loss=0.0965 (80.2 clips/s)
  ep2 step37860 loss=0.0964 (80.2 clips/s)
  ep2 step37880 loss=0.0963 (80.2 clips/s)
  ep2 step37900 loss=0.0963 (80.2 clips/s)
  ep2 step37920 loss=0.0964 (80.2 clips/s)
  ep2 step37940 loss=0.0964 (80.2 clips/s)
  ep2 step37960 loss=0.0964 (80.2 clips/s)
  ep2 step37980 loss=0.0964 (80.2 clips/s)
  ep2 step38000 loss=0.0964 (80.2 clips/s)
  ep2 step38020 loss=0.0964 (80.2 clips/s)
  ep2 step38040 loss=0.0964 (80.2 clips/s)
  ep2 step38060 loss=0.0964 (80.2 clips/s)
  ep2 step38080 loss=0.0964 (80.2 clips/s)
  ep2 step38100 loss=0.0964 (80.2 clips/s)
  ep2 step38120 loss=0.0964 (80.2 clips/s)
  ep2 step38140 loss=0.0964 (80.2 clips/s)
  ep2 step38160 loss=0.0963 (80.2 clips/s)
  ep2 step38180 loss=0.0963 (80.2 clips/s)
  ep2 step38200 loss=0.0963 (80.2 clips/s)
  ep2 step38220 loss=0.0962 (80.2 clips/s)
  ep2 step38240 loss=0.0962 (80.2 clips/s)
  ep2 step38260 loss=0.0962 (80.2 clips/s)
  ep2 step38280 loss=0.0961 (80.2 clips/s)
  ep2 step38300 loss=0.0960 (80.2 clips/s)
  ep2 step38320 loss=0.0960 (80.2 clips/s)
  ep2 step38340 loss=0.0960 (80.2 clips/s)
  ep2 step38360 loss=0.0959 (80.2 clips/s)
  ep2 step38380 loss=0.0959 (80.2 clips/s)
  ep2 step38400 loss=0.0959 (80.2 clips/s)
  ep2 step38420 loss=0.0959 (80.2 clips/s)
  ep2 step38440 loss=0.0958 (80.2 clips/s)
  ep2 step38460 loss=0.0958 (80.2 clips/s)
  ep2 step38480 loss=0.0958 (80.2 clips/s)
  ep2 step38500 loss=0.0958 (80.2 clips/s)
  ep2 step38520 loss=0.0958 (80.2 clips/s)
  ep2 step38540 loss=0.0958 (80.2 clips/s)
  ep2 step38560 loss=0.0957 (80.2 clips/s)
  ep2 step38580 loss=0.0958 (80.2 clips/s)
  ep2 step38600 loss=0.0958 (80.2 clips/s)
  ep2 step38620 loss=0.0957 (80.2 clips/s)
  ep2 step38640 loss=0.0957 (80.2 clips/s)
  ep2 step38660 loss=0.0956 (80.2 clips/s)
  ep2 step38680 loss=0.0955 (80.2 clips/s)
  ep2 step38700 loss=0.0955 (80.2 clips/s)
  ep2 step38720 loss=0.0955 (80.2 clips/s)
  ep2 step38740 loss=0.0955 (80.2 clips/s)
  ep2 step38760 loss=0.0955 (80.2 clips/s)
  ep2 step38780 loss=0.0954 (80.2 clips/s)
  ep2 step38800 loss=0.0954 (80.2 clips/s)
  ep2 step38820 loss=0.0954 (80.2 clips/s)
  ep2 step38840 loss=0.0953 (80.2 clips/s)
  ep2 step38860 loss=0.0953 (80.2 clips/s)
  ep2 step38880 loss=0.0953 (80.2 clips/s)
  ep2 step38900 loss=0.0953 (80.2 clips/s)
  ep2 step38920 loss=0.0953 (80.2 clips/s)
  ep2 step38940 loss=0.0953 (80.2 clips/s)
  ep2 step38960 loss=0.0952 (80.2 clips/s)
  ep2 step38980 loss=0.0953 (80.2 clips/s)
  ep2 step39000 loss=0.0953 (80.2 clips/s)
  ep2 step39020 loss=0.0952 (80.2 clips/s)
  ep2 step39040 loss=0.0952 (80.2 clips/s)
  ep2 step39060 loss=0.0952 (80.2 clips/s)
  ep2 step39080 loss=0.0952 (80.2 clips/s)
  ep2 step39100 loss=0.0951 (80.2 clips/s)
  ep2 step39120 loss=0.0952 (80.2 clips/s)
  ep2 step39140 loss=0.0952 (80.2 clips/s)
  ep2 step39160 loss=0.0951 (80.2 clips/s)
  ep2 step39180 loss=0.0950 (80.2 clips/s)
  ep2 step39200 loss=0.0950 (80.2 clips/s)
  ep2 step39220 loss=0.0950 (80.2 clips/s)
  ep2 step39240 loss=0.0950 (80.2 clips/s)
  ep2 step39260 loss=0.0951 (80.2 clips/s)
  ep2 step39280 loss=0.0951 (80.2 clips/s)
  ep2 step39300 loss=0.0951 (80.2 clips/s)
  ep2 step39320 loss=0.0950 (80.2 clips/s)
  ep2 step39340 loss=0.0950 (80.2 clips/s)
  ep2 step39360 loss=0.0950 (80.2 clips/s)
  ep2 step39380 loss=0.0950 (80.2 clips/s)
  ep2 step39400 loss=0.0949 (80.2 clips/s)
  ep2 step39420 loss=0.0949 (80.2 clips/s)
  ep2 step39440 loss=0.0948 (80.2 clips/s)
  ep2 step39460 loss=0.0948 (80.2 clips/s)
  ep2 step39480 loss=0.0947 (80.2 clips/s)
  ep2 step39500 loss=0.0947 (80.2 clips/s)
  ep2 step39520 loss=0.0946 (80.2 clips/s)
  ep2 step39540 loss=0.0946 (80.2 clips/s)
  ep2 step39560 loss=0.0946 (80.2 clips/s)
  ep2 step39580 loss=0.0945 (80.2 clips/s)
  ep2 step39600 loss=0.0945 (80.2 clips/s)
  ep2 step39620 loss=0.0944 (80.2 clips/s)
  ep2 step39640 loss=0.0945 (80.2 clips/s)
  ep2 step39660 loss=0.0945 (80.2 clips/s)
  ep2 step39680 loss=0.0944 (80.2 clips/s)
  ep2 step39700 loss=0.0944 (80.2 clips/s)
  ep2 step39720 loss=0.0944 (80.2 clips/s)
  ep2 step39740 loss=0.0944 (80.2 clips/s)
  ep2 step39760 loss=0.0944 (80.2 clips/s)
  ep2 step39780 loss=0.0944 (80.2 clips/s)
  ep2 step39800 loss=0.0943 (80.2 clips/s)
  ep2 step39820 loss=0.0943 (80.2 clips/s)
  ep2 step39840 loss=0.0942 (80.2 clips/s)
  ep2 step39860 loss=0.0942 (80.2 clips/s)
  ep2 step39880 loss=0.0942 (80.2 clips/s)
  ep2 step39900 loss=0.0942 (80.2 clips/s)
  ep2 step39920 loss=0.0941 (80.2 clips/s)
  ep2 step39940 loss=0.0942 (80.2 clips/s)
  ep2 step39960 loss=0.0941 (80.2 clips/s)
  ep2 step39980 loss=0.0941 (80.2 clips/s)
  ep2 step40000 loss=0.0942 (80.2 clips/s)
  ep2 step40020 loss=0.0941 (80.2 clips/s)
  ep2 step40040 loss=0.0942 (80.2 clips/s)
  ep2 step40060 loss=0.0941 (80.2 clips/s)
  ep2 step40080 loss=0.0941 (80.2 clips/s)
  ep2 step40100 loss=0.0941 (80.2 clips/s)
  ep2 step40120 loss=0.0941 (80.2 clips/s)
  ep2 step40140 loss=0.0941 (80.2 clips/s)
  ep2 step40160 loss=0.0942 (80.2 clips/s)
  ep2 step40180 loss=0.0941 (80.2 clips/s)
  ep2 step40200 loss=0.0941 (80.2 clips/s)
  ep2 step40220 loss=0.0941 (80.2 clips/s)
  ep2 step40240 loss=0.0941 (80.2 clips/s)
  ep2 step40260 loss=0.0942 (80.2 clips/s)
  ep2 step40280 loss=0.0942 (80.2 clips/s)
  ep2 step40300 loss=0.0942 (80.2 clips/s)
  ep2 step40320 loss=0.0941 (80.2 clips/s)
  ep2 step40340 loss=0.0940 (80.2 clips/s)
  ep2 step40360 loss=0.0940 (80.2 clips/s)
  ep2 step40380 loss=0.0940 (80.2 clips/s)
  ep2 step40400 loss=0.0940 (80.2 clips/s)
  ep2 step40420 loss=0.0940 (80.2 clips/s)
  ep2 step40440 loss=0.0940 (80.2 clips/s)
  ep2 step40460 loss=0.0940 (80.2 clips/s)
  ep2 step40480 loss=0.0940 (80.2 clips/s)
  ep2 step40500 loss=0.0939 (80.2 clips/s)
  ep2 step40520 loss=0.0939 (80.2 clips/s)
  ep2 step40540 loss=0.0940 (80.2 clips/s)
  ep2 step40560 loss=0.0939 (80.2 clips/s)
  ep2 step40580 loss=0.0939 (80.2 clips/s)
  ep2 step40600 loss=0.0939 (80.2 clips/s)
  ep2 step40620 loss=0.0938 (80.2 clips/s)
  ep2 step40640 loss=0.0938 (80.2 clips/s)
  ep2 step40660 loss=0.0938 (80.2 clips/s)
  ep2 step40680 loss=0.0938 (80.2 clips/s)
  ep2 step40700 loss=0.0938 (80.2 clips/s)
  ep2 step40720 loss=0.0938 (80.2 clips/s)
  ep2 step40740 loss=0.0938 (80.2 clips/s)
  ep2 step40760 loss=0.0938 (80.2 clips/s)
  ep2 step40780 loss=0.0938 (80.2 clips/s)
  ep2 step40800 loss=0.0938 (80.2 clips/s)
  ep2 step40820 loss=0.0938 (80.2 clips/s)
  ep2 step40840 loss=0.0938 (80.2 clips/s)
  ep2 step40860 loss=0.0937 (80.2 clips/s)
  ep2 step40880 loss=0.0937 (80.2 clips/s)
  ep2 step40900 loss=0.0937 (80.2 clips/s)
  ep2 step40920 loss=0.0937 (80.2 clips/s)
  ep2 step40940 loss=0.0936 (80.2 clips/s)
  ep2 step40960 loss=0.0936 (80.2 clips/s)
  ep2 step40980 loss=0.0936 (80.2 clips/s)
  ep2 step41000 loss=0.0935 (80.2 clips/s)
  ep2 step41020 loss=0.0935 (80.2 clips/s)
  ep2 step41040 loss=0.0935 (80.2 clips/s)
  ep2 step41060 loss=0.0935 (80.2 clips/s)
  ep2 step41080 loss=0.0935 (80.2 clips/s)
  ep2 step41100 loss=0.0935 (80.2 clips/s)
  ep2 step41120 loss=0.0935 (80.2 clips/s)
  ep2 step41140 loss=0.0935 (80.2 clips/s)
  ep2 step41160 loss=0.0935 (80.2 clips/s)
  ep2 step41180 loss=0.0936 (80.2 clips/s)
  ep2 step41200 loss=0.0936 (80.2 clips/s)
  ep2 step41220 loss=0.0937 (80.2 clips/s)
  ep2 step41240 loss=0.0937 (80.2 clips/s)
  ep2 step41260 loss=0.0937 (80.2 clips/s)
  ep2 step41280 loss=0.0937 (80.2 clips/s)
  ep2 step41300 loss=0.0936 (80.2 clips/s)
  ep2 step41320 loss=0.0936 (80.2 clips/s)
  ep2 step41340 loss=0.0936 (80.2 clips/s)
  ep2 step41360 loss=0.0936 (80.2 clips/s)
  ep2 step41380 loss=0.0936 (80.2 clips/s)
  ep2 step41400 loss=0.0936 (80.2 clips/s)
  ep2 step41420 loss=0.0935 (80.2 clips/s)
  ep2 step41440 loss=0.0935 (80.2 clips/s)
  ep2 step41460 loss=0.0934 (80.2 clips/s)
  ep2 step41480 loss=0.0934 (80.2 clips/s)
  ep2 step41500 loss=0.0934 (80.2 clips/s)
  ep2 step41520 loss=0.0934 (80.2 clips/s)
  ep2 step41540 loss=0.0934 (80.2 clips/s)
  ep2 step41560 loss=0.0934 (80.2 clips/s)
  ep2 step41580 loss=0.0933 (80.2 clips/s)
  ep2 step41600 loss=0.0933 (80.2 clips/s)
  ep2 step41620 loss=0.0933 (80.2 clips/s)
  ep2 step41640 loss=0.0933 (80.2 clips/s)
  ep2 step41660 loss=0.0933 (80.2 clips/s)
  ep2 step41680 loss=0.0933 (80.2 clips/s)
  ep2 step41700 loss=0.0933 (80.2 clips/s)
  ep2 step41720 loss=0.0934 (80.2 clips/s)
  ep2 step41740 loss=0.0933 (80.2 clips/s)
  ep2 step41760 loss=0.0933 (80.2 clips/s)
  ep2 step41780 loss=0.0932 (80.2 clips/s)
  ep2 step41800 loss=0.0933 (80.2 clips/s)
  ep2 step41820 loss=0.0932 (80.2 clips/s)
  ep2 step41840 loss=0.0931 (80.2 clips/s)
  ep2 step41860 loss=0.0931 (80.2 clips/s)
  ep2 step41880 loss=0.0931 (80.2 clips/s)
  ep2 step41900 loss=0.0931 (80.2 clips/s)
  ep2 step41920 loss=0.0931 (80.2 clips/s)
  ep2 step41940 loss=0.0931 (80.2 clips/s)
  ep2 step41960 loss=0.0931 (80.2 clips/s)
  ep2 step41980 loss=0.0931 (80.2 clips/s)
  ep2 step42000 loss=0.0931 (80.2 clips/s)
  ep2 step42020 loss=0.0930 (80.2 clips/s)
  ep2 step42040 loss=0.0931 (80.2 clips/s)
  ep2 step42060 loss=0.0930 (80.2 clips/s)
  ep2 step42080 loss=0.0930 (80.2 clips/s)
  ep2 step42100 loss=0.0929 (80.2 clips/s)
  ep2 step42120 loss=0.0930 (80.2 clips/s)
  ep2 step42140 loss=0.0929 (80.2 clips/s)
  ep2 step42160 loss=0.0929 (80.2 clips/s)
  ep2 step42180 loss=0.0928 (80.2 clips/s)
  ep2 step42200 loss=0.0929 (80.2 clips/s)
  ep2 step42220 loss=0.0929 (80.2 clips/s)
  ep2 step42240 loss=0.0928 (80.2 clips/s)
  ep2 step42260 loss=0.0928 (80.2 clips/s)
  ep2 step42280 loss=0.0928 (80.2 clips/s)
  ep2 step42300 loss=0.0928 (80.2 clips/s)
  ep2 step42320 loss=0.0928 (80.2 clips/s)
  ep2 step42340 loss=0.0927 (80.2 clips/s)
  ep2 step42360 loss=0.0927 (80.2 clips/s)
  ep2 step42380 loss=0.0926 (80.2 clips/s)
  ep2 step42400 loss=0.0927 (80.2 clips/s)
  ep2 step42420 loss=0.0927 (80.2 clips/s)
  ep2 step42440 loss=0.0927 (80.2 clips/s)
  ep2 step42460 loss=0.0926 (80.2 clips/s)
  ep2 step42480 loss=0.0927 (80.2 clips/s)
  ep2 step42500 loss=0.0926 (80.2 clips/s)
  ep2 step42520 loss=0.0926 (80.2 clips/s)
  ep2 step42540 loss=0.0925 (80.2 clips/s)
  ep2 step42560 loss=0.0925 (80.2 clips/s)
  ep2 step42580 loss=0.0925 (80.2 clips/s)
  ep2 step42600 loss=0.0924 (80.2 clips/s)
  ep2 step42620 loss=0.0924 (80.2 clips/s)
  ep2 step42640 loss=0.0923 (80.2 clips/s)
  ep2 step42660 loss=0.0923 (80.2 clips/s)
  ep2 step42680 loss=0.0923 (80.2 clips/s)
  ep2 step42700 loss=0.0923 (80.2 clips/s)
  ep2 step42720 loss=0.0923 (80.2 clips/s)
  ep2 step42740 loss=0.0923 (80.2 clips/s)
  ep2 step42760 loss=0.0922 (80.2 clips/s)
  ep2 step42780 loss=0.0922 (80.2 clips/s)
  ep2 step42800 loss=0.0922 (80.2 clips/s)
  ep2 step42820 loss=0.0923 (80.2 clips/s)
  ep2 step42840 loss=0.0924 (80.2 clips/s)
  ep2 step42860 loss=0.0924 (80.2 clips/s)
  ep2 step42880 loss=0.0923 (80.2 clips/s)
  ep2 step42900 loss=0.0923 (80.2 clips/s)
  ep2 step42920 loss=0.0923 (80.2 clips/s)
  ep2 step42940 loss=0.0923 (80.2 clips/s)
  ep2 step42960 loss=0.0924 (80.2 clips/s)
  ep2 step42980 loss=0.0924 (80.2 clips/s)
  ep2 step43000 loss=0.0923 (80.2 clips/s)
  ep2 step43020 loss=0.0924 (80.2 clips/s)
  ep2 step43040 loss=0.0925 (80.2 clips/s)
  ep2 step43060 loss=0.0925 (80.2 clips/s)
  ep2 step43080 loss=0.0925 (80.2 clips/s)
  ep2 step43100 loss=0.0925 (80.2 clips/s)
  ep2 step43120 loss=0.0925 (80.2 clips/s)
  ep2 step43140 loss=0.0925 (80.2 clips/s)
  ep2 step43160 loss=0.0925 (80.2 clips/s)
  ep2 step43180 loss=0.0926 (80.2 clips/s)
  ep2 step43200 loss=0.0926 (80.2 clips/s)
  ep2 step43220 loss=0.0926 (80.2 clips/s)
  ep2 step43240 loss=0.0926 (80.2 clips/s)
  ep2 step43260 loss=0.0925 (80.2 clips/s)
  ep2 step43280 loss=0.0925 (80.2 clips/s)
  ep2 step43300 loss=0.0926 (80.2 clips/s)
  ep2 step43320 loss=0.0926 (80.2 clips/s)
  ep2 step43340 loss=0.0925 (80.2 clips/s)
  ep2 step43360 loss=0.0925 (80.2 clips/s)
  ep2 step43380 loss=0.0925 (80.2 clips/s)
  ep2 step43400 loss=0.0925 (80.2 clips/s)
  ep2 step43420 loss=0.0924 (80.2 clips/s)
  ep2 step43440 loss=0.0925 (80.2 clips/s)
  ep2 step43460 loss=0.0924 (80.2 clips/s)
  ep2 step43480 loss=0.0924 (80.2 clips/s)
  ep2 step43500 loss=0.0924 (80.2 clips/s)
  ep2 step43520 loss=0.0924 (80.2 clips/s)
  ep2 step43540 loss=0.0924 (80.2 clips/s)
  ep2 step43560 loss=0.0924 (80.2 clips/s)
  ep2 step43580 loss=0.0924 (80.2 clips/s)
  ep2 step43600 loss=0.0923 (80.2 clips/s)
  ep2 step43620 loss=0.0924 (80.2 clips/s)
  ep2 step43640 loss=0.0924 (80.2 clips/s)
  ep2 step43660 loss=0.0924 (80.2 clips/s)
  ep2 step43680 loss=0.0923 (80.2 clips/s)
  ep2 step43700 loss=0.0923 (80.2 clips/s)
  ep2 step43720 loss=0.0923 (80.2 clips/s)
  ep2 step43740 loss=0.0923 (80.2 clips/s)
  ep2 step43760 loss=0.0922 (80.2 clips/s)
  ep2 step43780 loss=0.0922 (80.2 clips/s)
  ep2 step43800 loss=0.0923 (80.2 clips/s)
[epoch 2] loss=0.0923 val_avg_f1=0.7906 val_acc=0.9120 (145.7 min)
  ep3 step43820 loss=0.0788 (70.9 clips/s)
  ep3 step43840 loss=0.0721 (75.4 clips/s)
  ep3 step43860 loss=0.0678 (77.0 clips/s)
  ep3 step43880 loss=0.0643 (77.8 clips/s)
  ep3 step43900 loss=0.0673 (78.3 clips/s)
  ep3 step43920 loss=0.0641 (78.6 clips/s)
  ep3 step43940 loss=0.0628 (78.9 clips/s)
  ep3 step43960 loss=0.0621 (79.0 clips/s)
  ep3 step43980 loss=0.0633 (79.2 clips/s)
  ep3 step44000 loss=0.0595 (79.3 clips/s)
  ep3 step44020 loss=0.0626 (79.4 clips/s)
  ep3 step44040 loss=0.0624 (79.5 clips/s)
  ep3 step44060 loss=0.0607 (79.5 clips/s)
  ep3 step44080 loss=0.0613 (79.6 clips/s)
  ep3 step44100 loss=0.0619 (79.6 clips/s)
  ep3 step44120 loss=0.0613 (79.7 clips/s)
  ep3 step44140 loss=0.0595 (79.7 clips/s)
  ep3 step44160 loss=0.0621 (79.7 clips/s)
  ep3 step44180 loss=0.0608 (79.8 clips/s)
  ep3 step44200 loss=0.0602 (79.8 clips/s)
  ep3 step44220 loss=0.0613 (79.8 clips/s)
  ep3 step44240 loss=0.0598 (79.8 clips/s)
  ep3 step44260 loss=0.0580 (79.8 clips/s)
  ep3 step44280 loss=0.0576 (79.9 clips/s)
  ep3 step44300 loss=0.0575 (79.9 clips/s)
  ep3 step44320 loss=0.0592 (79.9 clips/s)
  ep3 step44340 loss=0.0596 (79.9 clips/s)
  ep3 step44360 loss=0.0592 (79.9 clips/s)
  ep3 step44380 loss=0.0604 (79.9 clips/s)
  ep3 step44400 loss=0.0594 (79.9 clips/s)
  ep3 step44420 loss=0.0599 (80.0 clips/s)
  ep3 step44440 loss=0.0593 (80.0 clips/s)
  ep3 step44460 loss=0.0596 (80.0 clips/s)
  ep3 step44480 loss=0.0601 (80.0 clips/s)
  ep3 step44500 loss=0.0590 (80.0 clips/s)
  ep3 step44520 loss=0.0591 (80.0 clips/s)
  ep3 step44540 loss=0.0599 (80.0 clips/s)
  ep3 step44560 loss=0.0600 (80.0 clips/s)
  ep3 step44580 loss=0.0606 (80.0 clips/s)
  ep3 step44600 loss=0.0600 (80.0 clips/s)
  ep3 step44620 loss=0.0590 (80.0 clips/s)
  ep3 step44640 loss=0.0591 (80.0 clips/s)
  ep3 step44660 loss=0.0598 (80.0 clips/s)
  ep3 step44680 loss=0.0590 (80.1 clips/s)
  ep3 step44700 loss=0.0583 (80.1 clips/s)
  ep3 step44720 loss=0.0587 (80.1 clips/s)
  ep3 step44740 loss=0.0580 (80.1 clips/s)
  ep3 step44760 loss=0.0579 (80.1 clips/s)
  ep3 step44780 loss=0.0576 (80.1 clips/s)
  ep3 step44800 loss=0.0571 (80.1 clips/s)
  ep3 step44820 loss=0.0585 (80.1 clips/s)
  ep3 step44840 loss=0.0606 (80.1 clips/s)
  ep3 step44860 loss=0.0620 (80.1 clips/s)
  ep3 step44880 loss=0.0613 (80.1 clips/s)
  ep3 step44900 loss=0.0621 (80.1 clips/s)
  ep3 step44920 loss=0.0618 (80.1 clips/s)
  ep3 step44940 loss=0.0613 (80.1 clips/s)
  ep3 step44960 loss=0.0616 (80.1 clips/s)
  ep3 step44980 loss=0.0608 (80.1 clips/s)
  ep3 step45000 loss=0.0625 (80.1 clips/s)
  ep3 step45020 loss=0.0622 (80.1 clips/s)
  ep3 step45040 loss=0.0619 (80.1 clips/s)
  ep3 step45060 loss=0.0627 (80.1 clips/s)
  ep3 step45080 loss=0.0625 (80.1 clips/s)
  ep3 step45100 loss=0.0617 (80.1 clips/s)
  ep3 step45120 loss=0.0610 (80.1 clips/s)
  ep3 step45140 loss=0.0613 (80.1 clips/s)
  ep3 step45160 loss=0.0612 (80.1 clips/s)
  ep3 step45180 loss=0.0607 (80.1 clips/s)
  ep3 step45200 loss=0.0608 (80.1 clips/s)
  ep3 step45220 loss=0.0610 (80.1 clips/s)
  ep3 step45240 loss=0.0608 (80.1 clips/s)
  ep3 step45260 loss=0.0617 (80.1 clips/s)
  ep3 step45280 loss=0.0616 (80.1 clips/s)
  ep3 step45300 loss=0.0619 (80.1 clips/s)
  ep3 step45320 loss=0.0619 (80.1 clips/s)
  ep3 step45340 loss=0.0618 (80.1 clips/s)
  ep3 step45360 loss=0.0617 (80.1 clips/s)
  ep3 step45380 loss=0.0619 (80.1 clips/s)
  ep3 step45400 loss=0.0618 (80.2 clips/s)
  ep3 step45420 loss=0.0615 (80.2 clips/s)
  ep3 step45440 loss=0.0626 (80.2 clips/s)
  ep3 step45460 loss=0.0624 (80.2 clips/s)
  ep3 step45480 loss=0.0630 (80.2 clips/s)
  ep3 step45500 loss=0.0628 (80.2 clips/s)
  ep3 step45520 loss=0.0623 (80.2 clips/s)
  ep3 step45540 loss=0.0619 (80.2 clips/s)
  ep3 step45560 loss=0.0623 (80.2 clips/s)
  ep3 step45580 loss=0.0630 (80.2 clips/s)
  ep3 step45600 loss=0.0629 (80.2 clips/s)
  ep3 step45620 loss=0.0630 (80.2 clips/s)
  ep3 step45640 loss=0.0630 (80.2 clips/s)
  ep3 step45660 loss=0.0629 (80.2 clips/s)
  ep3 step45680 loss=0.0628 (80.2 clips/s)
  ep3 step45700 loss=0.0625 (80.2 clips/s)
  ep3 step45720 loss=0.0628 (80.2 clips/s)
  ep3 step45740 loss=0.0633 (80.2 clips/s)
  ep3 step45760 loss=0.0628 (80.2 clips/s)
  ep3 step45780 loss=0.0633 (80.2 clips/s)
  ep3 step45800 loss=0.0639 (80.2 clips/s)
  ep3 step45820 loss=0.0637 (80.2 clips/s)
  ep3 step45840 loss=0.0634 (80.2 clips/s)
  ep3 step45860 loss=0.0631 (80.2 clips/s)
  ep3 step45880 loss=0.0630 (80.2 clips/s)
  ep3 step45900 loss=0.0631 (80.2 clips/s)
  ep3 step45920 loss=0.0631 (80.2 clips/s)
  ep3 step45940 loss=0.0631 (80.2 clips/s)
  ep3 step45960 loss=0.0631 (80.2 clips/s)
  ep3 step45980 loss=0.0628 (80.2 clips/s)
  ep3 step46000 loss=0.0625 (80.2 clips/s)
  ep3 step46020 loss=0.0624 (80.2 clips/s)
  ep3 step46040 loss=0.0623 (80.2 clips/s)
  ep3 step46060 loss=0.0619 (80.2 clips/s)
  ep3 step46080 loss=0.0622 (80.2 clips/s)
  ep3 step46100 loss=0.0622 (80.2 clips/s)
  ep3 step46120 loss=0.0621 (80.2 clips/s)
  ep3 step46140 loss=0.0623 (80.2 clips/s)
  ep3 step46160 loss=0.0621 (80.2 clips/s)
  ep3 step46180 loss=0.0617 (80.2 clips/s)
  ep3 step46200 loss=0.0616 (80.2 clips/s)
  ep3 step46220 loss=0.0615 (80.2 clips/s)
  ep3 step46240 loss=0.0613 (80.2 clips/s)
  ep3 step46260 loss=0.0619 (80.2 clips/s)
  ep3 step46280 loss=0.0616 (80.2 clips/s)
  ep3 step46300 loss=0.0618 (80.2 clips/s)
  ep3 step46320 loss=0.0618 (80.2 clips/s)
  ep3 step46340 loss=0.0617 (80.2 clips/s)
  ep3 step46360 loss=0.0615 (80.2 clips/s)
  ep3 step46380 loss=0.0616 (80.2 clips/s)
  ep3 step46400 loss=0.0616 (80.2 clips/s)
  ep3 step46420 loss=0.0614 (80.2 clips/s)
  ep3 step46440 loss=0.0615 (80.2 clips/s)
  ep3 step46460 loss=0.0617 (80.2 clips/s)
  ep3 step46480 loss=0.0617 (80.2 clips/s)
  ep3 step46500 loss=0.0617 (80.2 clips/s)
  ep3 step46520 loss=0.0621 (80.2 clips/s)
  ep3 step46540 loss=0.0624 (80.2 clips/s)
  ep3 step46560 loss=0.0623 (80.2 clips/s)
  ep3 step46580 loss=0.0621 (80.2 clips/s)
  ep3 step46600 loss=0.0621 (80.2 clips/s)
  ep3 step46620 loss=0.0624 (80.2 clips/s)
  ep3 step46640 loss=0.0627 (80.2 clips/s)
  ep3 step46660 loss=0.0627 (80.2 clips/s)
  ep3 step46680 loss=0.0628 (80.2 clips/s)
  ep3 step46700 loss=0.0628 (80.2 clips/s)
  ep3 step46720 loss=0.0631 (80.2 clips/s)
  ep3 step46740 loss=0.0630 (80.2 clips/s)
  ep3 step46760 loss=0.0630 (80.2 clips/s)
  ep3 step46780 loss=0.0631 (80.2 clips/s)
  ep3 step46800 loss=0.0630 (80.2 clips/s)
  ep3 step46820 loss=0.0634 (80.2 clips/s)
  ep3 step46840 loss=0.0632 (80.2 clips/s)
  ep3 step46860 loss=0.0633 (80.2 clips/s)
  ep3 step46880 loss=0.0630 (80.2 clips/s)
  ep3 step46900 loss=0.0629 (80.2 clips/s)
  ep3 step46920 loss=0.0627 (80.2 clips/s)
  ep3 step46940 loss=0.0625 (80.2 clips/s)
  ep3 step46960 loss=0.0625 (80.2 clips/s)
  ep3 step46980 loss=0.0624 (80.2 clips/s)
  ep3 step47000 loss=0.0628 (80.2 clips/s)
  ep3 step47020 loss=0.0625 (80.2 clips/s)
  ep3 step47040 loss=0.0627 (80.2 clips/s)
  ep3 step47060 loss=0.0630 (80.2 clips/s)
  ep3 step47080 loss=0.0627 (80.2 clips/s)
  ep3 step47100 loss=0.0630 (80.2 clips/s)
  ep3 step47120 loss=0.0631 (80.2 clips/s)
  ep3 step47140 loss=0.0632 (80.2 clips/s)
  ep3 step47160 loss=0.0633 (80.2 clips/s)
  ep3 step47180 loss=0.0631 (80.2 clips/s)
  ep3 step47200 loss=0.0629 (80.2 clips/s)
  ep3 step47220 loss=0.0629 (80.2 clips/s)
  ep3 step47240 loss=0.0630 (80.2 clips/s)
  ep3 step47260 loss=0.0633 (80.2 clips/s)
  ep3 step47280 loss=0.0630 (80.2 clips/s)
  ep3 step47300 loss=0.0630 (80.2 clips/s)
  ep3 step47320 loss=0.0632 (80.2 clips/s)
  ep3 step47340 loss=0.0630 (80.2 clips/s)
  ep3 step47360 loss=0.0630 (80.2 clips/s)
  ep3 step47380 loss=0.0632 (80.2 clips/s)
  ep3 step47400 loss=0.0629 (80.2 clips/s)
  ep3 step47420 loss=0.0633 (80.2 clips/s)
  ep3 step47440 loss=0.0632 (80.2 clips/s)
  ep3 step47460 loss=0.0631 (80.2 clips/s)
  ep3 step47480 loss=0.0630 (80.2 clips/s)
  ep3 step47500 loss=0.0634 (80.2 clips/s)
  ep3 step47520 loss=0.0632 (80.2 clips/s)
  ep3 step47540 loss=0.0631 (80.2 clips/s)
  ep3 step47560 loss=0.0630 (80.2 clips/s)
  ep3 step47580 loss=0.0631 (80.2 clips/s)
  ep3 step47600 loss=0.0630 (80.2 clips/s)
  ep3 step47620 loss=0.0628 (80.2 clips/s)
  ep3 step47640 loss=0.0628 (80.2 clips/s)
  ep3 step47660 loss=0.0626 (80.2 clips/s)
  ep3 step47680 loss=0.0625 (80.2 clips/s)
  ep3 step47700 loss=0.0628 (80.2 clips/s)
  ep3 step47720 loss=0.0627 (80.2 clips/s)
  ep3 step47740 loss=0.0626 (80.2 clips/s)
  ep3 step47760 loss=0.0626 (80.2 clips/s)
  ep3 step47780 loss=0.0626 (80.2 clips/s)
  ep3 step47800 loss=0.0624 (80.2 clips/s)
  ep3 step47820 loss=0.0628 (80.2 clips/s)
  ep3 step47840 loss=0.0627 (80.2 clips/s)
  ep3 step47860 loss=0.0626 (80.2 clips/s)
  ep3 step47880 loss=0.0626 (80.2 clips/s)
  ep3 step47900 loss=0.0624 (80.2 clips/s)
  ep3 step47920 loss=0.0624 (80.2 clips/s)
  ep3 step47940 loss=0.0624 (80.2 clips/s)
  ep3 step47960 loss=0.0623 (80.2 clips/s)
  ep3 step47980 loss=0.0622 (80.2 clips/s)
  ep3 step48000 loss=0.0620 (80.2 clips/s)
  ep3 step48020 loss=0.0621 (80.2 clips/s)
  ep3 step48040 loss=0.0622 (80.2 clips/s)
  ep3 step48060 loss=0.0622 (80.2 clips/s)
  ep3 step48080 loss=0.0625 (80.2 clips/s)
  ep3 step48100 loss=0.0624 (80.2 clips/s)
  ep3 step48120 loss=0.0623 (80.2 clips/s)
  ep3 step48140 loss=0.0621 (80.2 clips/s)
  ep3 step48160 loss=0.0622 (80.2 clips/s)
  ep3 step48180 loss=0.0623 (80.2 clips/s)
  ep3 step48200 loss=0.0624 (80.2 clips/s)
  ep3 step48220 loss=0.0622 (80.2 clips/s)
  ep3 step48240 loss=0.0622 (80.2 clips/s)
  ep3 step48260 loss=0.0622 (80.2 clips/s)
  ep3 step48280 loss=0.0622 (80.2 clips/s)
  ep3 step48300 loss=0.0622 (80.2 clips/s)
  ep3 step48320 loss=0.0621 (80.2 clips/s)
  ep3 step48340 loss=0.0622 (80.2 clips/s)
  ep3 step48360 loss=0.0621 (80.2 clips/s)
  ep3 step48380 loss=0.0622 (80.2 clips/s)
  ep3 step48400 loss=0.0624 (80.2 clips/s)
  ep3 step48420 loss=0.0625 (80.2 clips/s)
  ep3 step48440 loss=0.0626 (80.2 clips/s)
  ep3 step48460 loss=0.0624 (80.2 clips/s)
  ep3 step48480 loss=0.0624 (80.2 clips/s)
  ep3 step48500 loss=0.0622 (80.2 clips/s)
  ep3 step48520 loss=0.0620 (80.2 clips/s)
  ep3 step48540 loss=0.0622 (80.2 clips/s)
  ep3 step48560 loss=0.0620 (80.2 clips/s)
  ep3 step48580 loss=0.0621 (80.2 clips/s)
  ep3 step48600 loss=0.0620 (80.2 clips/s)
  ep3 step48620 loss=0.0619 (80.2 clips/s)
  ep3 step48640 loss=0.0620 (80.2 clips/s)
  ep3 step48660 loss=0.0621 (80.2 clips/s)
  ep3 step48680 loss=0.0621 (80.2 clips/s)
  ep3 step48700 loss=0.0622 (80.2 clips/s)
  ep3 step48720 loss=0.0621 (80.2 clips/s)
  ep3 step48740 loss=0.0621 (80.2 clips/s)
  ep3 step48760 loss=0.0624 (80.2 clips/s)
  ep3 step48780 loss=0.0626 (80.2 clips/s)
  ep3 step48800 loss=0.0626 (80.2 clips/s)
  ep3 step48820 loss=0.0625 (80.2 clips/s)
  ep3 step48840 loss=0.0624 (80.2 clips/s)
  ep3 step48860 loss=0.0628 (80.2 clips/s)
  ep3 step48880 loss=0.0628 (80.2 clips/s)
  ep3 step48900 loss=0.0626 (80.2 clips/s)
  ep3 step48920 loss=0.0627 (80.2 clips/s)
  ep3 step48940 loss=0.0628 (80.2 clips/s)
  ep3 step48960 loss=0.0627 (80.2 clips/s)
  ep3 step48980 loss=0.0629 (80.2 clips/s)
  ep3 step49000 loss=0.0633 (80.2 clips/s)
  ep3 step49020 loss=0.0633 (80.2 clips/s)
  ep3 step49040 loss=0.0633 (80.2 clips/s)
  ep3 step49060 loss=0.0632 (80.2 clips/s)
  ep3 step49080 loss=0.0631 (80.2 clips/s)
  ep3 step49100 loss=0.0632 (80.2 clips/s)
  ep3 step49120 loss=0.0632 (80.2 clips/s)
  ep3 step49140 loss=0.0633 (80.2 clips/s)
  ep3 step49160 loss=0.0633 (80.2 clips/s)
  ep3 step49180 loss=0.0631 (80.2 clips/s)
  ep3 step49200 loss=0.0630 (80.2 clips/s)
  ep3 step49220 loss=0.0629 (80.2 clips/s)
  ep3 step49240 loss=0.0630 (80.2 clips/s)
  ep3 step49260 loss=0.0628 (80.2 clips/s)
  ep3 step49280 loss=0.0630 (80.2 clips/s)
  ep3 step49300 loss=0.0630 (80.2 clips/s)
  ep3 step49320 loss=0.0629 (80.2 clips/s)
  ep3 step49340 loss=0.0629 (80.2 clips/s)
  ep3 step49360 loss=0.0628 (80.2 clips/s)
  ep3 step49380 loss=0.0628 (80.2 clips/s)
  ep3 step49400 loss=0.0628 (80.2 clips/s)
  ep3 step49420 loss=0.0627 (80.2 clips/s)
  ep3 step49440 loss=0.0627 (80.2 clips/s)
  ep3 step49460 loss=0.0626 (80.2 clips/s)
  ep3 step49480 loss=0.0625 (80.2 clips/s)
  ep3 step49500 loss=0.0624 (80.2 clips/s)
  ep3 step49520 loss=0.0623 (80.2 clips/s)
  ep3 step49540 loss=0.0622 (80.2 clips/s)
  ep3 step49560 loss=0.0622 (80.2 clips/s)
  ep3 step49580 loss=0.0622 (80.2 clips/s)
  ep3 step49600 loss=0.0625 (80.2 clips/s)
  ep3 step49620 loss=0.0624 (80.2 clips/s)
  ep3 step49640 loss=0.0625 (80.2 clips/s)
  ep3 step49660 loss=0.0624 (80.2 clips/s)
  ep3 step49680 loss=0.0623 (80.2 clips/s)
  ep3 step49700 loss=0.0624 (80.2 clips/s)
  ep3 step49720 loss=0.0626 (80.2 clips/s)
  ep3 step49740 loss=0.0625 (80.2 clips/s)
  ep3 step49760 loss=0.0626 (80.2 clips/s)
  ep3 step49780 loss=0.0628 (80.2 clips/s)
  ep3 step49800 loss=0.0626 (80.2 clips/s)
  ep3 step49820 loss=0.0626 (80.2 clips/s)
  ep3 step49840 loss=0.0625 (80.2 clips/s)
  ep3 step49860 loss=0.0625 (80.2 clips/s)
  ep3 step49880 loss=0.0625 (80.2 clips/s)
  ep3 step49900 loss=0.0624 (80.2 clips/s)
  ep3 step49920 loss=0.0625 (80.2 clips/s)
  ep3 step49940 loss=0.0624 (80.2 clips/s)
  ep3 step49960 loss=0.0623 (80.2 clips/s)
  ep3 step49980 loss=0.0622 (80.2 clips/s)
  ep3 step50000 loss=0.0622 (80.2 clips/s)
  ep3 step50020 loss=0.0622 (80.2 clips/s)
  ep3 step50040 loss=0.0623 (80.2 clips/s)
  ep3 step50060 loss=0.0623 (80.2 clips/s)
  ep3 step50080 loss=0.0622 (80.2 clips/s)
  ep3 step50100 loss=0.0622 (80.2 clips/s)
  ep3 step50120 loss=0.0621 (80.2 clips/s)
  ep3 step50140 loss=0.0622 (80.2 clips/s)
  ep3 step50160 loss=0.0621 (80.2 clips/s)
  ep3 step50180 loss=0.0624 (80.2 clips/s)
  ep3 step50200 loss=0.0624 (80.2 clips/s)
  ep3 step50220 loss=0.0624 (80.2 clips/s)
  ep3 step50240 loss=0.0624 (80.2 clips/s)
  ep3 step50260 loss=0.0623 (80.2 clips/s)
  ep3 step50280 loss=0.0622 (80.2 clips/s)
  ep3 step50300 loss=0.0621 (80.2 clips/s)
  ep3 step50320 loss=0.0620 (80.2 clips/s)
  ep3 step50340 loss=0.0620 (80.2 clips/s)
  ep3 step50360 loss=0.0620 (80.2 clips/s)
  ep3 step50380 loss=0.0621 (80.2 clips/s)
  ep3 step50400 loss=0.0623 (80.2 clips/s)
  ep3 step50420 loss=0.0623 (80.2 clips/s)
  ep3 step50440 loss=0.0621 (80.2 clips/s)
  ep3 step50460 loss=0.0621 (80.2 clips/s)
  ep3 step50480 loss=0.0621 (80.2 clips/s)
  ep3 step50500 loss=0.0620 (80.2 clips/s)
  ep3 step50520 loss=0.0621 (80.2 clips/s)
  ep3 step50540 loss=0.0622 (80.2 clips/s)
  ep3 step50560 loss=0.0621 (80.2 clips/s)
  ep3 step50580 loss=0.0621 (80.2 clips/s)
  ep3 step50600 loss=0.0622 (80.2 clips/s)
  ep3 step50620 loss=0.0622 (80.2 clips/s)
  ep3 step50640 loss=0.0622 (80.2 clips/s)
  ep3 step50660 loss=0.0622 (80.2 clips/s)
  ep3 step50680 loss=0.0621 (80.2 clips/s)
  ep3 step50700 loss=0.0620 (80.2 clips/s)
  ep3 step50720 loss=0.0620 (80.2 clips/s)
  ep3 step50740 loss=0.0619 (80.2 clips/s)
  ep3 step50760 loss=0.0619 (80.2 clips/s)
  ep3 step50780 loss=0.0620 (80.2 clips/s)
  ep3 step50800 loss=0.0621 (80.2 clips/s)
  ep3 step50820 loss=0.0620 (80.2 clips/s)
  ep3 step50840 loss=0.0619 (80.2 clips/s)
  ep3 step50860 loss=0.0618 (80.2 clips/s)
  ep3 step50880 loss=0.0618 (80.2 clips/s)
  ep3 step50900 loss=0.0620 (80.2 clips/s)
  ep3 step50920 loss=0.0619 (80.2 clips/s)
  ep3 step50940 loss=0.0620 (80.2 clips/s)
  ep3 step50960 loss=0.0620 (80.2 clips/s)
  ep3 step50980 loss=0.0619 (80.2 clips/s)
  ep3 step51000 loss=0.0620 (80.2 clips/s)
  ep3 step51020 loss=0.0621 (80.2 clips/s)
  ep3 step51040 loss=0.0621 (80.2 clips/s)
  ep3 step51060 loss=0.0620 (80.2 clips/s)
  ep3 step51080 loss=0.0620 (80.2 clips/s)
  ep3 step51100 loss=0.0619 (80.2 clips/s)
  ep3 step51120 loss=0.0619 (80.2 clips/s)
  ep3 step51140 loss=0.0618 (80.2 clips/s)
  ep3 step51160 loss=0.0618 (80.2 clips/s)
  ep3 step51180 loss=0.0619 (80.2 clips/s)
  ep3 step51200 loss=0.0619 (80.2 clips/s)
  ep3 step51220 loss=0.0618 (80.2 clips/s)
  ep3 step51240 loss=0.0619 (80.2 clips/s)
  ep3 step51260 loss=0.0620 (80.2 clips/s)
  ep3 step51280 loss=0.0619 (80.2 clips/s)
  ep3 step51300 loss=0.0619 (80.2 clips/s)
  ep3 step51320 loss=0.0619 (80.2 clips/s)
  ep3 step51340 loss=0.0618 (80.2 clips/s)
  ep3 step51360 loss=0.0617 (80.2 clips/s)
  ep3 step51380 loss=0.0616 (80.2 clips/s)
  ep3 step51400 loss=0.0616 (80.2 clips/s)
  ep3 step51420 loss=0.0617 (80.2 clips/s)
  ep3 step51440 loss=0.0618 (80.2 clips/s)
  ep3 step51460 loss=0.0617 (80.2 clips/s)
  ep3 step51480 loss=0.0617 (80.2 clips/s)
  ep3 step51500 loss=0.0617 (80.2 clips/s)
  ep3 step51520 loss=0.0617 (80.2 clips/s)
  ep3 step51540 loss=0.0617 (80.2 clips/s)
  ep3 step51560 loss=0.0617 (80.2 clips/s)
  ep3 step51580 loss=0.0616 (80.2 clips/s)
  ep3 step51600 loss=0.0616 (80.2 clips/s)
  ep3 step51620 loss=0.0615 (80.2 clips/s)
  ep3 step51640 loss=0.0615 (80.2 clips/s)
  ep3 step51660 loss=0.0615 (80.2 clips/s)
  ep3 step51680 loss=0.0615 (80.2 clips/s)
  ep3 step51700 loss=0.0615 (80.2 clips/s)
  ep3 step51720 loss=0.0615 (80.2 clips/s)
  ep3 step51740 loss=0.0614 (80.2 clips/s)
  ep3 step51760 loss=0.0614 (80.2 clips/s)
  ep3 step51780 loss=0.0613 (80.2 clips/s)
  ep3 step51800 loss=0.0612 (80.2 clips/s)
  ep3 step51820 loss=0.0611 (80.2 clips/s)
  ep3 step51840 loss=0.0611 (80.2 clips/s)
  ep3 step51860 loss=0.0611 (80.2 clips/s)
  ep3 step51880 loss=0.0613 (80.2 clips/s)
  ep3 step51900 loss=0.0612 (80.2 clips/s)
  ep3 step51920 loss=0.0611 (80.2 clips/s)
  ep3 step51940 loss=0.0611 (80.2 clips/s)
  ep3 step51960 loss=0.0611 (80.2 clips/s)
  ep3 step51980 loss=0.0610 (80.2 clips/s)
  ep3 step52000 loss=0.0610 (80.2 clips/s)
  ep3 step52020 loss=0.0610 (80.2 clips/s)
  ep3 step52040 loss=0.0609 (80.2 clips/s)
  ep3 step52060 loss=0.0608 (80.2 clips/s)
  ep3 step52080 loss=0.0609 (80.2 clips/s)
  ep3 step52100 loss=0.0608 (80.2 clips/s)
  ep3 step52120 loss=0.0610 (80.2 clips/s)
  ep3 step52140 loss=0.0610 (80.3 clips/s)
  ep3 step52160 loss=0.0612 (80.3 clips/s)
  ep3 step52180 loss=0.0612 (80.3 clips/s)
  ep3 step52200 loss=0.0613 (80.3 clips/s)
  ep3 step52220 loss=0.0614 (80.3 clips/s)
  ep3 step52240 loss=0.0613 (80.3 clips/s)
  ep3 step52260 loss=0.0613 (80.3 clips/s)
  ep3 step52280 loss=0.0613 (80.3 clips/s)
  ep3 step52300 loss=0.0614 (80.3 clips/s)
  ep3 step52320 loss=0.0614 (80.3 clips/s)
  ep3 step52340 loss=0.0613 (80.3 clips/s)
  ep3 step52360 loss=0.0613 (80.3 clips/s)
  ep3 step52380 loss=0.0613 (80.3 clips/s)
  ep3 step52400 loss=0.0612 (80.3 clips/s)
  ep3 step52420 loss=0.0611 (80.3 clips/s)
  ep3 step52440 loss=0.0610 (80.3 clips/s)
  ep3 step52460 loss=0.0611 (80.3 clips/s)
  ep3 step52480 loss=0.0611 (80.3 clips/s)
  ep3 step52500 loss=0.0611 (80.3 clips/s)
  ep3 step52520 loss=0.0613 (80.3 clips/s)
  ep3 step52540 loss=0.0613 (80.3 clips/s)
  ep3 step52560 loss=0.0613 (80.3 clips/s)
  ep3 step52580 loss=0.0612 (80.3 clips/s)
  ep3 step52600 loss=0.0614 (80.3 clips/s)
  ep3 step52620 loss=0.0614 (80.3 clips/s)
  ep3 step52640 loss=0.0613 (80.3 clips/s)
  ep3 step52660 loss=0.0613 (80.3 clips/s)
  ep3 step52680 loss=0.0613 (80.2 clips/s)
  ep3 step52700 loss=0.0613 (80.2 clips/s)
  ep3 step52720 loss=0.0613 (80.2 clips/s)
  ep3 step52740 loss=0.0613 (80.2 clips/s)
  ep3 step52760 loss=0.0613 (80.2 clips/s)
  ep3 step52780 loss=0.0613 (80.2 clips/s)
  ep3 step52800 loss=0.0615 (80.2 clips/s)
  ep3 step52820 loss=0.0614 (80.2 clips/s)
  ep3 step52840 loss=0.0613 (80.2 clips/s)
  ep3 step52860 loss=0.0612 (80.2 clips/s)
  ep3 step52880 loss=0.0612 (80.2 clips/s)
  ep3 step52900 loss=0.0613 (80.2 clips/s)
  ep3 step52920 loss=0.0613 (80.2 clips/s)
  ep3 step52940 loss=0.0614 (80.2 clips/s)
  ep3 step52960 loss=0.0614 (80.2 clips/s)
  ep3 step52980 loss=0.0614 (80.2 clips/s)
  ep3 step53000 loss=0.0613 (80.2 clips/s)
  ep3 step53020 loss=0.0613 (80.2 clips/s)
  ep3 step53040 loss=0.0613 (80.2 clips/s)
  ep3 step53060 loss=0.0612 (80.2 clips/s)
  ep3 step53080 loss=0.0613 (80.2 clips/s)
  ep3 step53100 loss=0.0612 (80.2 clips/s)
  ep3 step53120 loss=0.0613 (80.2 clips/s)
  ep3 step53140 loss=0.0612 (80.2 clips/s)
  ep3 step53160 loss=0.0612 (80.2 clips/s)
  ep3 step53180 loss=0.0611 (80.2 clips/s)
  ep3 step53200 loss=0.0611 (80.2 clips/s)
  ep3 step53220 loss=0.0611 (80.2 clips/s)
  ep3 step53240 loss=0.0610 (80.2 clips/s)
  ep3 step53260 loss=0.0611 (80.2 clips/s)
  ep3 step53280 loss=0.0611 (80.2 clips/s)
  ep3 step53300 loss=0.0612 (80.2 clips/s)
  ep3 step53320 loss=0.0611 (80.2 clips/s)
  ep3 step53340 loss=0.0611 (80.2 clips/s)
  ep3 step53360 loss=0.0611 (80.2 clips/s)
  ep3 step53380 loss=0.0612 (80.2 clips/s)
  ep3 step53400 loss=0.0611 (80.2 clips/s)
  ep3 step53420 loss=0.0612 (80.2 clips/s)
  ep3 step53440 loss=0.0611 (80.2 clips/s)
  ep3 step53460 loss=0.0610 (80.2 clips/s)
  ep3 step53480 loss=0.0611 (80.2 clips/s)
  ep3 step53500 loss=0.0610 (80.2 clips/s)
  ep3 step53520 loss=0.0610 (80.2 clips/s)
  ep3 step53540 loss=0.0612 (80.2 clips/s)
  ep3 step53560 loss=0.0611 (80.2 clips/s)
  ep3 step53580 loss=0.0611 (80.2 clips/s)
  ep3 step53600 loss=0.0611 (80.2 clips/s)
  ep3 step53620 loss=0.0611 (80.2 clips/s)
  ep3 step53640 loss=0.0611 (80.2 clips/s)
  ep3 step53660 loss=0.0610 (80.2 clips/s)
  ep3 step53680 loss=0.0611 (80.2 clips/s)
  ep3 step53700 loss=0.0611 (80.2 clips/s)
  ep3 step53720 loss=0.0610 (80.2 clips/s)
  ep3 step53740 loss=0.0609 (80.2 clips/s)
  ep3 step53760 loss=0.0609 (80.2 clips/s)
  ep3 step53780 loss=0.0608 (80.2 clips/s)
  ep3 step53800 loss=0.0608 (80.2 clips/s)
  ep3 step53820 loss=0.0609 (80.2 clips/s)
  ep3 step53840 loss=0.0608 (80.2 clips/s)
  ep3 step53860 loss=0.0608 (80.2 clips/s)
  ep3 step53880 loss=0.0608 (80.2 clips/s)
  ep3 step53900 loss=0.0608 (80.2 clips/s)
  ep3 step53920 loss=0.0608 (80.2 clips/s)
  ep3 step53940 loss=0.0608 (80.2 clips/s)
  ep3 step53960 loss=0.0608 (80.2 clips/s)
  ep3 step53980 loss=0.0608 (80.2 clips/s)
  ep3 step54000 loss=0.0608 (80.3 clips/s)
  ep3 step54020 loss=0.0608 (80.3 clips/s)
  ep3 step54040 loss=0.0609 (80.3 clips/s)
  ep3 step54060 loss=0.0608 (80.3 clips/s)
  ep3 step54080 loss=0.0609 (80.3 clips/s)
  ep3 step54100 loss=0.0608 (80.3 clips/s)
  ep3 step54120 loss=0.0609 (80.3 clips/s)
  ep3 step54140 loss=0.0611 (80.3 clips/s)
  ep3 step54160 loss=0.0612 (80.3 clips/s)
  ep3 step54180 loss=0.0612 (80.3 clips/s)
  ep3 step54200 loss=0.0612 (80.3 clips/s)
  ep3 step54220 loss=0.0611 (80.3 clips/s)
  ep3 step54240 loss=0.0612 (80.3 clips/s)
  ep3 step54260 loss=0.0612 (80.3 clips/s)
  ep3 step54280 loss=0.0612 (80.3 clips/s)
  ep3 step54300 loss=0.0613 (80.3 clips/s)
  ep3 step54320 loss=0.0613 (80.3 clips/s)
  ep3 step54340 loss=0.0614 (80.3 clips/s)
  ep3 step54360 loss=0.0613 (80.3 clips/s)
  ep3 step54380 loss=0.0614 (80.3 clips/s)
  ep3 step54400 loss=0.0613 (80.3 clips/s)
  ep3 step54420 loss=0.0614 (80.3 clips/s)
  ep3 step54440 loss=0.0615 (80.3 clips/s)
  ep3 step54460 loss=0.0615 (80.3 clips/s)
  ep3 step54480 loss=0.0616 (80.3 clips/s)
  ep3 step54500 loss=0.0615 (80.3 clips/s)
  ep3 step54520 loss=0.0614 (80.3 clips/s)
  ep3 step54540 loss=0.0614 (80.3 clips/s)
  ep3 step54560 loss=0.0614 (80.2 clips/s)
  ep3 step54580 loss=0.0613 (80.2 clips/s)
  ep3 step54600 loss=0.0613 (80.2 clips/s)
  ep3 step54620 loss=0.0612 (80.2 clips/s)
  ep3 step54640 loss=0.0612 (80.2 clips/s)
  ep3 step54660 loss=0.0612 (80.2 clips/s)
  ep3 step54680 loss=0.0612 (80.2 clips/s)
  ep3 step54700 loss=0.0611 (80.2 clips/s)
  ep3 step54720 loss=0.0611 (80.2 clips/s)
  ep3 step54740 loss=0.0611 (80.2 clips/s)
  ep3 step54760 loss=0.0610 (80.2 clips/s)
  ep3 step54780 loss=0.0609 (80.2 clips/s)
  ep3 step54800 loss=0.0609 (80.2 clips/s)
  ep3 step54820 loss=0.0608 (80.2 clips/s)
  ep3 step54840 loss=0.0609 (80.2 clips/s)
  ep3 step54860 loss=0.0608 (80.2 clips/s)
  ep3 step54880 loss=0.0608 (80.2 clips/s)
  ep3 step54900 loss=0.0609 (80.2 clips/s)
  ep3 step54920 loss=0.0609 (80.2 clips/s)
  ep3 step54940 loss=0.0609 (80.2 clips/s)
  ep3 step54960 loss=0.0609 (80.2 clips/s)
  ep3 step54980 loss=0.0608 (80.2 clips/s)
  ep3 step55000 loss=0.0608 (80.2 clips/s)
  ep3 step55020 loss=0.0608 (80.2 clips/s)
  ep3 step55040 loss=0.0608 (80.2 clips/s)
  ep3 step55060 loss=0.0607 (80.2 clips/s)
  ep3 step55080 loss=0.0607 (80.2 clips/s)
  ep3 step55100 loss=0.0607 (80.2 clips/s)
  ep3 step55120 loss=0.0609 (80.2 clips/s)
  ep3 step55140 loss=0.0609 (80.2 clips/s)
  ep3 step55160 loss=0.0609 (80.2 clips/s)
  ep3 step55180 loss=0.0608 (80.2 clips/s)
  ep3 step55200 loss=0.0608 (80.3 clips/s)
  ep3 step55220 loss=0.0608 (80.3 clips/s)
  ep3 step55240 loss=0.0609 (80.3 clips/s)
  ep3 step55260 loss=0.0609 (80.3 clips/s)
  ep3 step55280 loss=0.0609 (80.3 clips/s)
  ep3 step55300 loss=0.0608 (80.2 clips/s)
  ep3 step55320 loss=0.0609 (80.2 clips/s)
  ep3 step55340 loss=0.0608 (80.2 clips/s)
  ep3 step55360 loss=0.0608 (80.2 clips/s)
  ep3 step55380 loss=0.0609 (80.2 clips/s)
  ep3 step55400 loss=0.0608 (80.2 clips/s)
  ep3 step55420 loss=0.0608 (80.2 clips/s)
  ep3 step55440 loss=0.0607 (80.2 clips/s)
  ep3 step55460 loss=0.0607 (80.2 clips/s)
  ep3 step55480 loss=0.0606 (80.2 clips/s)
  ep3 step55500 loss=0.0606 (80.2 clips/s)
  ep3 step55520 loss=0.0606 (80.2 clips/s)
  ep3 step55540 loss=0.0607 (80.2 clips/s)
  ep3 step55560 loss=0.0607 (80.2 clips/s)
  ep3 step55580 loss=0.0606 (80.2 clips/s)
  ep3 step55600 loss=0.0607 (80.2 clips/s)
  ep3 step55620 loss=0.0606 (80.2 clips/s)
  ep3 step55640 loss=0.0607 (80.2 clips/s)
  ep3 step55660 loss=0.0607 (80.2 clips/s)
  ep3 step55680 loss=0.0607 (80.2 clips/s)
  ep3 step55700 loss=0.0607 (80.2 clips/s)
  ep3 step55720 loss=0.0608 (80.2 clips/s)
  ep3 step55740 loss=0.0609 (80.2 clips/s)
  ep3 step55760 loss=0.0608 (80.2 clips/s)
  ep3 step55780 loss=0.0608 (80.2 clips/s)
  ep3 step55800 loss=0.0608 (80.3 clips/s)
  ep3 step55820 loss=0.0608 (80.3 clips/s)
  ep3 step55840 loss=0.0608 (80.3 clips/s)
  ep3 step55860 loss=0.0608 (80.3 clips/s)
  ep3 step55880 loss=0.0608 (80.3 clips/s)
  ep3 step55900 loss=0.0607 (80.3 clips/s)
  ep3 step55920 loss=0.0606 (80.3 clips/s)
  ep3 step55940 loss=0.0606 (80.3 clips/s)
  ep3 step55960 loss=0.0608 (80.3 clips/s)
  ep3 step55980 loss=0.0607 (80.3 clips/s)
  ep3 step56000 loss=0.0608 (80.3 clips/s)
  ep3 step56020 loss=0.0609 (80.3 clips/s)
  ep3 step56040 loss=0.0609 (80.3 clips/s)
  ep3 step56060 loss=0.0609 (80.3 clips/s)
  ep3 step56080 loss=0.0609 (80.3 clips/s)
  ep3 step56100 loss=0.0608 (80.3 clips/s)
  ep3 step56120 loss=0.0607 (80.3 clips/s)
  ep3 step56140 loss=0.0608 (80.3 clips/s)
  ep3 step56160 loss=0.0607 (80.2 clips/s)
  ep3 step56180 loss=0.0608 (80.2 clips/s)
  ep3 step56200 loss=0.0609 (80.2 clips/s)
  ep3 step56220 loss=0.0609 (80.2 clips/s)
  ep3 step56240 loss=0.0609 (80.2 clips/s)
  ep3 step56260 loss=0.0609 (80.2 clips/s)
  ep3 step56280 loss=0.0609 (80.2 clips/s)
  ep3 step56300 loss=0.0610 (80.2 clips/s)
  ep3 step56320 loss=0.0610 (80.2 clips/s)
  ep3 step56340 loss=0.0609 (80.2 clips/s)
  ep3 step56360 loss=0.0609 (80.2 clips/s)
  ep3 step56380 loss=0.0609 (80.2 clips/s)
  ep3 step56400 loss=0.0609 (80.2 clips/s)
  ep3 step56420 loss=0.0609 (80.2 clips/s)
  ep3 step56440 loss=0.0609 (80.3 clips/s)
  ep3 step56460 loss=0.0609 (80.3 clips/s)
  ep3 step56480 loss=0.0610 (80.3 clips/s)
  ep3 step56500 loss=0.0610 (80.3 clips/s)
  ep3 step56520 loss=0.0610 (80.3 clips/s)
  ep3 step56540 loss=0.0609 (80.3 clips/s)
  ep3 step56560 loss=0.0610 (80.3 clips/s)
  ep3 step56580 loss=0.0610 (80.3 clips/s)
  ep3 step56600 loss=0.0610 (80.3 clips/s)
  ep3 step56620 loss=0.0611 (80.3 clips/s)
  ep3 step56640 loss=0.0611 (80.3 clips/s)
  ep3 step56660 loss=0.0611 (80.3 clips/s)
  ep3 step56680 loss=0.0611 (80.3 clips/s)
  ep3 step56700 loss=0.0611 (80.3 clips/s)
  ep3 step56720 loss=0.0611 (80.3 clips/s)
  ep3 step56740 loss=0.0611 (80.3 clips/s)
  ep3 step56760 loss=0.0611 (80.3 clips/s)
  ep3 step56780 loss=0.0610 (80.3 clips/s)
  ep3 step56800 loss=0.0610 (80.3 clips/s)
  ep3 step56820 loss=0.0610 (80.3 clips/s)
  ep3 step56840 loss=0.0610 (80.3 clips/s)
  ep3 step56860 loss=0.0610 (80.3 clips/s)
  ep3 step56880 loss=0.0611 (80.3 clips/s)
  ep3 step56900 loss=0.0610 (80.3 clips/s)
  ep3 step56920 loss=0.0611 (80.3 clips/s)
  ep3 step56940 loss=0.0611 (80.3 clips/s)
  ep3 step56960 loss=0.0610 (80.3 clips/s)
  ep3 step56980 loss=0.0610 (80.3 clips/s)
  ep3 step57000 loss=0.0610 (80.3 clips/s)
  ep3 step57020 loss=0.0610 (80.3 clips/s)
  ep3 step57040 loss=0.0609 (80.3 clips/s)
  ep3 step57060 loss=0.0609 (80.3 clips/s)
  ep3 step57080 loss=0.0609 (80.3 clips/s)
  ep3 step57100 loss=0.0608 (80.3 clips/s)
  ep3 step57120 loss=0.0609 (80.3 clips/s)
  ep3 step57140 loss=0.0608 (80.3 clips/s)
  ep3 step57160 loss=0.0608 (80.3 clips/s)
  ep3 step57180 loss=0.0607 (80.3 clips/s)
  ep3 step57200 loss=0.0607 (80.3 clips/s)
  ep3 step57220 loss=0.0607 (80.3 clips/s)
  ep3 step57240 loss=0.0607 (80.3 clips/s)
  ep3 step57260 loss=0.0608 (80.3 clips/s)
  ep3 step57280 loss=0.0608 (80.3 clips/s)
  ep3 step57300 loss=0.0608 (80.3 clips/s)
  ep3 step57320 loss=0.0608 (80.3 clips/s)
  ep3 step57340 loss=0.0608 (80.3 clips/s)
  ep3 step57360 loss=0.0608 (80.3 clips/s)
  ep3 step57380 loss=0.0608 (80.3 clips/s)
  ep3 step57400 loss=0.0608 (80.3 clips/s)
  ep3 step57420 loss=0.0608 (80.3 clips/s)
  ep3 step57440 loss=0.0608 (80.3 clips/s)
  ep3 step57460 loss=0.0608 (80.3 clips/s)
  ep3 step57480 loss=0.0608 (80.3 clips/s)
  ep3 step57500 loss=0.0608 (80.3 clips/s)
  ep3 step57520 loss=0.0608 (80.3 clips/s)
  ep3 step57540 loss=0.0608 (80.3 clips/s)
  ep3 step57560 loss=0.0608 (80.2 clips/s)
  ep3 step57580 loss=0.0608 (80.2 clips/s)
  ep3 step57600 loss=0.0608 (80.2 clips/s)
  ep3 step57620 loss=0.0608 (80.2 clips/s)
  ep3 step57640 loss=0.0608 (80.2 clips/s)
  ep3 step57660 loss=0.0608 (80.2 clips/s)
  ep3 step57680 loss=0.0607 (80.3 clips/s)
  ep3 step57700 loss=0.0607 (80.3 clips/s)
  ep3 step57720 loss=0.0608 (80.3 clips/s)
  ep3 step57740 loss=0.0607 (80.3 clips/s)
  ep3 step57760 loss=0.0608 (80.3 clips/s)
  ep3 step57780 loss=0.0608 (80.3 clips/s)
  ep3 step57800 loss=0.0607 (80.3 clips/s)
  ep3 step57820 loss=0.0608 (80.2 clips/s)
  ep3 step57840 loss=0.0607 (80.2 clips/s)
  ep3 step57860 loss=0.0608 (80.2 clips/s)
  ep3 step57880 loss=0.0609 (80.2 clips/s)
  ep3 step57900 loss=0.0609 (80.2 clips/s)
  ep3 step57920 loss=0.0608 (80.2 clips/s)
  ep3 step57940 loss=0.0608 (80.2 clips/s)
  ep3 step57960 loss=0.0608 (80.2 clips/s)
  ep3 step57980 loss=0.0608 (80.2 clips/s)
  ep3 step58000 loss=0.0608 (80.2 clips/s)
  ep3 step58020 loss=0.0607 (80.2 clips/s)
  ep3 step58040 loss=0.0607 (80.2 clips/s)
  ep3 step58060 loss=0.0606 (80.3 clips/s)
  ep3 step58080 loss=0.0606 (80.3 clips/s)
  ep3 step58100 loss=0.0608 (80.3 clips/s)
  ep3 step58120 loss=0.0608 (80.3 clips/s)
  ep3 step58140 loss=0.0609 (80.3 clips/s)
  ep3 step58160 loss=0.0609 (80.2 clips/s)
  ep3 step58180 loss=0.0609 (80.2 clips/s)
  ep3 step58200 loss=0.0610 (80.2 clips/s)
  ep3 step58220 loss=0.0610 (80.3 clips/s)
  ep3 step58240 loss=0.0610 (80.3 clips/s)
  ep3 step58260 loss=0.0610 (80.3 clips/s)
  ep3 step58280 loss=0.0610 (80.3 clips/s)
  ep3 step58300 loss=0.0611 (80.3 clips/s)
  ep3 step58320 loss=0.0611 (80.3 clips/s)
  ep3 step58340 loss=0.0610 (80.3 clips/s)
  ep3 step58360 loss=0.0610 (80.3 clips/s)
  ep3 step58380 loss=0.0610 (80.3 clips/s)
  ep3 step58400 loss=0.0610 (80.3 clips/s)
  ep3 step58420 loss=0.0609 (80.3 clips/s)
  ep3 step58440 loss=0.0609 (80.3 clips/s)
  ep3 step58460 loss=0.0609 (80.2 clips/s)
  ep3 step58480 loss=0.0608 (80.2 clips/s)
  ep3 step58500 loss=0.0608 (80.2 clips/s)
  ep3 step58520 loss=0.0608 (80.2 clips/s)
  ep3 step58540 loss=0.0608 (80.2 clips/s)
  ep3 step58560 loss=0.0608 (80.2 clips/s)
  ep3 step58580 loss=0.0608 (80.2 clips/s)
  ep3 step58600 loss=0.0608 (80.3 clips/s)
  ep3 step58620 loss=0.0608 (80.2 clips/s)
  ep3 step58640 loss=0.0608 (80.2 clips/s)
  ep3 step58660 loss=0.0608 (80.2 clips/s)
  ep3 step58680 loss=0.0609 (80.2 clips/s)
  ep3 step58700 loss=0.0609 (80.3 clips/s)
  ep3 step58720 loss=0.0609 (80.3 clips/s)
  ep3 step58740 loss=0.0610 (80.3 clips/s)
  ep3 step58760 loss=0.0610 (80.3 clips/s)
  ep3 step58780 loss=0.0610 (80.3 clips/s)
  ep3 step58800 loss=0.0610 (80.3 clips/s)
  ep3 step58820 loss=0.0610 (80.3 clips/s)
  ep3 step58840 loss=0.0610 (80.3 clips/s)
  ep3 step58860 loss=0.0610 (80.3 clips/s)
  ep3 step58880 loss=0.0610 (80.2 clips/s)
  ep3 step58900 loss=0.0611 (80.2 clips/s)
  ep3 step58920 loss=0.0610 (80.2 clips/s)
  ep3 step58940 loss=0.0610 (80.2 clips/s)
  ep3 step58960 loss=0.0610 (80.2 clips/s)
  ep3 step58980 loss=0.0609 (80.2 clips/s)
  ep3 step59000 loss=0.0609 (80.2 clips/s)
  ep3 step59020 loss=0.0609 (80.2 clips/s)
  ep3 step59040 loss=0.0609 (80.2 clips/s)
  ep3 step59060 loss=0.0609 (80.2 clips/s)
  ep3 step59080 loss=0.0609 (80.2 clips/s)
  ep3 step59100 loss=0.0609 (80.2 clips/s)
  ep3 step59120 loss=0.0609 (80.2 clips/s)
  ep3 step59140 loss=0.0610 (80.2 clips/s)
  ep3 step59160 loss=0.0610 (80.2 clips/s)
  ep3 step59180 loss=0.0610 (80.2 clips/s)
  ep3 step59200 loss=0.0610 (80.2 clips/s)
  ep3 step59220 loss=0.0611 (80.3 clips/s)
  ep3 step59240 loss=0.0610 (80.3 clips/s)
  ep3 step59260 loss=0.0611 (80.3 clips/s)
  ep3 step59280 loss=0.0611 (80.3 clips/s)
  ep3 step59300 loss=0.0611 (80.3 clips/s)
  ep3 step59320 loss=0.0611 (80.3 clips/s)
  ep3 step59340 loss=0.0611 (80.3 clips/s)
  ep3 step59360 loss=0.0611 (80.3 clips/s)
  ep3 step59380 loss=0.0611 (80.3 clips/s)
  ep3 step59400 loss=0.0613 (80.3 clips/s)
  ep3 step59420 loss=0.0613 (80.3 clips/s)
  ep3 step59440 loss=0.0614 (80.3 clips/s)
  ep3 step59460 loss=0.0614 (80.3 clips/s)
  ep3 step59480 loss=0.0613 (80.3 clips/s)
  ep3 step59500 loss=0.0613 (80.3 clips/s)
  ep3 step59520 loss=0.0613 (80.3 clips/s)
  ep3 step59540 loss=0.0613 (80.2 clips/s)
  ep3 step59560 loss=0.0612 (80.2 clips/s)
  ep3 step59580 loss=0.0612 (80.2 clips/s)
  ep3 step59600 loss=0.0611 (80.2 clips/s)
  ep3 step59620 loss=0.0611 (80.2 clips/s)
  ep3 step59640 loss=0.0611 (80.2 clips/s)
  ep3 step59660 loss=0.0612 (80.2 clips/s)
  ep3 step59680 loss=0.0612 (80.2 clips/s)
  ep3 step59700 loss=0.0613 (80.3 clips/s)
  ep3 step59720 loss=0.0613 (80.3 clips/s)
  ep3 step59740 loss=0.0613 (80.3 clips/s)
  ep3 step59760 loss=0.0613 (80.3 clips/s)
  ep3 step59780 loss=0.0612 (80.3 clips/s)
  ep3 step59800 loss=0.0612 (80.3 clips/s)
  ep3 step59820 loss=0.0613 (80.3 clips/s)
  ep3 step59840 loss=0.0613 (80.2 clips/s)
  ep3 step59860 loss=0.0613 (80.2 clips/s)
  ep3 step59880 loss=0.0613 (80.2 clips/s)
  ep3 step59900 loss=0.0613 (80.2 clips/s)
  ep3 step59920 loss=0.0613 (80.2 clips/s)
  ep3 step59940 loss=0.0614 (80.2 clips/s)
  ep3 step59960 loss=0.0615 (80.2 clips/s)
  ep3 step59980 loss=0.0615 (80.2 clips/s)
  ep3 step60000 loss=0.0615 (80.2 clips/s)
  ep3 step60020 loss=0.0615 (80.2 clips/s)
  ep3 step60040 loss=0.0616 (80.2 clips/s)
  ep3 step60060 loss=0.0615 (80.2 clips/s)
  ep3 step60080 loss=0.0615 (80.2 clips/s)
  ep3 step60100 loss=0.0615 (80.2 clips/s)
  ep3 step60120 loss=0.0615 (80.2 clips/s)
  ep3 step60140 loss=0.0614 (80.2 clips/s)
  ep3 step60160 loss=0.0615 (80.2 clips/s)
  ep3 step60180 loss=0.0615 (80.2 clips/s)
  ep3 step60200 loss=0.0614 (80.2 clips/s)
  ep3 step60220 loss=0.0614 (80.2 clips/s)
  ep3 step60240 loss=0.0614 (80.2 clips/s)
  ep3 step60260 loss=0.0614 (80.2 clips/s)
  ep3 step60280 loss=0.0614 (80.2 clips/s)
  ep3 step60300 loss=0.0614 (80.2 clips/s)
  ep3 step60320 loss=0.0614 (80.2 clips/s)
  ep3 step60340 loss=0.0613 (80.2 clips/s)
  ep3 step60360 loss=0.0613 (80.2 clips/s)
  ep3 step60380 loss=0.0613 (80.2 clips/s)
  ep3 step60400 loss=0.0612 (80.2 clips/s)
  ep3 step60420 loss=0.0613 (80.2 clips/s)
  ep3 step60440 loss=0.0613 (80.2 clips/s)
  ep3 step60460 loss=0.0612 (80.2 clips/s)
  ep3 step60480 loss=0.0613 (80.2 clips/s)
  ep3 step60500 loss=0.0613 (80.2 clips/s)
  ep3 step60520 loss=0.0612 (80.2 clips/s)
  ep3 step60540 loss=0.0612 (80.2 clips/s)
  ep3 step60560 loss=0.0613 (80.2 clips/s)
  ep3 step60580 loss=0.0613 (80.2 clips/s)
  ep3 step60600 loss=0.0612 (80.2 clips/s)
  ep3 step60620 loss=0.0612 (80.2 clips/s)
  ep3 step60640 loss=0.0611 (80.2 clips/s)
  ep3 step60660 loss=0.0612 (80.2 clips/s)
  ep3 step60680 loss=0.0612 (80.2 clips/s)
  ep3 step60700 loss=0.0612 (80.2 clips/s)
  ep3 step60720 loss=0.0612 (80.2 clips/s)
  ep3 step60740 loss=0.0613 (80.2 clips/s)
  ep3 step60760 loss=0.0613 (80.2 clips/s)
  ep3 step60780 loss=0.0613 (80.2 clips/s)
  ep3 step60800 loss=0.0613 (80.2 clips/s)
  ep3 step60820 loss=0.0612 (80.2 clips/s)
  ep3 step60840 loss=0.0612 (80.2 clips/s)
  ep3 step60860 loss=0.0612 (80.2 clips/s)
  ep3 step60880 loss=0.0612 (80.2 clips/s)
  ep3 step60900 loss=0.0612 (80.2 clips/s)
  ep3 step60920 loss=0.0612 (80.2 clips/s)
  ep3 step60940 loss=0.0612 (80.2 clips/s)
  ep3 step60960 loss=0.0612 (80.2 clips/s)
  ep3 step60980 loss=0.0612 (80.2 clips/s)
  ep3 step61000 loss=0.0612 (80.2 clips/s)
  ep3 step61020 loss=0.0612 (80.2 clips/s)
  ep3 step61040 loss=0.0611 (80.2 clips/s)
  ep3 step61060 loss=0.0611 (80.2 clips/s)
  ep3 step61080 loss=0.0611 (80.2 clips/s)
  ep3 step61100 loss=0.0611 (80.2 clips/s)
  ep3 step61120 loss=0.0610 (80.2 clips/s)
  ep3 step61140 loss=0.0611 (80.2 clips/s)
  ep3 step61160 loss=0.0610 (80.2 clips/s)
  ep3 step61180 loss=0.0610 (80.2 clips/s)
  ep3 step61200 loss=0.0610 (80.2 clips/s)
  ep3 step61220 loss=0.0611 (80.2 clips/s)
  ep3 step61240 loss=0.0610 (80.2 clips/s)
  ep3 step61260 loss=0.0610 (80.2 clips/s)
  ep3 step61280 loss=0.0610 (80.2 clips/s)
  ep3 step61300 loss=0.0610 (80.2 clips/s)
  ep3 step61320 loss=0.0610 (80.2 clips/s)
  ep3 step61340 loss=0.0610 (80.2 clips/s)
  ep3 step61360 loss=0.0610 (80.2 clips/s)
  ep3 step61380 loss=0.0609 (80.2 clips/s)
  ep3 step61400 loss=0.0610 (80.2 clips/s)
  ep3 step61420 loss=0.0610 (80.2 clips/s)
  ep3 step61440 loss=0.0610 (80.2 clips/s)
  ep3 step61460 loss=0.0610 (80.2 clips/s)
  ep3 step61480 loss=0.0610 (80.2 clips/s)
  ep3 step61500 loss=0.0610 (80.2 clips/s)
  ep3 step61520 loss=0.0609 (80.2 clips/s)
  ep3 step61540 loss=0.0609 (80.2 clips/s)
  ep3 step61560 loss=0.0609 (80.2 clips/s)
  ep3 step61580 loss=0.0608 (80.2 clips/s)
  ep3 step61600 loss=0.0608 (80.2 clips/s)
  ep3 step61620 loss=0.0608 (80.2 clips/s)
  ep3 step61640 loss=0.0608 (80.2 clips/s)
  ep3 step61660 loss=0.0608 (80.2 clips/s)
  ep3 step61680 loss=0.0608 (80.2 clips/s)
  ep3 step61700 loss=0.0608 (80.2 clips/s)
  ep3 step61720 loss=0.0607 (80.2 clips/s)
  ep3 step61740 loss=0.0607 (80.2 clips/s)
  ep3 step61760 loss=0.0607 (80.2 clips/s)
  ep3 step61780 loss=0.0607 (80.2 clips/s)
  ep3 step61800 loss=0.0607 (80.2 clips/s)
  ep3 step61820 loss=0.0606 (80.2 clips/s)
  ep3 step61840 loss=0.0607 (80.2 clips/s)
  ep3 step61860 loss=0.0606 (80.2 clips/s)
  ep3 step61880 loss=0.0606 (80.2 clips/s)
  ep3 step61900 loss=0.0606 (80.2 clips/s)
  ep3 step61920 loss=0.0606 (80.2 clips/s)
  ep3 step61940 loss=0.0606 (80.2 clips/s)
  ep3 step61960 loss=0.0606 (80.2 clips/s)
  ep3 step61980 loss=0.0606 (80.2 clips/s)
  ep3 step62000 loss=0.0606 (80.2 clips/s)
  ep3 step62020 loss=0.0607 (80.2 clips/s)
  ep3 step62040 loss=0.0607 (80.2 clips/s)
  ep3 step62060 loss=0.0607 (80.2 clips/s)
  ep3 step62080 loss=0.0607 (80.2 clips/s)
  ep3 step62100 loss=0.0607 (80.2 clips/s)
  ep3 step62120 loss=0.0606 (80.2 clips/s)
  ep3 step62140 loss=0.0606 (80.2 clips/s)
  ep3 step62160 loss=0.0606 (80.2 clips/s)
  ep3 step62180 loss=0.0606 (80.2 clips/s)
  ep3 step62200 loss=0.0606 (80.2 clips/s)
  ep3 step62220 loss=0.0607 (80.2 clips/s)
  ep3 step62240 loss=0.0606 (80.2 clips/s)
  ep3 step62260 loss=0.0606 (80.2 clips/s)
  ep3 step62280 loss=0.0606 (80.2 clips/s)
  ep3 step62300 loss=0.0606 (80.2 clips/s)
  ep3 step62320 loss=0.0606 (80.2 clips/s)
  ep3 step62340 loss=0.0607 (80.2 clips/s)
  ep3 step62360 loss=0.0607 (80.2 clips/s)
  ep3 step62380 loss=0.0607 (80.2 clips/s)
  ep3 step62400 loss=0.0607 (80.2 clips/s)
  ep3 step62420 loss=0.0607 (80.2 clips/s)
  ep3 step62440 loss=0.0606 (80.2 clips/s)
  ep3 step62460 loss=0.0606 (80.2 clips/s)
  ep3 step62480 loss=0.0606 (80.2 clips/s)
  ep3 step62500 loss=0.0606 (80.2 clips/s)
  ep3 step62520 loss=0.0606 (80.2 clips/s)
  ep3 step62540 loss=0.0606 (80.2 clips/s)
  ep3 step62560 loss=0.0607 (80.2 clips/s)
  ep3 step62580 loss=0.0607 (80.2 clips/s)
  ep3 step62600 loss=0.0607 (80.2 clips/s)
  ep3 step62620 loss=0.0607 (80.2 clips/s)
  ep3 step62640 loss=0.0608 (80.2 clips/s)
  ep3 step62660 loss=0.0607 (80.2 clips/s)
  ep3 step62680 loss=0.0607 (80.2 clips/s)
  ep3 step62700 loss=0.0608 (80.2 clips/s)
  ep3 step62720 loss=0.0608 (80.2 clips/s)
  ep3 step62740 loss=0.0608 (80.2 clips/s)
  ep3 step62760 loss=0.0607 (80.2 clips/s)
  ep3 step62780 loss=0.0607 (80.2 clips/s)
  ep3 step62800 loss=0.0607 (80.2 clips/s)
  ep3 step62820 loss=0.0606 (80.2 clips/s)
  ep3 step62840 loss=0.0606 (80.2 clips/s)
  ep3 step62860 loss=0.0606 (80.3 clips/s)
  ep3 step62880 loss=0.0605 (80.3 clips/s)
  ep3 step62900 loss=0.0606 (80.3 clips/s)
  ep3 step62920 loss=0.0606 (80.3 clips/s)
  ep3 step62940 loss=0.0606 (80.3 clips/s)
  ep3 step62960 loss=0.0606 (80.3 clips/s)
  ep3 step62980 loss=0.0606 (80.3 clips/s)
  ep3 step63000 loss=0.0607 (80.3 clips/s)
  ep3 step63020 loss=0.0607 (80.3 clips/s)
  ep3 step63040 loss=0.0608 (80.3 clips/s)
  ep3 step63060 loss=0.0608 (80.3 clips/s)
  ep3 step63080 loss=0.0608 (80.3 clips/s)
  ep3 step63100 loss=0.0608 (80.3 clips/s)
  ep3 step63120 loss=0.0607 (80.3 clips/s)
  ep3 step63140 loss=0.0607 (80.3 clips/s)
  ep3 step63160 loss=0.0607 (80.2 clips/s)
  ep3 step63180 loss=0.0606 (80.2 clips/s)
  ep3 step63200 loss=0.0606 (80.2 clips/s)
  ep3 step63220 loss=0.0607 (80.2 clips/s)
  ep3 step63240 loss=0.0606 (80.2 clips/s)
  ep3 step63260 loss=0.0607 (80.2 clips/s)
  ep3 step63280 loss=0.0607 (80.2 clips/s)
  ep3 step63300 loss=0.0607 (80.2 clips/s)
  ep3 step63320 loss=0.0606 (80.2 clips/s)
  ep3 step63340 loss=0.0607 (80.2 clips/s)
  ep3 step63360 loss=0.0607 (80.2 clips/s)
  ep3 step63380 loss=0.0607 (80.2 clips/s)
  ep3 step63400 loss=0.0606 (80.2 clips/s)
  ep3 step63420 loss=0.0606 (80.2 clips/s)
  ep3 step63440 loss=0.0606 (80.2 clips/s)
  ep3 step63460 loss=0.0606 (80.2 clips/s)
  ep3 step63480 loss=0.0607 (80.2 clips/s)
  ep3 step63500 loss=0.0607 (80.2 clips/s)
  ep3 step63520 loss=0.0607 (80.2 clips/s)
  ep3 step63540 loss=0.0607 (80.2 clips/s)
  ep3 step63560 loss=0.0607 (80.2 clips/s)
  ep3 step63580 loss=0.0607 (80.2 clips/s)
  ep3 step63600 loss=0.0606 (80.2 clips/s)
  ep3 step63620 loss=0.0606 (80.2 clips/s)
  ep3 step63640 loss=0.0606 (80.2 clips/s)
  ep3 step63660 loss=0.0606 (80.2 clips/s)
  ep3 step63680 loss=0.0606 (80.2 clips/s)
  ep3 step63700 loss=0.0606 (80.2 clips/s)
  ep3 step63720 loss=0.0606 (80.2 clips/s)
  ep3 step63740 loss=0.0605 (80.2 clips/s)
  ep3 step63760 loss=0.0605 (80.2 clips/s)
  ep3 step63780 loss=0.0605 (80.2 clips/s)
  ep3 step63800 loss=0.0605 (80.2 clips/s)
  ep3 step63820 loss=0.0606 (80.2 clips/s)
  ep3 step63840 loss=0.0606 (80.2 clips/s)
  ep3 step63860 loss=0.0606 (80.2 clips/s)
  ep3 step63880 loss=0.0605 (80.2 clips/s)
  ep3 step63900 loss=0.0605 (80.2 clips/s)
  ep3 step63920 loss=0.0605 (80.2 clips/s)
  ep3 step63940 loss=0.0606 (80.3 clips/s)
  ep3 step63960 loss=0.0606 (80.3 clips/s)
  ep3 step63980 loss=0.0606 (80.3 clips/s)
  ep3 step64000 loss=0.0606 (80.3 clips/s)
  ep3 step64020 loss=0.0606 (80.3 clips/s)
  ep3 step64040 loss=0.0606 (80.3 clips/s)
  ep3 step64060 loss=0.0607 (80.3 clips/s)
  ep3 step64080 loss=0.0607 (80.3 clips/s)
  ep3 step64100 loss=0.0607 (80.3 clips/s)
  ep3 step64120 loss=0.0607 (80.3 clips/s)
  ep3 step64140 loss=0.0607 (80.3 clips/s)
  ep3 step64160 loss=0.0607 (80.3 clips/s)
  ep3 step64180 loss=0.0606 (80.3 clips/s)
  ep3 step64200 loss=0.0606 (80.3 clips/s)
  ep3 step64220 loss=0.0605 (80.3 clips/s)
  ep3 step64240 loss=0.0605 (80.3 clips/s)
  ep3 step64260 loss=0.0605 (80.3 clips/s)
  ep3 step64280 loss=0.0605 (80.3 clips/s)
  ep3 step64300 loss=0.0605 (80.3 clips/s)
  ep3 step64320 loss=0.0605 (80.3 clips/s)
  ep3 step64340 loss=0.0605 (80.3 clips/s)
  ep3 step64360 loss=0.0605 (80.3 clips/s)
  ep3 step64380 loss=0.0605 (80.3 clips/s)
  ep3 step64400 loss=0.0605 (80.3 clips/s)
  ep3 step64420 loss=0.0605 (80.3 clips/s)
  ep3 step64440 loss=0.0605 (80.3 clips/s)
  ep3 step64460 loss=0.0605 (80.3 clips/s)
  ep3 step64480 loss=0.0605 (80.3 clips/s)
  ep3 step64500 loss=0.0605 (80.3 clips/s)
  ep3 step64520 loss=0.0605 (80.3 clips/s)
  ep3 step64540 loss=0.0605 (80.3 clips/s)
  ep3 step64560 loss=0.0605 (80.3 clips/s)
  ep3 step64580 loss=0.0605 (80.3 clips/s)
  ep3 step64600 loss=0.0605 (80.3 clips/s)
  ep3 step64620 loss=0.0605 (80.3 clips/s)
  ep3 step64640 loss=0.0605 (80.3 clips/s)
  ep3 step64660 loss=0.0604 (80.3 clips/s)
  ep3 step64680 loss=0.0604 (80.3 clips/s)
  ep3 step64700 loss=0.0604 (80.2 clips/s)
  ep3 step64720 loss=0.0604 (80.2 clips/s)
  ep3 step64740 loss=0.0604 (80.2 clips/s)
  ep3 step64760 loss=0.0604 (80.2 clips/s)
  ep3 step64780 loss=0.0604 (80.2 clips/s)
  ep3 step64800 loss=0.0604 (80.2 clips/s)
  ep3 step64820 loss=0.0604 (80.2 clips/s)
  ep3 step64840 loss=0.0605 (80.2 clips/s)
  ep3 step64860 loss=0.0605 (80.2 clips/s)
  ep3 step64880 loss=0.0605 (80.2 clips/s)
  ep3 step64900 loss=0.0605 (80.2 clips/s)
  ep3 step64920 loss=0.0605 (80.2 clips/s)
  ep3 step64940 loss=0.0606 (80.2 clips/s)
  ep3 step64960 loss=0.0605 (80.2 clips/s)
  ep3 step64980 loss=0.0605 (80.2 clips/s)
  ep3 step65000 loss=0.0605 (80.2 clips/s)
  ep3 step65020 loss=0.0605 (80.2 clips/s)
  ep3 step65040 loss=0.0605 (80.2 clips/s)
  ep3 step65060 loss=0.0606 (80.2 clips/s)
  ep3 step65080 loss=0.0606 (80.2 clips/s)
  ep3 step65100 loss=0.0606 (80.2 clips/s)
  ep3 step65120 loss=0.0606 (80.2 clips/s)
  ep3 step65140 loss=0.0606 (80.2 clips/s)
  ep3 step65160 loss=0.0606 (80.2 clips/s)
  ep3 step65180 loss=0.0606 (80.2 clips/s)
  ep3 step65200 loss=0.0607 (80.2 clips/s)
  ep3 step65220 loss=0.0607 (80.2 clips/s)
  ep3 step65240 loss=0.0607 (80.2 clips/s)
  ep3 step65260 loss=0.0607 (80.2 clips/s)
  ep3 step65280 loss=0.0606 (80.2 clips/s)
  ep3 step65300 loss=0.0607 (80.2 clips/s)
  ep3 step65320 loss=0.0606 (80.2 clips/s)
  ep3 step65340 loss=0.0607 (80.2 clips/s)
  ep3 step65360 loss=0.0606 (80.2 clips/s)
  ep3 step65380 loss=0.0606 (80.3 clips/s)
  ep3 step65400 loss=0.0606 (80.3 clips/s)
  ep3 step65420 loss=0.0607 (80.3 clips/s)
  ep3 step65440 loss=0.0607 (80.3 clips/s)
  ep3 step65460 loss=0.0606 (80.3 clips/s)
  ep3 step65480 loss=0.0606 (80.3 clips/s)
  ep3 step65500 loss=0.0606 (80.3 clips/s)
  ep3 step65520 loss=0.0606 (80.3 clips/s)
  ep3 step65540 loss=0.0606 (80.3 clips/s)
  ep3 step65560 loss=0.0606 (80.3 clips/s)
  ep3 step65580 loss=0.0606 (80.2 clips/s)
  ep3 step65600 loss=0.0606 (80.2 clips/s)
  ep3 step65620 loss=0.0606 (80.2 clips/s)
  ep3 step65640 loss=0.0606 (80.2 clips/s)
  ep3 step65660 loss=0.0606 (80.2 clips/s)
  ep3 step65680 loss=0.0606 (80.2 clips/s)
  ep3 step65700 loss=0.0606 (80.2 clips/s)
[epoch 3] loss=0.0606 val_avg_f1=0.7886 val_acc=0.9130 (145.7 min)
  ep4 step65720 loss=0.0680 (70.8 clips/s)
  ep4 step65740 loss=0.0411 (75.4 clips/s)
  ep4 step65760 loss=0.0480 (77.0 clips/s)
  ep4 step65780 loss=0.0516 (77.8 clips/s)
  ep4 step65800 loss=0.0468 (78.3 clips/s)
  ep4 step65820 loss=0.0438 (78.6 clips/s)
  ep4 step65840 loss=0.0423 (78.9 clips/s)
  ep4 step65860 loss=0.0439 (79.1 clips/s)
  ep4 step65880 loss=0.0427 (79.2 clips/s)
  ep4 step65900 loss=0.0407 (79.3 clips/s)
  ep4 step65920 loss=0.0419 (79.3 clips/s)
  ep4 step65940 loss=0.0435 (79.4 clips/s)
  ep4 step65960 loss=0.0423 (79.4 clips/s)
  ep4 step65980 loss=0.0404 (79.5 clips/s)
  ep4 step66000 loss=0.0411 (79.5 clips/s)
  ep4 step66020 loss=0.0413 (79.6 clips/s)
  ep4 step66040 loss=0.0405 (79.6 clips/s)
  ep4 step66060 loss=0.0388 (79.7 clips/s)
  ep4 step66080 loss=0.0371 (79.7 clips/s)
  ep4 step66100 loss=0.0381 (79.7 clips/s)
  ep4 step66120 loss=0.0380 (79.7 clips/s)
  ep4 step66140 loss=0.0384 (79.8 clips/s)
  ep4 step66160 loss=0.0393 (79.8 clips/s)
  ep4 step66180 loss=0.0391 (79.8 clips/s)
  ep4 step66200 loss=0.0417 (79.8 clips/s)
  ep4 step66220 loss=0.0430 (79.8 clips/s)
  ep4 step66240 loss=0.0420 (79.9 clips/s)
  ep4 step66260 loss=0.0429 (79.9 clips/s)
  ep4 step66280 loss=0.0424 (79.9 clips/s)
  ep4 step66300 loss=0.0415 (79.9 clips/s)
  ep4 step66320 loss=0.0411 (79.9 clips/s)
  ep4 step66340 loss=0.0433 (79.9 clips/s)
  ep4 step66360 loss=0.0432 (79.9 clips/s)
  ep4 step66380 loss=0.0424 (79.9 clips/s)
  ep4 step66400 loss=0.0418 (80.0 clips/s)
  ep4 step66420 loss=0.0413 (80.0 clips/s)
  ep4 step66440 loss=0.0412 (80.0 clips/s)
  ep4 step66460 loss=0.0408 (80.0 clips/s)
  ep4 step66480 loss=0.0406 (80.0 clips/s)
  ep4 step66500 loss=0.0404 (80.0 clips/s)
  ep4 step66520 loss=0.0401 (80.0 clips/s)
  ep4 step66540 loss=0.0403 (80.0 clips/s)
  ep4 step66560 loss=0.0397 (80.0 clips/s)
  ep4 step66580 loss=0.0398 (80.0 clips/s)
  ep4 step66600 loss=0.0396 (80.0 clips/s)
  ep4 step66620 loss=0.0389 (80.0 clips/s)
  ep4 step66640 loss=0.0397 (80.0 clips/s)
  ep4 step66660 loss=0.0404 (80.1 clips/s)
  ep4 step66680 loss=0.0408 (80.1 clips/s)
  ep4 step66700 loss=0.0405 (80.1 clips/s)
  ep4 step66720 loss=0.0414 (80.1 clips/s)
  ep4 step66740 loss=0.0416 (80.1 clips/s)
  ep4 step66760 loss=0.0412 (80.1 clips/s)
  ep4 step66780 loss=0.0411 (80.1 clips/s)
  ep4 step66800 loss=0.0409 (80.1 clips/s)
  ep4 step66820 loss=0.0407 (80.1 clips/s)
  ep4 step66840 loss=0.0405 (80.1 clips/s)
  ep4 step66860 loss=0.0405 (80.1 clips/s)
  ep4 step66880 loss=0.0401 (80.1 clips/s)
  ep4 step66900 loss=0.0406 (80.1 clips/s)
  ep4 step66920 loss=0.0403 (80.1 clips/s)
  ep4 step66940 loss=0.0398 (80.1 clips/s)
  ep4 step66960 loss=0.0398 (80.1 clips/s)
  ep4 step66980 loss=0.0396 (80.1 clips/s)
  ep4 step67000 loss=0.0391 (80.1 clips/s)
  ep4 step67020 loss=0.0394 (80.1 clips/s)
  ep4 step67040 loss=0.0398 (80.1 clips/s)
  ep4 step67060 loss=0.0398 (80.1 clips/s)
  ep4 step67080 loss=0.0396 (80.1 clips/s)
  ep4 step67100 loss=0.0395 (80.1 clips/s)
  ep4 step67120 loss=0.0399 (80.1 clips/s)
  ep4 step67140 loss=0.0395 (80.1 clips/s)
  ep4 step67160 loss=0.0392 (80.1 clips/s)
  ep4 step67180 loss=0.0394 (80.1 clips/s)
  ep4 step67200 loss=0.0397 (80.1 clips/s)
  ep4 step67220 loss=0.0397 (80.1 clips/s)
  ep4 step67240 loss=0.0394 (80.1 clips/s)
  ep4 step67260 loss=0.0398 (80.1 clips/s)
  ep4 step67280 loss=0.0397 (80.1 clips/s)
  ep4 step67300 loss=0.0401 (80.1 clips/s)
  ep4 step67320 loss=0.0404 (80.1 clips/s)
  ep4 step67340 loss=0.0402 (80.1 clips/s)
  ep4 step67360 loss=0.0403 (80.1 clips/s)
  ep4 step67380 loss=0.0408 (80.1 clips/s)
  ep4 step67400 loss=0.0406 (80.1 clips/s)
  ep4 step67420 loss=0.0412 (80.1 clips/s)
  ep4 step67440 loss=0.0411 (80.1 clips/s)
  ep4 step67460 loss=0.0408 (80.1 clips/s)
  ep4 step67480 loss=0.0407 (80.1 clips/s)
  ep4 step67500 loss=0.0409 (80.1 clips/s)
  ep4 step67520 loss=0.0412 (80.1 clips/s)
  ep4 step67540 loss=0.0415 (80.1 clips/s)
  ep4 step67560 loss=0.0421 (80.1 clips/s)
  ep4 step67580 loss=0.0422 (80.1 clips/s)
  ep4 step67600 loss=0.0420 (80.1 clips/s)
  ep4 step67620 loss=0.0417 (80.1 clips/s)
  ep4 step67640 loss=0.0419 (80.1 clips/s)
  ep4 step67660 loss=0.0420 (80.1 clips/s)
  ep4 step67680 loss=0.0420 (80.1 clips/s)
  ep4 step67700 loss=0.0417 (80.1 clips/s)
  ep4 step67720 loss=0.0416 (80.1 clips/s)
  ep4 step67740 loss=0.0415 (80.1 clips/s)
  ep4 step67760 loss=0.0429 (80.1 clips/s)
  ep4 step67780 loss=0.0426 (80.1 clips/s)
  ep4 step67800 loss=0.0428 (80.1 clips/s)
  ep4 step67820 loss=0.0426 (80.1 clips/s)
  ep4 step67840 loss=0.0423 (80.1 clips/s)
  ep4 step67860 loss=0.0427 (80.1 clips/s)
  ep4 step67880 loss=0.0436 (80.1 clips/s)
  ep4 step67900 loss=0.0434 (80.1 clips/s)
  ep4 step67920 loss=0.0432 (80.1 clips/s)
  ep4 step67940 loss=0.0430 (80.1 clips/s)
  ep4 step67960 loss=0.0428 (80.1 clips/s)
  ep4 step67980 loss=0.0425 (80.1 clips/s)
  ep4 step68000 loss=0.0423 (80.1 clips/s)
  ep4 step68020 loss=0.0420 (80.1 clips/s)
  ep4 step68040 loss=0.0418 (80.2 clips/s)
  ep4 step68060 loss=0.0416 (80.2 clips/s)
  ep4 step68080 loss=0.0415 (80.2 clips/s)
  ep4 step68100 loss=0.0416 (80.2 clips/s)
  ep4 step68120 loss=0.0416 (80.2 clips/s)
  ep4 step68140 loss=0.0414 (80.2 clips/s)
  ep4 step68160 loss=0.0413 (80.2 clips/s)
  ep4 step68180 loss=0.0411 (80.2 clips/s)
  ep4 step68200 loss=0.0410 (80.2 clips/s)
  ep4 step68220 loss=0.0410 (80.2 clips/s)
  ep4 step68240 loss=0.0411 (80.2 clips/s)
  ep4 step68260 loss=0.0412 (80.2 clips/s)
  ep4 step68280 loss=0.0414 (80.2 clips/s)
  ep4 step68300 loss=0.0414 (80.2 clips/s)
  ep4 step68320 loss=0.0413 (80.2 clips/s)
  ep4 step68340 loss=0.0412 (80.2 clips/s)
  ep4 step68360 loss=0.0410 (80.2 clips/s)
  ep4 step68380 loss=0.0410 (80.2 clips/s)
  ep4 step68400 loss=0.0408 (80.2 clips/s)
  ep4 step68420 loss=0.0407 (80.2 clips/s)
  ep4 step68440 loss=0.0409 (80.2 clips/s)
  ep4 step68460 loss=0.0409 (80.2 clips/s)
  ep4 step68480 loss=0.0409 (80.2 clips/s)
  ep4 step68500 loss=0.0407 (80.2 clips/s)
  ep4 step68520 loss=0.0406 (80.2 clips/s)
  ep4 step68540 loss=0.0406 (80.2 clips/s)
  ep4 step68560 loss=0.0406 (80.2 clips/s)
  ep4 step68580 loss=0.0413 (80.2 clips/s)
  ep4 step68600 loss=0.0412 (80.2 clips/s)
  ep4 step68620 loss=0.0413 (80.2 clips/s)
  ep4 step68640 loss=0.0413 (80.2 clips/s)
  ep4 step68660 loss=0.0415 (80.2 clips/s)
  ep4 step68680 loss=0.0415 (80.2 clips/s)
  ep4 step68700 loss=0.0415 (80.2 clips/s)
  ep4 step68720 loss=0.0412 (80.2 clips/s)
  ep4 step68740 loss=0.0413 (80.2 clips/s)
  ep4 step68760 loss=0.0417 (80.2 clips/s)
  ep4 step68780 loss=0.0416 (80.2 clips/s)
  ep4 step68800 loss=0.0420 (80.2 clips/s)
  ep4 step68820 loss=0.0419 (80.2 clips/s)
  ep4 step68840 loss=0.0417 (80.2 clips/s)
  ep4 step68860 loss=0.0416 (80.2 clips/s)
  ep4 step68880 loss=0.0415 (80.2 clips/s)
  ep4 step68900 loss=0.0413 (80.2 clips/s)
  ep4 step68920 loss=0.0413 (80.2 clips/s)
  ep4 step68940 loss=0.0412 (80.2 clips/s)
  ep4 step68960 loss=0.0411 (80.2 clips/s)
  ep4 step68980 loss=0.0410 (80.2 clips/s)
  ep4 step69000 loss=0.0410 (80.2 clips/s)
  ep4 step69020 loss=0.0412 (80.2 clips/s)
  ep4 step69040 loss=0.0412 (80.2 clips/s)
  ep4 step69060 loss=0.0414 (80.2 clips/s)
  ep4 step69080 loss=0.0413 (80.2 clips/s)
  ep4 step69100 loss=0.0411 (80.2 clips/s)
  ep4 step69120 loss=0.0414 (80.2 clips/s)
  ep4 step69140 loss=0.0413 (80.2 clips/s)
  ep4 step69160 loss=0.0412 (80.2 clips/s)
  ep4 step69180 loss=0.0413 (80.2 clips/s)
  ep4 step69200 loss=0.0414 (80.2 clips/s)
  ep4 step69220 loss=0.0414 (80.2 clips/s)
  ep4 step69240 loss=0.0413 (80.2 clips/s)
  ep4 step69260 loss=0.0412 (80.2 clips/s)
  ep4 step69280 loss=0.0412 (80.2 clips/s)
  ep4 step69300 loss=0.0411 (80.2 clips/s)
  ep4 step69320 loss=0.0411 (80.2 clips/s)
  ep4 step69340 loss=0.0412 (80.2 clips/s)
  ep4 step69360 loss=0.0413 (80.2 clips/s)
  ep4 step69380 loss=0.0417 (80.2 clips/s)
  ep4 step69400 loss=0.0416 (80.2 clips/s)
  ep4 step69420 loss=0.0415 (80.2 clips/s)
  ep4 step69440 loss=0.0415 (80.2 clips/s)
  ep4 step69460 loss=0.0414 (80.2 clips/s)
  ep4 step69480 loss=0.0413 (80.2 clips/s)
  ep4 step69500 loss=0.0411 (80.2 clips/s)
  ep4 step69520 loss=0.0410 (80.2 clips/s)
  ep4 step69540 loss=0.0409 (80.2 clips/s)
  ep4 step69560 loss=0.0411 (80.2 clips/s)
  ep4 step69580 loss=0.0411 (80.2 clips/s)
  ep4 step69600 loss=0.0409 (80.2 clips/s)
  ep4 step69620 loss=0.0412 (80.2 clips/s)
  ep4 step69640 loss=0.0412 (80.2 clips/s)
  ep4 step69660 loss=0.0410 (80.2 clips/s)
  ep4 step69680 loss=0.0411 (80.2 clips/s)
  ep4 step69700 loss=0.0410 (80.2 clips/s)
  ep4 step69720 loss=0.0409 (80.2 clips/s)
  ep4 step69740 loss=0.0409 (80.2 clips/s)
  ep4 step69760 loss=0.0409 (80.2 clips/s)
  ep4 step69780 loss=0.0410 (80.2 clips/s)
  ep4 step69800 loss=0.0411 (80.2 clips/s)
  ep4 step69820 loss=0.0411 (80.2 clips/s)
  ep4 step69840 loss=0.0411 (80.2 clips/s)
  ep4 step69860 loss=0.0412 (80.2 clips/s)
  ep4 step69880 loss=0.0411 (80.2 clips/s)
  ep4 step69900 loss=0.0413 (80.2 clips/s)
  ep4 step69920 loss=0.0413 (80.2 clips/s)
  ep4 step69940 loss=0.0412 (80.2 clips/s)
  ep4 step69960 loss=0.0414 (80.2 clips/s)
  ep4 step69980 loss=0.0414 (80.2 clips/s)
  ep4 step70000 loss=0.0413 (80.2 clips/s)
  ep4 step70020 loss=0.0415 (80.2 clips/s)
  ep4 step70040 loss=0.0415 (80.2 clips/s)
  ep4 step70060 loss=0.0415 (80.2 clips/s)
  ep4 step70080 loss=0.0415 (80.2 clips/s)
  ep4 step70100 loss=0.0416 (80.2 clips/s)
  ep4 step70120 loss=0.0415 (80.2 clips/s)
  ep4 step70140 loss=0.0414 (80.2 clips/s)
  ep4 step70160 loss=0.0414 (80.2 clips/s)
  ep4 step70180 loss=0.0415 (80.2 clips/s)
  ep4 step70200 loss=0.0414 (80.2 clips/s)
  ep4 step70220 loss=0.0413 (80.2 clips/s)
  ep4 step70240 loss=0.0411 (80.2 clips/s)
  ep4 step70260 loss=0.0412 (80.2 clips/s)
  ep4 step70280 loss=0.0412 (80.2 clips/s)
  ep4 step70300 loss=0.0411 (80.2 clips/s)
  ep4 step70320 loss=0.0411 (80.2 clips/s)
  ep4 step70340 loss=0.0410 (80.2 clips/s)
  ep4 step70360 loss=0.0413 (80.2 clips/s)
  ep4 step70380 loss=0.0417 (80.2 clips/s)
  ep4 step70400 loss=0.0418 (80.2 clips/s)
  ep4 step70420 loss=0.0416 (80.2 clips/s)
  ep4 step70440 loss=0.0416 (80.2 clips/s)
  ep4 step70460 loss=0.0417 (80.2 clips/s)
  ep4 step70480 loss=0.0418 (80.2 clips/s)
  ep4 step70500 loss=0.0418 (80.2 clips/s)
  ep4 step70520 loss=0.0417 (80.2 clips/s)
  ep4 step70540 loss=0.0417 (80.2 clips/s)
  ep4 step70560 loss=0.0418 (80.2 clips/s)
  ep4 step70580 loss=0.0417 (80.2 clips/s)
  ep4 step70600 loss=0.0417 (80.2 clips/s)
  ep4 step70620 loss=0.0417 (80.2 clips/s)
  ep4 step70640 loss=0.0419 (80.2 clips/s)
  ep4 step70660 loss=0.0419 (80.2 clips/s)
  ep4 step70680 loss=0.0418 (80.2 clips/s)
  ep4 step70700 loss=0.0417 (80.2 clips/s)
  ep4 step70720 loss=0.0417 (80.2 clips/s)
  ep4 step70740 loss=0.0418 (80.2 clips/s)
  ep4 step70760 loss=0.0418 (80.2 clips/s)
  ep4 step70780 loss=0.0421 (80.2 clips/s)
  ep4 step70800 loss=0.0422 (80.2 clips/s)
  ep4 step70820 loss=0.0422 (80.2 clips/s)
  ep4 step70840 loss=0.0421 (80.2 clips/s)
  ep4 step70860 loss=0.0421 (80.2 clips/s)
  ep4 step70880 loss=0.0421 (80.2 clips/s)
  ep4 step70900 loss=0.0420 (80.2 clips/s)
  ep4 step70920 loss=0.0421 (80.2 clips/s)
  ep4 step70940 loss=0.0421 (80.2 clips/s)
  ep4 step70960 loss=0.0422 (80.2 clips/s)
  ep4 step70980 loss=0.0424 (80.2 clips/s)
  ep4 step71000 loss=0.0423 (80.2 clips/s)
  ep4 step71020 loss=0.0422 (80.2 clips/s)
  ep4 step71040 loss=0.0424 (80.2 clips/s)
  ep4 step71060 loss=0.0424 (80.2 clips/s)
  ep4 step71080 loss=0.0425 (80.2 clips/s)
  ep4 step71100 loss=0.0425 (80.2 clips/s)
  ep4 step71120 loss=0.0425 (80.2 clips/s)
  ep4 step71140 loss=0.0425 (80.2 clips/s)
  ep4 step71160 loss=0.0425 (80.2 clips/s)
  ep4 step71180 loss=0.0425 (80.2 clips/s)
  ep4 step71200 loss=0.0424 (80.2 clips/s)
  ep4 step71220 loss=0.0426 (80.2 clips/s)
  ep4 step71240 loss=0.0426 (80.2 clips/s)
  ep4 step71260 loss=0.0425 (80.2 clips/s)
  ep4 step71280 loss=0.0424 (80.2 clips/s)
  ep4 step71300 loss=0.0425 (80.2 clips/s)
  ep4 step71320 loss=0.0425 (80.2 clips/s)
  ep4 step71340 loss=0.0424 (80.2 clips/s)
  ep4 step71360 loss=0.0424 (80.2 clips/s)
  ep4 step71380 loss=0.0424 (80.2 clips/s)
  ep4 step71400 loss=0.0423 (80.2 clips/s)
  ep4 step71420 loss=0.0424 (80.2 clips/s)
  ep4 step71440 loss=0.0424 (80.2 clips/s)
  ep4 step71460 loss=0.0425 (80.2 clips/s)
  ep4 step71480 loss=0.0425 (80.2 clips/s)
  ep4 step71500 loss=0.0424 (80.2 clips/s)
  ep4 step71520 loss=0.0424 (80.2 clips/s)
  ep4 step71540 loss=0.0423 (80.2 clips/s)
  ep4 step71560 loss=0.0423 (80.2 clips/s)
  ep4 step71580 loss=0.0422 (80.2 clips/s)
  ep4 step71600 loss=0.0422 (80.2 clips/s)
  ep4 step71620 loss=0.0421 (80.2 clips/s)
  ep4 step71640 loss=0.0422 (80.2 clips/s)
  ep4 step71660 loss=0.0421 (80.2 clips/s)
  ep4 step71680 loss=0.0421 (80.2 clips/s)
  ep4 step71700 loss=0.0422 (80.2 clips/s)
  ep4 step71720 loss=0.0424 (80.2 clips/s)
  ep4 step71740 loss=0.0426 (80.2 clips/s)
  ep4 step71760 loss=0.0425 (80.2 clips/s)
  ep4 step71780 loss=0.0426 (80.2 clips/s)
  ep4 step71800 loss=0.0426 (80.2 clips/s)
  ep4 step71820 loss=0.0426 (80.2 clips/s)
  ep4 step71840 loss=0.0424 (80.2 clips/s)
  ep4 step71860 loss=0.0424 (80.2 clips/s)
  ep4 step71880 loss=0.0424 (80.2 clips/s)
  ep4 step71900 loss=0.0424 (80.2 clips/s)
  ep4 step71920 loss=0.0425 (80.2 clips/s)
  ep4 step71940 loss=0.0424 (80.2 clips/s)
  ep4 step71960 loss=0.0425 (80.2 clips/s)
  ep4 step71980 loss=0.0427 (80.2 clips/s)
  ep4 step72000 loss=0.0427 (80.2 clips/s)
  ep4 step72020 loss=0.0427 (80.2 clips/s)
  ep4 step72040 loss=0.0428 (80.2 clips/s)
  ep4 step72060 loss=0.0430 (80.2 clips/s)
  ep4 step72080 loss=0.0430 (80.2 clips/s)
  ep4 step72100 loss=0.0431 (80.2 clips/s)
  ep4 step72120 loss=0.0432 (80.2 clips/s)
  ep4 step72140 loss=0.0431 (80.2 clips/s)
  ep4 step72160 loss=0.0430 (80.2 clips/s)
  ep4 step72180 loss=0.0430 (80.2 clips/s)
  ep4 step72200 loss=0.0429 (80.2 clips/s)
  ep4 step72220 loss=0.0429 (80.2 clips/s)
  ep4 step72240 loss=0.0430 (80.2 clips/s)
  ep4 step72260 loss=0.0431 (80.2 clips/s)
  ep4 step72280 loss=0.0430 (80.2 clips/s)
  ep4 step72300 loss=0.0430 (80.2 clips/s)
  ep4 step72320 loss=0.0430 (80.2 clips/s)
  ep4 step72340 loss=0.0430 (80.2 clips/s)
  ep4 step72360 loss=0.0430 (80.2 clips/s)
  ep4 step72380 loss=0.0429 (80.2 clips/s)
  ep4 step72400 loss=0.0430 (80.2 clips/s)
  ep4 step72420 loss=0.0430 (80.2 clips/s)
  ep4 step72440 loss=0.0430 (80.2 clips/s)
  ep4 step72460 loss=0.0431 (80.2 clips/s)
  ep4 step72480 loss=0.0431 (80.2 clips/s)
  ep4 step72500 loss=0.0430 (80.2 clips/s)
  ep4 step72520 loss=0.0429 (80.2 clips/s)
  ep4 step72540 loss=0.0430 (80.2 clips/s)
  ep4 step72560 loss=0.0431 (80.2 clips/s)
  ep4 step72580 loss=0.0432 (80.2 clips/s)
  ep4 step72600 loss=0.0431 (80.2 clips/s)
  ep4 step72620 loss=0.0432 (80.2 clips/s)
  ep4 step72640 loss=0.0431 (80.2 clips/s)
  ep4 step72660 loss=0.0431 (80.2 clips/s)
  ep4 step72680 loss=0.0430 (80.2 clips/s)
  ep4 step72700 loss=0.0429 (80.2 clips/s)
  ep4 step72720 loss=0.0430 (80.2 clips/s)
  ep4 step72740 loss=0.0429 (80.2 clips/s)
  ep4 step72760 loss=0.0428 (80.2 clips/s)
  ep4 step72780 loss=0.0429 (80.2 clips/s)
  ep4 step72800 loss=0.0430 (80.2 clips/s)
  ep4 step72820 loss=0.0430 (80.2 clips/s)
  ep4 step72840 loss=0.0430 (80.2 clips/s)
  ep4 step72860 loss=0.0431 (80.2 clips/s)
  ep4 step72880 loss=0.0430 (80.2 clips/s)
  ep4 step72900 loss=0.0431 (80.2 clips/s)
  ep4 step72920 loss=0.0431 (80.2 clips/s)
  ep4 step72940 loss=0.0431 (80.2 clips/s)
  ep4 step72960 loss=0.0431 (80.2 clips/s)
  ep4 step72980 loss=0.0431 (80.2 clips/s)
  ep4 step73000 loss=0.0431 (80.2 clips/s)
  ep4 step73020 loss=0.0431 (80.2 clips/s)
  ep4 step73040 loss=0.0431 (80.2 clips/s)
  ep4 step73060 loss=0.0431 (80.2 clips/s)
  ep4 step73080 loss=0.0432 (80.2 clips/s)
  ep4 step73100 loss=0.0431 (80.2 clips/s)
  ep4 step73120 loss=0.0431 (80.2 clips/s)
  ep4 step73140 loss=0.0430 (80.2 clips/s)
  ep4 step73160 loss=0.0430 (80.2 clips/s)
  ep4 step73180 loss=0.0429 (80.2 clips/s)
  ep4 step73200 loss=0.0429 (80.2 clips/s)
  ep4 step73220 loss=0.0428 (80.2 clips/s)
  ep4 step73240 loss=0.0428 (80.2 clips/s)
  ep4 step73260 loss=0.0428 (80.2 clips/s)
  ep4 step73280 loss=0.0427 (80.2 clips/s)
  ep4 step73300 loss=0.0427 (80.2 clips/s)
  ep4 step73320 loss=0.0427 (80.2 clips/s)
  ep4 step73340 loss=0.0427 (80.2 clips/s)
  ep4 step73360 loss=0.0426 (80.2 clips/s)
  ep4 step73380 loss=0.0427 (80.2 clips/s)
  ep4 step73400 loss=0.0427 (80.2 clips/s)
  ep4 step73420 loss=0.0427 (80.2 clips/s)
  ep4 step73440 loss=0.0427 (80.2 clips/s)
  ep4 step73460 loss=0.0429 (80.2 clips/s)
  ep4 step73480 loss=0.0430 (80.2 clips/s)
  ep4 step73500 loss=0.0430 (80.2 clips/s)
  ep4 step73520 loss=0.0431 (80.2 clips/s)
  ep4 step73540 loss=0.0431 (80.2 clips/s)
  ep4 step73560 loss=0.0430 (80.2 clips/s)
  ep4 step73580 loss=0.0429 (80.2 clips/s)
  ep4 step73600 loss=0.0429 (80.2 clips/s)
  ep4 step73620 loss=0.0429 (80.2 clips/s)
  ep4 step73640 loss=0.0430 (80.2 clips/s)
  ep4 step73660 loss=0.0429 (80.2 clips/s)
  ep4 step73680 loss=0.0429 (80.2 clips/s)
  ep4 step73700 loss=0.0428 (80.2 clips/s)
  ep4 step73720 loss=0.0428 (80.2 clips/s)
  ep4 step73740 loss=0.0429 (80.2 clips/s)
  ep4 step73760 loss=0.0428 (80.2 clips/s)
  ep4 step73780 loss=0.0428 (80.2 clips/s)
  ep4 step73800 loss=0.0427 (80.2 clips/s)
  ep4 step73820 loss=0.0427 (80.2 clips/s)
  ep4 step73840 loss=0.0427 (80.2 clips/s)
  ep4 step73860 loss=0.0428 (80.2 clips/s)
  ep4 step73880 loss=0.0428 (80.2 clips/s)
  ep4 step73900 loss=0.0428 (80.2 clips/s)
  ep4 step73920 loss=0.0428 (80.2 clips/s)
  ep4 step73940 loss=0.0428 (80.2 clips/s)
  ep4 step73960 loss=0.0428 (80.2 clips/s)
  ep4 step73980 loss=0.0430 (80.2 clips/s)
  ep4 step74000 loss=0.0429 (80.2 clips/s)
  ep4 step74020 loss=0.0429 (80.2 clips/s)
  ep4 step74040 loss=0.0429 (80.2 clips/s)
  ep4 step74060 loss=0.0428 (80.2 clips/s)
  ep4 step74080 loss=0.0428 (80.2 clips/s)
  ep4 step74100 loss=0.0427 (80.2 clips/s)
  ep4 step74120 loss=0.0427 (80.2 clips/s)
  ep4 step74140 loss=0.0428 (80.2 clips/s)
  ep4 step74160 loss=0.0428 (80.2 clips/s)
  ep4 step74180 loss=0.0428 (80.2 clips/s)
  ep4 step74200 loss=0.0427 (80.2 clips/s)
  ep4 step74220 loss=0.0427 (80.2 clips/s)
  ep4 step74240 loss=0.0427 (80.2 clips/s)
  ep4 step74260 loss=0.0427 (80.2 clips/s)
  ep4 step74280 loss=0.0427 (80.2 clips/s)
  ep4 step74300 loss=0.0428 (80.2 clips/s)
  ep4 step74320 loss=0.0429 (80.2 clips/s)
  ep4 step74340 loss=0.0428 (80.2 clips/s)
  ep4 step74360 loss=0.0428 (80.2 clips/s)
  ep4 step74380 loss=0.0427 (80.2 clips/s)
  ep4 step74400 loss=0.0427 (80.2 clips/s)
  ep4 step74420 loss=0.0427 (80.2 clips/s)
  ep4 step74440 loss=0.0427 (80.2 clips/s)
  ep4 step74460 loss=0.0426 (80.2 clips/s)
  ep4 step74480 loss=0.0426 (80.2 clips/s)
  ep4 step74500 loss=0.0426 (80.2 clips/s)
  ep4 step74520 loss=0.0426 (80.2 clips/s)
  ep4 step74540 loss=0.0426 (80.2 clips/s)
  ep4 step74560 loss=0.0425 (80.2 clips/s)
  ep4 step74580 loss=0.0426 (80.2 clips/s)
  ep4 step74600 loss=0.0425 (80.2 clips/s)
  ep4 step74620 loss=0.0425 (80.2 clips/s)
  ep4 step74640 loss=0.0424 (80.2 clips/s)
  ep4 step74660 loss=0.0425 (80.2 clips/s)
  ep4 step74680 loss=0.0425 (80.2 clips/s)
  ep4 step74700 loss=0.0425 (80.2 clips/s)
  ep4 step74720 loss=0.0425 (80.2 clips/s)
  ep4 step74740 loss=0.0425 (80.2 clips/s)
  ep4 step74760 loss=0.0425 (80.2 clips/s)
  ep4 step74780 loss=0.0425 (80.2 clips/s)
  ep4 step74800 loss=0.0425 (80.2 clips/s)
  ep4 step74820 loss=0.0424 (80.2 clips/s)
  ep4 step74840 loss=0.0424 (80.2 clips/s)
  ep4 step74860 loss=0.0423 (80.2 clips/s)
  ep4 step74880 loss=0.0424 (80.2 clips/s)
  ep4 step74900 loss=0.0424 (80.2 clips/s)
  ep4 step74920 loss=0.0423 (80.2 clips/s)
  ep4 step74940 loss=0.0423 (80.2 clips/s)
  ep4 step74960 loss=0.0423 (80.2 clips/s)
  ep4 step74980 loss=0.0423 (80.2 clips/s)
  ep4 step75000 loss=0.0423 (80.2 clips/s)
  ep4 step75020 loss=0.0423 (80.2 clips/s)
  ep4 step75040 loss=0.0422 (80.2 clips/s)
  ep4 step75060 loss=0.0423 (80.2 clips/s)
  ep4 step75080 loss=0.0423 (80.2 clips/s)
  ep4 step75100 loss=0.0423 (80.2 clips/s)
  ep4 step75120 loss=0.0423 (80.2 clips/s)
  ep4 step75140 loss=0.0423 (80.2 clips/s)
  ep4 step75160 loss=0.0424 (80.2 clips/s)
  ep4 step75180 loss=0.0423 (80.2 clips/s)
  ep4 step75200 loss=0.0424 (80.2 clips/s)
  ep4 step75220 loss=0.0424 (80.2 clips/s)
  ep4 step75240 loss=0.0423 (80.2 clips/s)
  ep4 step75260 loss=0.0422 (80.2 clips/s)
  ep4 step75280 loss=0.0422 (80.2 clips/s)
  ep4 step75300 loss=0.0421 (80.2 clips/s)
  ep4 step75320 loss=0.0421 (80.2 clips/s)
  ep4 step75340 loss=0.0420 (80.2 clips/s)
  ep4 step75360 loss=0.0421 (80.2 clips/s)
  ep4 step75380 loss=0.0421 (80.2 clips/s)
  ep4 step75400 loss=0.0422 (80.2 clips/s)
  ep4 step75420 loss=0.0422 (80.2 clips/s)
  ep4 step75440 loss=0.0423 (80.2 clips/s)
  ep4 step75460 loss=0.0424 (80.2 clips/s)
  ep4 step75480 loss=0.0426 (80.2 clips/s)
  ep4 step75500 loss=0.0426 (80.2 clips/s)
  ep4 step75520 loss=0.0425 (80.2 clips/s)
  ep4 step75540 loss=0.0426 (80.2 clips/s)
  ep4 step75560 loss=0.0425 (80.2 clips/s)
  ep4 step75580 loss=0.0425 (80.2 clips/s)
  ep4 step75600 loss=0.0425 (80.2 clips/s)
  ep4 step75620 loss=0.0424 (80.2 clips/s)
  ep4 step75640 loss=0.0424 (80.2 clips/s)
  ep4 step75660 loss=0.0424 (80.2 clips/s)
  ep4 step75680 loss=0.0424 (80.2 clips/s)
  ep4 step75700 loss=0.0423 (80.2 clips/s)
  ep4 step75720 loss=0.0424 (80.2 clips/s)
  ep4 step75740 loss=0.0424 (80.2 clips/s)
  ep4 step75760 loss=0.0425 (80.2 clips/s)
  ep4 step75780 loss=0.0425 (80.2 clips/s)
  ep4 step75800 loss=0.0426 (80.2 clips/s)
  ep4 step75820 loss=0.0425 (80.2 clips/s)
  ep4 step75840 loss=0.0425 (80.2 clips/s)
  ep4 step75860 loss=0.0425 (80.2 clips/s)
  ep4 step75880 loss=0.0426 (80.2 clips/s)
  ep4 step75900 loss=0.0427 (80.2 clips/s)
  ep4 step75920 loss=0.0426 (80.2 clips/s)
  ep4 step75940 loss=0.0427 (80.2 clips/s)
  ep4 step75960 loss=0.0428 (80.2 clips/s)
  ep4 step75980 loss=0.0427 (80.2 clips/s)
  ep4 step76000 loss=0.0427 (80.2 clips/s)
  ep4 step76020 loss=0.0427 (80.2 clips/s)
  ep4 step76040 loss=0.0427 (80.2 clips/s)
  ep4 step76060 loss=0.0427 (80.2 clips/s)
  ep4 step76080 loss=0.0427 (80.2 clips/s)
  ep4 step76100 loss=0.0427 (80.2 clips/s)
  ep4 step76120 loss=0.0427 (80.2 clips/s)
  ep4 step76140 loss=0.0427 (80.2 clips/s)
  ep4 step76160 loss=0.0427 (80.2 clips/s)
  ep4 step76180 loss=0.0427 (80.2 clips/s)
  ep4 step76200 loss=0.0426 (80.2 clips/s)
  ep4 step76220 loss=0.0427 (80.2 clips/s)
  ep4 step76240 loss=0.0427 (80.2 clips/s)
  ep4 step76260 loss=0.0428 (80.2 clips/s)
  ep4 step76280 loss=0.0428 (80.2 clips/s)
  ep4 step76300 loss=0.0428 (80.2 clips/s)
  ep4 step76320 loss=0.0429 (80.2 clips/s)
  ep4 step76340 loss=0.0429 (80.2 clips/s)
  ep4 step76360 loss=0.0429 (80.2 clips/s)
  ep4 step76380 loss=0.0430 (80.2 clips/s)
  ep4 step76400 loss=0.0431 (80.2 clips/s)
  ep4 step76420 loss=0.0431 (80.2 clips/s)
  ep4 step76440 loss=0.0431 (80.2 clips/s)
  ep4 step76460 loss=0.0430 (80.2 clips/s)
  ep4 step76480 loss=0.0430 (80.2 clips/s)
  ep4 step76500 loss=0.0430 (80.2 clips/s)
  ep4 step76520 loss=0.0432 (80.2 clips/s)
  ep4 step76540 loss=0.0432 (80.2 clips/s)
  ep4 step76560 loss=0.0431 (80.2 clips/s)
  ep4 step76580 loss=0.0432 (80.2 clips/s)
  ep4 step76600 loss=0.0432 (80.2 clips/s)
  ep4 step76620 loss=0.0432 (80.2 clips/s)
  ep4 step76640 loss=0.0431 (80.2 clips/s)
  ep4 step76660 loss=0.0431 (80.2 clips/s)
  ep4 step76680 loss=0.0431 (80.2 clips/s)
  ep4 step76700 loss=0.0431 (80.2 clips/s)
  ep4 step76720 loss=0.0430 (80.2 clips/s)
  ep4 step76740 loss=0.0430 (80.2 clips/s)
  ep4 step76760 loss=0.0430 (80.2 clips/s)
  ep4 step76780 loss=0.0431 (80.2 clips/s)
  ep4 step76800 loss=0.0431 (80.2 clips/s)
  ep4 step76820 loss=0.0431 (80.2 clips/s)
  ep4 step76840 loss=0.0431 (80.2 clips/s)
  ep4 step76860 loss=0.0431 (80.2 clips/s)
  ep4 step76880 loss=0.0430 (80.2 clips/s)
  ep4 step76900 loss=0.0430 (80.2 clips/s)
  ep4 step76920 loss=0.0430 (80.2 clips/s)
  ep4 step76940 loss=0.0430 (80.2 clips/s)
  ep4 step76960 loss=0.0429 (80.2 clips/s)
  ep4 step76980 loss=0.0429 (80.2 clips/s)
  ep4 step77000 loss=0.0429 (80.2 clips/s)
  ep4 step77020 loss=0.0430 (80.2 clips/s)
  ep4 step77040 loss=0.0430 (80.2 clips/s)
  ep4 step77060 loss=0.0430 (80.2 clips/s)
  ep4 step77080 loss=0.0431 (80.2 clips/s)
  ep4 step77100 loss=0.0431 (80.2 clips/s)
  ep4 step77120 loss=0.0431 (80.2 clips/s)
  ep4 step77140 loss=0.0431 (80.2 clips/s)
  ep4 step77160 loss=0.0431 (80.2 clips/s)
  ep4 step77180 loss=0.0430 (80.2 clips/s)
  ep4 step77200 loss=0.0431 (80.2 clips/s)
  ep4 step77220 loss=0.0432 (80.2 clips/s)
  ep4 step77240 loss=0.0432 (80.2 clips/s)
  ep4 step77260 loss=0.0432 (80.2 clips/s)
  ep4 step77280 loss=0.0431 (80.2 clips/s)
  ep4 step77300 loss=0.0431 (80.2 clips/s)
  ep4 step77320 loss=0.0431 (80.2 clips/s)
  ep4 step77340 loss=0.0432 (80.2 clips/s)
  ep4 step77360 loss=0.0433 (80.2 clips/s)
  ep4 step77380 loss=0.0433 (80.2 clips/s)
  ep4 step77400 loss=0.0432 (80.2 clips/s)
  ep4 step77420 loss=0.0432 (80.2 clips/s)
  ep4 step77440 loss=0.0432 (80.2 clips/s)
  ep4 step77460 loss=0.0431 (80.2 clips/s)
  ep4 step77480 loss=0.0431 (80.2 clips/s)
  ep4 step77500 loss=0.0430 (80.2 clips/s)
  ep4 step77520 loss=0.0430 (80.2 clips/s)
  ep4 step77540 loss=0.0430 (80.2 clips/s)
  ep4 step77560 loss=0.0431 (80.2 clips/s)
  ep4 step77580 loss=0.0431 (80.2 clips/s)
  ep4 step77600 loss=0.0431 (80.2 clips/s)
  ep4 step77620 loss=0.0431 (80.2 clips/s)
  ep4 step77640 loss=0.0431 (80.2 clips/s)
  ep4 step77660 loss=0.0431 (80.2 clips/s)
  ep4 step77680 loss=0.0430 (80.2 clips/s)
  ep4 step77700 loss=0.0430 (80.2 clips/s)
  ep4 step77720 loss=0.0430 (80.2 clips/s)
  ep4 step77740 loss=0.0430 (80.2 clips/s)
  ep4 step77760 loss=0.0429 (80.2 clips/s)
  ep4 step77780 loss=0.0429 (80.2 clips/s)
  ep4 step77800 loss=0.0429 (80.2 clips/s)
  ep4 step77820 loss=0.0431 (80.2 clips/s)
  ep4 step77840 loss=0.0431 (80.2 clips/s)
  ep4 step77860 loss=0.0431 (80.2 clips/s)
  ep4 step77880 loss=0.0432 (80.2 clips/s)
  ep4 step77900 loss=0.0431 (80.2 clips/s)
  ep4 step77920 loss=0.0431 (80.2 clips/s)
  ep4 step77940 loss=0.0431 (80.2 clips/s)
  ep4 step77960 loss=0.0432 (80.2 clips/s)
  ep4 step77980 loss=0.0431 (80.2 clips/s)
  ep4 step78000 loss=0.0431 (80.2 clips/s)
  ep4 step78020 loss=0.0431 (80.2 clips/s)
  ep4 step78040 loss=0.0431 (80.2 clips/s)
  ep4 step78060 loss=0.0431 (80.2 clips/s)
  ep4 step78080 loss=0.0431 (80.2 clips/s)
  ep4 step78100 loss=0.0430 (80.2 clips/s)
  ep4 step78120 loss=0.0431 (80.2 clips/s)
  ep4 step78140 loss=0.0431 (80.2 clips/s)
  ep4 step78160 loss=0.0431 (80.2 clips/s)
  ep4 step78180 loss=0.0430 (80.2 clips/s)
  ep4 step78200 loss=0.0430 (80.2 clips/s)
  ep4 step78220 loss=0.0430 (80.2 clips/s)
  ep4 step78240 loss=0.0429 (80.2 clips/s)
  ep4 step78260 loss=0.0429 (80.2 clips/s)
  ep4 step78280 loss=0.0429 (80.2 clips/s)
  ep4 step78300 loss=0.0430 (80.2 clips/s)
  ep4 step78320 loss=0.0429 (80.2 clips/s)
  ep4 step78340 loss=0.0429 (80.2 clips/s)
  ep4 step78360 loss=0.0429 (80.2 clips/s)
  ep4 step78380 loss=0.0429 (80.2 clips/s)
  ep4 step78400 loss=0.0430 (80.2 clips/s)
  ep4 step78420 loss=0.0430 (80.2 clips/s)
  ep4 step78440 loss=0.0429 (80.2 clips/s)
  ep4 step78460 loss=0.0429 (80.2 clips/s)
  ep4 step78480 loss=0.0429 (80.2 clips/s)
  ep4 step78500 loss=0.0429 (80.2 clips/s)
  ep4 step78520 loss=0.0429 (80.2 clips/s)
  ep4 step78540 loss=0.0429 (80.2 clips/s)
  ep4 step78560 loss=0.0429 (80.2 clips/s)
  ep4 step78580 loss=0.0429 (80.2 clips/s)
  ep4 step78600 loss=0.0429 (80.2 clips/s)
  ep4 step78620 loss=0.0429 (80.2 clips/s)
  ep4 step78640 loss=0.0429 (80.2 clips/s)
  ep4 step78660 loss=0.0430 (80.2 clips/s)
  ep4 step78680 loss=0.0429 (80.2 clips/s)
  ep4 step78700 loss=0.0429 (80.2 clips/s)
  ep4 step78720 loss=0.0429 (80.2 clips/s)
  ep4 step78740 loss=0.0429 (80.2 clips/s)
  ep4 step78760 loss=0.0428 (80.2 clips/s)
  ep4 step78780 loss=0.0428 (80.2 clips/s)
  ep4 step78800 loss=0.0429 (80.2 clips/s)
  ep4 step78820 loss=0.0429 (80.2 clips/s)
  ep4 step78840 loss=0.0428 (80.2 clips/s)
  ep4 step78860 loss=0.0429 (80.2 clips/s)
  ep4 step78880 loss=0.0429 (80.2 clips/s)
  ep4 step78900 loss=0.0429 (80.2 clips/s)
  ep4 step78920 loss=0.0429 (80.2 clips/s)
  ep4 step78940 loss=0.0429 (80.2 clips/s)
  ep4 step78960 loss=0.0429 (80.2 clips/s)
  ep4 step78980 loss=0.0430 (80.2 clips/s)
  ep4 step79000 loss=0.0429 (80.2 clips/s)
  ep4 step79020 loss=0.0430 (80.2 clips/s)
  ep4 step79040 loss=0.0430 (80.2 clips/s)
  ep4 step79060 loss=0.0430 (80.2 clips/s)
  ep4 step79080 loss=0.0430 (80.2 clips/s)
  ep4 step79100 loss=0.0430 (80.2 clips/s)
  ep4 step79120 loss=0.0430 (80.2 clips/s)
  ep4 step79140 loss=0.0429 (80.2 clips/s)
  ep4 step79160 loss=0.0429 (80.2 clips/s)
  ep4 step79180 loss=0.0429 (80.2 clips/s)
  ep4 step79200 loss=0.0430 (80.2 clips/s)
  ep4 step79220 loss=0.0431 (80.2 clips/s)
  ep4 step79240 loss=0.0430 (80.2 clips/s)
  ep4 step79260 loss=0.0430 (80.2 clips/s)
  ep4 step79280 loss=0.0431 (80.2 clips/s)
  ep4 step79300 loss=0.0430 (80.2 clips/s)
  ep4 step79320 loss=0.0430 (80.2 clips/s)
  ep4 step79340 loss=0.0431 (80.2 clips/s)
  ep4 step79360 loss=0.0431 (80.2 clips/s)
  ep4 step79380 loss=0.0431 (80.2 clips/s)
  ep4 step79400 loss=0.0431 (80.2 clips/s)
  ep4 step79420 loss=0.0431 (80.2 clips/s)
  ep4 step79440 loss=0.0431 (80.2 clips/s)
  ep4 step79460 loss=0.0431 (80.2 clips/s)
  ep4 step79480 loss=0.0431 (80.2 clips/s)
  ep4 step79500 loss=0.0431 (80.2 clips/s)
  ep4 step79520 loss=0.0431 (80.2 clips/s)
  ep4 step79540 loss=0.0431 (80.2 clips/s)
  ep4 step79560 loss=0.0431 (80.2 clips/s)
  ep4 step79580 loss=0.0431 (80.2 clips/s)
  ep4 step79600 loss=0.0431 (80.2 clips/s)
  ep4 step79620 loss=0.0431 (80.2 clips/s)
  ep4 step79640 loss=0.0431 (80.2 clips/s)
  ep4 step79660 loss=0.0431 (80.2 clips/s)
  ep4 step79680 loss=0.0431 (80.2 clips/s)
  ep4 step79700 loss=0.0432 (80.2 clips/s)
  ep4 step79720 loss=0.0431 (80.2 clips/s)
  ep4 step79740 loss=0.0431 (80.2 clips/s)
  ep4 step79760 loss=0.0431 (80.2 clips/s)
  ep4 step79780 loss=0.0431 (80.2 clips/s)
  ep4 step79800 loss=0.0431 (80.2 clips/s)
  ep4 step79820 loss=0.0431 (80.2 clips/s)
  ep4 step79840 loss=0.0430 (80.2 clips/s)
  ep4 step79860 loss=0.0430 (80.2 clips/s)
  ep4 step79880 loss=0.0430 (80.2 clips/s)
  ep4 step79900 loss=0.0430 (80.2 clips/s)
  ep4 step79920 loss=0.0431 (80.2 clips/s)
  ep4 step79940 loss=0.0431 (80.2 clips/s)
  ep4 step79960 loss=0.0431 (80.2 clips/s)
  ep4 step79980 loss=0.0431 (80.2 clips/s)
  ep4 step80000 loss=0.0431 (80.2 clips/s)
  ep4 step80020 loss=0.0430 (80.2 clips/s)
  ep4 step80040 loss=0.0430 (80.2 clips/s)
  ep4 step80060 loss=0.0430 (80.2 clips/s)
  ep4 step80080 loss=0.0431 (80.2 clips/s)
  ep4 step80100 loss=0.0430 (80.2 clips/s)
  ep4 step80120 loss=0.0430 (80.2 clips/s)
  ep4 step80140 loss=0.0430 (80.2 clips/s)
  ep4 step80160 loss=0.0429 (80.2 clips/s)
  ep4 step80180 loss=0.0429 (80.2 clips/s)
  ep4 step80200 loss=0.0429 (80.2 clips/s)
  ep4 step80220 loss=0.0429 (80.2 clips/s)
  ep4 step80240 loss=0.0430 (80.2 clips/s)
  ep4 step80260 loss=0.0429 (80.2 clips/s)
  ep4 step80280 loss=0.0429 (80.2 clips/s)
  ep4 step80300 loss=0.0429 (80.2 clips/s)
  ep4 step80320 loss=0.0429 (80.2 clips/s)
  ep4 step80340 loss=0.0429 (80.2 clips/s)
  ep4 step80360 loss=0.0429 (80.2 clips/s)
  ep4 step80380 loss=0.0429 (80.2 clips/s)
  ep4 step80400 loss=0.0429 (80.2 clips/s)
  ep4 step80420 loss=0.0430 (80.2 clips/s)
  ep4 step80440 loss=0.0430 (80.2 clips/s)
  ep4 step80460 loss=0.0430 (80.2 clips/s)
  ep4 step80480 loss=0.0430 (80.2 clips/s)
  ep4 step80500 loss=0.0430 (80.2 clips/s)
  ep4 step80520 loss=0.0430 (80.2 clips/s)
  ep4 step80540 loss=0.0430 (80.2 clips/s)
  ep4 step80560 loss=0.0430 (80.2 clips/s)
  ep4 step80580 loss=0.0430 (80.2 clips/s)
  ep4 step80600 loss=0.0430 (80.2 clips/s)
  ep4 step80620 loss=0.0429 (80.2 clips/s)
  ep4 step80640 loss=0.0429 (80.2 clips/s)
  ep4 step80660 loss=0.0429 (80.2 clips/s)
  ep4 step80680 loss=0.0429 (80.2 clips/s)
  ep4 step80700 loss=0.0429 (80.2 clips/s)
  ep4 step80720 loss=0.0428 (80.2 clips/s)
  ep4 step80740 loss=0.0429 (80.2 clips/s)
  ep4 step80760 loss=0.0429 (80.2 clips/s)
  ep4 step80780 loss=0.0429 (80.2 clips/s)
  ep4 step80800 loss=0.0429 (80.2 clips/s)
  ep4 step80820 loss=0.0429 (80.2 clips/s)
  ep4 step80840 loss=0.0429 (80.2 clips/s)
  ep4 step80860 loss=0.0430 (80.2 clips/s)
  ep4 step80880 loss=0.0429 (80.2 clips/s)
  ep4 step80900 loss=0.0429 (80.2 clips/s)
  ep4 step80920 loss=0.0429 (80.2 clips/s)
  ep4 step80940 loss=0.0430 (80.2 clips/s)
  ep4 step80960 loss=0.0430 (80.2 clips/s)
  ep4 step80980 loss=0.0430 (80.2 clips/s)
  ep4 step81000 loss=0.0430 (80.2 clips/s)
  ep4 step81020 loss=0.0430 (80.2 clips/s)
  ep4 step81040 loss=0.0430 (80.2 clips/s)
  ep4 step81060 loss=0.0429 (80.2 clips/s)
  ep4 step81080 loss=0.0430 (80.2 clips/s)
  ep4 step81100 loss=0.0430 (80.2 clips/s)
  ep4 step81120 loss=0.0430 (80.2 clips/s)
  ep4 step81140 loss=0.0430 (80.2 clips/s)
  ep4 step81160 loss=0.0430 (80.2 clips/s)
  ep4 step81180 loss=0.0430 (80.2 clips/s)
  ep4 step81200 loss=0.0430 (80.2 clips/s)
  ep4 step81220 loss=0.0430 (80.2 clips/s)
  ep4 step81240 loss=0.0430 (80.2 clips/s)
  ep4 step81260 loss=0.0429 (80.2 clips/s)
  ep4 step81280 loss=0.0429 (80.2 clips/s)
  ep4 step81300 loss=0.0429 (80.2 clips/s)
  ep4 step81320 loss=0.0429 (80.2 clips/s)
  ep4 step81340 loss=0.0429 (80.2 clips/s)
  ep4 step81360 loss=0.0429 (80.2 clips/s)
  ep4 step81380 loss=0.0430 (80.2 clips/s)
  ep4 step81400 loss=0.0430 (80.2 clips/s)
  ep4 step81420 loss=0.0430 (80.2 clips/s)
  ep4 step81440 loss=0.0431 (80.2 clips/s)
  ep4 step81460 loss=0.0430 (80.2 clips/s)
  ep4 step81480 loss=0.0431 (80.2 clips/s)
  ep4 step81500 loss=0.0430 (80.2 clips/s)
  ep4 step81520 loss=0.0430 (80.2 clips/s)
  ep4 step81540 loss=0.0430 (80.2 clips/s)
  ep4 step81560 loss=0.0429 (80.2 clips/s)
  ep4 step81580 loss=0.0429 (80.2 clips/s)
  ep4 step81600 loss=0.0429 (80.2 clips/s)
  ep4 step81620 loss=0.0429 (80.2 clips/s)
  ep4 step81640 loss=0.0429 (80.2 clips/s)
  ep4 step81660 loss=0.0429 (80.2 clips/s)
  ep4 step81680 loss=0.0429 (80.2 clips/s)
  ep4 step81700 loss=0.0429 (80.2 clips/s)
  ep4 step81720 loss=0.0429 (80.2 clips/s)
  ep4 step81740 loss=0.0428 (80.2 clips/s)
  ep4 step81760 loss=0.0429 (80.2 clips/s)
  ep4 step81780 loss=0.0428 (80.2 clips/s)
  ep4 step81800 loss=0.0428 (80.2 clips/s)
  ep4 step81820 loss=0.0428 (80.2 clips/s)
  ep4 step81840 loss=0.0428 (80.2 clips/s)
  ep4 step81860 loss=0.0427 (80.2 clips/s)
  ep4 step81880 loss=0.0427 (80.2 clips/s)
  ep4 step81900 loss=0.0427 (80.2 clips/s)
  ep4 step81920 loss=0.0427 (80.2 clips/s)
  ep4 step81940 loss=0.0427 (80.2 clips/s)
  ep4 step81960 loss=0.0427 (80.2 clips/s)
  ep4 step81980 loss=0.0427 (80.2 clips/s)
  ep4 step82000 loss=0.0427 (80.2 clips/s)
  ep4 step82020 loss=0.0426 (80.2 clips/s)
  ep4 step82040 loss=0.0427 (80.2 clips/s)
  ep4 step82060 loss=0.0427 (80.2 clips/s)
  ep4 step82080 loss=0.0427 (80.2 clips/s)
  ep4 step82100 loss=0.0427 (80.2 clips/s)
  ep4 step82120 loss=0.0427 (80.2 clips/s)
  ep4 step82140 loss=0.0427 (80.2 clips/s)
  ep4 step82160 loss=0.0427 (80.2 clips/s)
  ep4 step82180 loss=0.0427 (80.2 clips/s)
  ep4 step82200 loss=0.0427 (80.2 clips/s)
  ep4 step82220 loss=0.0426 (80.2 clips/s)
  ep4 step82240 loss=0.0426 (80.2 clips/s)
  ep4 step82260 loss=0.0427 (80.2 clips/s)
  ep4 step82280 loss=0.0426 (80.2 clips/s)
  ep4 step82300 loss=0.0426 (80.2 clips/s)
  ep4 step82320 loss=0.0426 (80.2 clips/s)
  ep4 step82340 loss=0.0426 (80.2 clips/s)
  ep4 step82360 loss=0.0426 (80.2 clips/s)
  ep4 step82380 loss=0.0426 (80.2 clips/s)
  ep4 step82400 loss=0.0426 (80.2 clips/s)
  ep4 step82420 loss=0.0426 (80.2 clips/s)
  ep4 step82440 loss=0.0427 (80.2 clips/s)
  ep4 step82460 loss=0.0427 (80.2 clips/s)
  ep4 step82480 loss=0.0427 (80.2 clips/s)
  ep4 step82500 loss=0.0427 (80.2 clips/s)
  ep4 step82520 loss=0.0427 (80.2 clips/s)
  ep4 step82540 loss=0.0427 (80.2 clips/s)
  ep4 step82560 loss=0.0427 (80.2 clips/s)
  ep4 step82580 loss=0.0427 (80.2 clips/s)
  ep4 step82600 loss=0.0428 (80.2 clips/s)
  ep4 step82620 loss=0.0428 (80.2 clips/s)
  ep4 step82640 loss=0.0427 (80.2 clips/s)
  ep4 step82660 loss=0.0428 (80.2 clips/s)
  ep4 step82680 loss=0.0428 (80.2 clips/s)
  ep4 step82700 loss=0.0427 (80.2 clips/s)
  ep4 step82720 loss=0.0427 (80.2 clips/s)
  ep4 step82740 loss=0.0427 (80.2 clips/s)
  ep4 step82760 loss=0.0427 (80.2 clips/s)
  ep4 step82780 loss=0.0427 (80.2 clips/s)
  ep4 step82800 loss=0.0427 (80.2 clips/s)
  ep4 step82820 loss=0.0427 (80.2 clips/s)
  ep4 step82840 loss=0.0427 (80.2 clips/s)
  ep4 step82860 loss=0.0427 (80.2 clips/s)
  ep4 step82880 loss=0.0426 (80.2 clips/s)
  ep4 step82900 loss=0.0426 (80.2 clips/s)
  ep4 step82920 loss=0.0426 (80.2 clips/s)
  ep4 step82940 loss=0.0427 (80.2 clips/s)
  ep4 step82960 loss=0.0427 (80.2 clips/s)
  ep4 step82980 loss=0.0426 (80.2 clips/s)
  ep4 step83000 loss=0.0426 (80.2 clips/s)
  ep4 step83020 loss=0.0426 (80.2 clips/s)
  ep4 step83040 loss=0.0426 (80.2 clips/s)
  ep4 step83060 loss=0.0426 (80.2 clips/s)
  ep4 step83080 loss=0.0426 (80.2 clips/s)
  ep4 step83100 loss=0.0426 (80.2 clips/s)
  ep4 step83120 loss=0.0426 (80.2 clips/s)
  ep4 step83140 loss=0.0426 (80.2 clips/s)
  ep4 step83160 loss=0.0426 (80.2 clips/s)
  ep4 step83180 loss=0.0427 (80.2 clips/s)
  ep4 step83200 loss=0.0427 (80.2 clips/s)
  ep4 step83220 loss=0.0427 (80.2 clips/s)
  ep4 step83240 loss=0.0427 (80.2 clips/s)
  ep4 step83260 loss=0.0427 (80.2 clips/s)
  ep4 step83280 loss=0.0427 (80.2 clips/s)
  ep4 step83300 loss=0.0428 (80.2 clips/s)
  ep4 step83320 loss=0.0429 (80.2 clips/s)
  ep4 step83340 loss=0.0429 (80.2 clips/s)
  ep4 step83360 loss=0.0429 (80.2 clips/s)
  ep4 step83380 loss=0.0429 (80.2 clips/s)
  ep4 step83400 loss=0.0429 (80.2 clips/s)
  ep4 step83420 loss=0.0430 (80.2 clips/s)
  ep4 step83440 loss=0.0429 (80.2 clips/s)
  ep4 step83460 loss=0.0429 (80.2 clips/s)
  ep4 step83480 loss=0.0429 (80.2 clips/s)
  ep4 step83500 loss=0.0430 (80.2 clips/s)
  ep4 step83520 loss=0.0430 (80.2 clips/s)
  ep4 step83540 loss=0.0430 (80.2 clips/s)
  ep4 step83560 loss=0.0429 (80.2 clips/s)
  ep4 step83580 loss=0.0429 (80.2 clips/s)
  ep4 step83600 loss=0.0429 (80.2 clips/s)
  ep4 step83620 loss=0.0429 (80.2 clips/s)
  ep4 step83640 loss=0.0429 (80.2 clips/s)
  ep4 step83660 loss=0.0430 (80.2 clips/s)
  ep4 step83680 loss=0.0429 (80.2 clips/s)
  ep4 step83700 loss=0.0430 (80.2 clips/s)
  ep4 step83720 loss=0.0430 (80.2 clips/s)
  ep4 step83740 loss=0.0429 (80.2 clips/s)
  ep4 step83760 loss=0.0430 (80.2 clips/s)
  ep4 step83780 loss=0.0430 (80.2 clips/s)
  ep4 step83800 loss=0.0430 (80.2 clips/s)
  ep4 step83820 loss=0.0430 (80.2 clips/s)
  ep4 step83840 loss=0.0430 (80.2 clips/s)
  ep4 step83860 loss=0.0430 (80.2 clips/s)
  ep4 step83880 loss=0.0430 (80.2 clips/s)
  ep4 step83900 loss=0.0430 (80.2 clips/s)
  ep4 step83920 loss=0.0430 (80.2 clips/s)
  ep4 step83940 loss=0.0430 (80.2 clips/s)
  ep4 step83960 loss=0.0429 (80.2 clips/s)
  ep4 step83980 loss=0.0429 (80.2 clips/s)
  ep4 step84000 loss=0.0429 (80.2 clips/s)
  ep4 step84020 loss=0.0429 (80.2 clips/s)
  ep4 step84040 loss=0.0429 (80.2 clips/s)
  ep4 step84060 loss=0.0429 (80.2 clips/s)
  ep4 step84080 loss=0.0429 (80.2 clips/s)
  ep4 step84100 loss=0.0428 (80.2 clips/s)
  ep4 step84120 loss=0.0428 (80.2 clips/s)
  ep4 step84140 loss=0.0428 (80.2 clips/s)
  ep4 step84160 loss=0.0428 (80.2 clips/s)
  ep4 step84180 loss=0.0427 (80.2 clips/s)
  ep4 step84200 loss=0.0427 (80.2 clips/s)
  ep4 step84220 loss=0.0427 (80.2 clips/s)
  ep4 step84240 loss=0.0427 (80.2 clips/s)
  ep4 step84260 loss=0.0427 (80.2 clips/s)
  ep4 step84280 loss=0.0427 (80.2 clips/s)
  ep4 step84300 loss=0.0428 (80.2 clips/s)
  ep4 step84320 loss=0.0427 (80.2 clips/s)
  ep4 step84340 loss=0.0427 (80.2 clips/s)
  ep4 step84360 loss=0.0427 (80.2 clips/s)
  ep4 step84380 loss=0.0427 (80.2 clips/s)
  ep4 step84400 loss=0.0428 (80.2 clips/s)
  ep4 step84420 loss=0.0427 (80.2 clips/s)
  ep4 step84440 loss=0.0428 (80.2 clips/s)
  ep4 step84460 loss=0.0428 (80.2 clips/s)
  ep4 step84480 loss=0.0427 (80.2 clips/s)
  ep4 step84500 loss=0.0427 (80.2 clips/s)
  ep4 step84520 loss=0.0428 (80.2 clips/s)
  ep4 step84540 loss=0.0428 (80.2 clips/s)
  ep4 step84560 loss=0.0427 (80.2 clips/s)
  ep4 step84580 loss=0.0428 (80.2 clips/s)
  ep4 step84600 loss=0.0428 (80.2 clips/s)
  ep4 step84620 loss=0.0428 (80.2 clips/s)
  ep4 step84640 loss=0.0428 (80.2 clips/s)
  ep4 step84660 loss=0.0428 (80.2 clips/s)
  ep4 step84680 loss=0.0428 (80.2 clips/s)
  ep4 step84700 loss=0.0428 (80.2 clips/s)
  ep4 step84720 loss=0.0428 (80.2 clips/s)
  ep4 step84740 loss=0.0428 (80.2 clips/s)
  ep4 step84760 loss=0.0428 (80.2 clips/s)
  ep4 step84780 loss=0.0428 (80.2 clips/s)
  ep4 step84800 loss=0.0428 (80.2 clips/s)
  ep4 step84820 loss=0.0428 (80.2 clips/s)
  ep4 step84840 loss=0.0428 (80.2 clips/s)
  ep4 step84860 loss=0.0428 (80.2 clips/s)
  ep4 step84880 loss=0.0428 (80.2 clips/s)
  ep4 step84900 loss=0.0427 (80.2 clips/s)
  ep4 step84920 loss=0.0427 (80.2 clips/s)
  ep4 step84940 loss=0.0427 (80.2 clips/s)
  ep4 step84960 loss=0.0427 (80.2 clips/s)
  ep4 step84980 loss=0.0427 (80.2 clips/s)
  ep4 step85000 loss=0.0427 (80.2 clips/s)
  ep4 step85020 loss=0.0427 (80.2 clips/s)
  ep4 step85040 loss=0.0427 (80.2 clips/s)
  ep4 step85060 loss=0.0427 (80.2 clips/s)
  ep4 step85080 loss=0.0427 (80.2 clips/s)
  ep4 step85100 loss=0.0427 (80.2 clips/s)
  ep4 step85120 loss=0.0427 (80.2 clips/s)
  ep4 step85140 loss=0.0427 (80.2 clips/s)
  ep4 step85160 loss=0.0428 (80.2 clips/s)
  ep4 step85180 loss=0.0428 (80.2 clips/s)
  ep4 step85200 loss=0.0428 (80.2 clips/s)
  ep4 step85220 loss=0.0427 (80.2 clips/s)
  ep4 step85240 loss=0.0427 (80.2 clips/s)
  ep4 step85260 loss=0.0427 (80.2 clips/s)
  ep4 step85280 loss=0.0427 (80.2 clips/s)
  ep4 step85300 loss=0.0427 (80.2 clips/s)
  ep4 step85320 loss=0.0427 (80.2 clips/s)
  ep4 step85340 loss=0.0427 (80.2 clips/s)
  ep4 step85360 loss=0.0427 (80.2 clips/s)
  ep4 step85380 loss=0.0428 (80.2 clips/s)
  ep4 step85400 loss=0.0428 (80.2 clips/s)
  ep4 step85420 loss=0.0427 (80.2 clips/s)
  ep4 step85440 loss=0.0427 (80.2 clips/s)
  ep4 step85460 loss=0.0427 (80.2 clips/s)
  ep4 step85480 loss=0.0427 (80.2 clips/s)
  ep4 step85500 loss=0.0427 (80.2 clips/s)
  ep4 step85520 loss=0.0427 (80.2 clips/s)
  ep4 step85540 loss=0.0427 (80.2 clips/s)
  ep4 step85560 loss=0.0427 (80.2 clips/s)
  ep4 step85580 loss=0.0427 (80.2 clips/s)
  ep4 step85600 loss=0.0427 (80.2 clips/s)
  ep4 step85620 loss=0.0427 (80.2 clips/s)
  ep4 step85640 loss=0.0427 (80.2 clips/s)
  ep4 step85660 loss=0.0427 (80.2 clips/s)
  ep4 step85680 loss=0.0428 (80.2 clips/s)
  ep4 step85700 loss=0.0428 (80.2 clips/s)
  ep4 step85720 loss=0.0428 (80.2 clips/s)
  ep4 step85740 loss=0.0428 (80.2 clips/s)
  ep4 step85760 loss=0.0428 (80.2 clips/s)
  ep4 step85780 loss=0.0428 (80.2 clips/s)
  ep4 step85800 loss=0.0428 (80.2 clips/s)
  ep4 step85820 loss=0.0428 (80.2 clips/s)
  ep4 step85840 loss=0.0428 (80.2 clips/s)
  ep4 step85860 loss=0.0428 (80.2 clips/s)
  ep4 step85880 loss=0.0427 (80.2 clips/s)
  ep4 step85900 loss=0.0427 (80.2 clips/s)
  ep4 step85920 loss=0.0427 (80.2 clips/s)
  ep4 step85940 loss=0.0427 (80.2 clips/s)
  ep4 step85960 loss=0.0427 (80.2 clips/s)
  ep4 step85980 loss=0.0427 (80.2 clips/s)
  ep4 step86000 loss=0.0427 (80.2 clips/s)
  ep4 step86020 loss=0.0427 (80.2 clips/s)
  ep4 step86040 loss=0.0428 (80.2 clips/s)
  ep4 step86060 loss=0.0428 (80.2 clips/s)
  ep4 step86080 loss=0.0427 (80.2 clips/s)
  ep4 step86100 loss=0.0427 (80.2 clips/s)
  ep4 step86120 loss=0.0427 (80.2 clips/s)
  ep4 step86140 loss=0.0427 (80.2 clips/s)
  ep4 step86160 loss=0.0427 (80.2 clips/s)
  ep4 step86180 loss=0.0427 (80.2 clips/s)
  ep4 step86200 loss=0.0427 (80.2 clips/s)
  ep4 step86220 loss=0.0427 (80.2 clips/s)
  ep4 step86240 loss=0.0426 (80.2 clips/s)
  ep4 step86260 loss=0.0426 (80.2 clips/s)
  ep4 step86280 loss=0.0426 (80.2 clips/s)
  ep4 step86300 loss=0.0426 (80.2 clips/s)
  ep4 step86320 loss=0.0426 (80.2 clips/s)
  ep4 step86340 loss=0.0426 (80.2 clips/s)
  ep4 step86360 loss=0.0427 (80.1 clips/s)
  ep4 step86380 loss=0.0427 (80.1 clips/s)
  ep4 step86400 loss=0.0426 (80.1 clips/s)
  ep4 step86420 loss=0.0426 (80.1 clips/s)
  ep4 step86440 loss=0.0426 (80.1 clips/s)
  ep4 step86460 loss=0.0426 (80.1 clips/s)
  ep4 step86480 loss=0.0426 (80.1 clips/s)
  ep4 step86500 loss=0.0426 (80.1 clips/s)
  ep4 step86520 loss=0.0426 (80.1 clips/s)
  ep4 step86540 loss=0.0426 (80.1 clips/s)
  ep4 step86560 loss=0.0426 (80.1 clips/s)
  ep4 step86580 loss=0.0426 (80.1 clips/s)
  ep4 step86600 loss=0.0425 (80.1 clips/s)
  ep4 step86620 loss=0.0425 (80.1 clips/s)
  ep4 step86640 loss=0.0426 (80.1 clips/s)
  ep4 step86660 loss=0.0426 (80.1 clips/s)
  ep4 step86680 loss=0.0425 (80.1 clips/s)
  ep4 step86700 loss=0.0426 (80.1 clips/s)
  ep4 step86720 loss=0.0426 (80.1 clips/s)
  ep4 step86740 loss=0.0426 (80.1 clips/s)
  ep4 step86760 loss=0.0426 (80.1 clips/s)
  ep4 step86780 loss=0.0426 (80.1 clips/s)
  ep4 step86800 loss=0.0425 (80.1 clips/s)
  ep4 step86820 loss=0.0426 (80.1 clips/s)
  ep4 step86840 loss=0.0426 (80.1 clips/s)
  ep4 step86860 loss=0.0428 (80.1 clips/s)
  ep4 step86880 loss=0.0428 (80.1 clips/s)
  ep4 step86900 loss=0.0427 (80.1 clips/s)
  ep4 step86920 loss=0.0428 (80.1 clips/s)
  ep4 step86940 loss=0.0428 (80.1 clips/s)
  ep4 step86960 loss=0.0428 (80.1 clips/s)
  ep4 step86980 loss=0.0428 (80.1 clips/s)
  ep4 step87000 loss=0.0428 (80.1 clips/s)
  ep4 step87020 loss=0.0428 (80.1 clips/s)
  ep4 step87040 loss=0.0428 (80.1 clips/s)
  ep4 step87060 loss=0.0428 (80.1 clips/s)
  ep4 step87080 loss=0.0428 (80.1 clips/s)
  ep4 step87100 loss=0.0428 (80.1 clips/s)
  ep4 step87120 loss=0.0427 (80.1 clips/s)
  ep4 step87140 loss=0.0428 (80.1 clips/s)
  ep4 step87160 loss=0.0428 (80.1 clips/s)
  ep4 step87180 loss=0.0428 (80.1 clips/s)
  ep4 step87200 loss=0.0428 (80.1 clips/s)
  ep4 step87220 loss=0.0428 (80.1 clips/s)
  ep4 step87240 loss=0.0428 (80.1 clips/s)
  ep4 step87260 loss=0.0428 (80.1 clips/s)
  ep4 step87280 loss=0.0428 (80.1 clips/s)
  ep4 step87300 loss=0.0428 (80.1 clips/s)
  ep4 step87320 loss=0.0427 (80.1 clips/s)
  ep4 step87340 loss=0.0428 (80.1 clips/s)
  ep4 step87360 loss=0.0428 (80.1 clips/s)
  ep4 step87380 loss=0.0428 (80.1 clips/s)
  ep4 step87400 loss=0.0428 (80.1 clips/s)
  ep4 step87420 loss=0.0428 (80.1 clips/s)
  ep4 step87440 loss=0.0428 (80.1 clips/s)
  ep4 step87460 loss=0.0429 (80.1 clips/s)
  ep4 step87480 loss=0.0429 (80.1 clips/s)
  ep4 step87500 loss=0.0428 (80.1 clips/s)
  ep4 step87520 loss=0.0428 (80.1 clips/s)
  ep4 step87540 loss=0.0429 (80.1 clips/s)
  ep4 step87560 loss=0.0428 (80.1 clips/s)
  ep4 step87580 loss=0.0428 (80.1 clips/s)
  ep4 step87600 loss=0.0428 (80.1 clips/s)
[epoch 4] loss=0.0428 val_avg_f1=0.7825 val_acc=0.9105 (145.9 min)
[train] early stop: no val improvement for 2 epoch(s)
[train] finished in 583.0 min, best val avg_f1=0.7906
/root/autodl-tmp/experiments/train_p10_tsm.py:334: FutureWarning: You are using `torch.load` with `weights_only=False` (the current default value), which uses the default pickle module implicitly. It is possible to construct malicious pickle data which will execute arbitrary code during unpickling (See https://github.com/pytorch/pytorch/blob/main/SECURITY.md#untrusted-models for more details). In a future release, the default value for `weights_only` will be flipped to `True`. This limits the functions that could be executed during unpickling. Arbitrary objects will no longer be allowed to be loaded via this mode unless they are explicitly allowlisted by the user via `torch.serialization.add_safe_globals`. We recommend you start setting `weights_only=True` for any use case where you don't have full control of the loaded file. Please open an issue on GitHub for any issues related to this experimental feature.
  ckpt = torch.load(ckpt_path, map_location="cpu")
[test] 1200 videos -> 12000 clips (stride=8)
[test] avg_f1=0.7323 acc=0.9011 fall_f1=0.6556 fallen_f1=0.5917 (n=12000)
[train] logs -> /root/autodl-tmp/logs/phase10/tsm_fair

=============== [2026-09-13 16:27:10] F2 DONE ===============


=============== [2026-09-13 16:27:10] EVAL: dense per-frame dump (stride 1) ===============

/root/miniconda3/lib/python3.10/site-packages/torchvision/io/image.py:13: UserWarning: Failed to load image Python extension: '/root/miniconda3/lib/python3.10/site-packages/torchvision/image.so: undefined symbol: _ZN3c1017RegisterOperatorsD1Ev'If you don't plan on using image functionality from `torchvision.io`, you can ignore this warning. Otherwise, there might be something wrong with your environment. Did you have `libjpeg` or `libpng` installed before building `torchvision` from source?
  warn(
[data] train clips=96000 (missing video dirs=0), val clips=2000 (missing=0)
[data] window label counts=[8278, 7164, 80558] -> class weights=[1.328, 1.535, 0.137]
=> base model: resnet50
Adding temporal shift...
=> n_segment per stage: [8, 8, 8, 8]
=> Processing stage with 3 blocks residual
=> Using fold div: 8
=> Using fold div: 8
=> Using fold div: 8
=> Processing stage with 4 blocks residual
=> Using fold div: 8
=> Using fold div: 8
=> Using fold div: 8
=> Using fold div: 8
=> Processing stage with 6 blocks residual
=> Using fold div: 8
=> Using fold div: 8
=> Using fold div: 8
=> Using fold div: 8
=> Using fold div: 8
=> Using fold div: 8
=> Processing stage with 3 blocks residual
=> Using fold div: 8
=> Using fold div: 8
=> Using fold div: 8
=> converted 16 TemporalShift modules to FastTemporalShift
[model] TSN-TSM resnet50 params=23.51M, num_frames=8
/root/autodl-tmp/experiments/train_p10_tsm.py:334: FutureWarning: You are using `torch.load` with `weights_only=False` (the current default value), which uses the default pickle module implicitly. It is possible to construct malicious pickle data which will execute arbitrary code during unpickling (See https://github.com/pytorch/pytorch/blob/main/SECURITY.md#untrusted-models for more details). In a future release, the default value for `weights_only` will be flipped to `True`. This limits the functions that could be executed during unpickling. Arbitrary objects will no longer be allowed to be loaded via this mode unless they are explicitly allowlisted by the user via `torch.serialization.add_safe_globals`. We recommend you start setting `weights_only=True` for any use case where you don't have full control of the loaded file. Please open an issue on GitHub for any issues related to this experimental feature.
  ckpt = torch.load(ckpt_path, map_location="cpu")
[test] 1200 videos -> 87600 clips (stride=1)
[test] avg_f1=0.7352 acc=0.9017 fall_f1=0.6609 fallen_f1=0.5954 (n=96000)
[train] eval-only mode finished; logs -> /root/autodl-tmp/logs/phase10/tsm_fair

=============== [2026-09-13 16:32:13] EVAL: timeline metrics ===============

=== timeline (event-level, per-video) ===
  videos=1200  has_fall=211  has_fallen=150
  fall_f1=0.6953  fallen_f1=0.5485  avg_f1=0.6421
  coverage: fall=0.957  fallen=0.713
  false alarm: fall=0.058  fallen=0.064
  flips/video=0.64  order_correct=0.986
=== instance (same frames) ===
  avg_f1=0.7352 acc=0.9017 fall_f1=0.6609 fallen_f1=0.5954 n=96000
saved -> logs/phase10/tsm_fair/timeline_results.json

=============== [2026-09-13 16:32:20] EVAL: same-frame comparison vs E1-full ===============

common videos = 1200
E1-full    inst: acc=0.9370 avg_f1=0.8296 fall_f1=0.7689 fallen_f1=0.7510
           time: fall_f1=0.7827 fallen_f1=0.6989 avg_f1=0.7413 | cov 0.962/0.833 | FA 0.026/0.035 | flips 0.63
TSM-fair   inst: acc=0.9017 avg_f1=0.7352 fall_f1=0.6609 fallen_f1=0.5954
           time: fall_f1=0.6953 fallen_f1=0.5485 avg_f1=0.6421 | cov 0.957/0.713 | FA 0.058/0.064 | flips 0.64
delta (TSM-fair - E1): acc -0.0353 | avg_f1 -0.0944 | fall_f1 -0.1080 | fallen_f1 -0.1556
saved -> logs/phase10/tsm_fair/compare_e1_vs_tsm_fair.json

=============== [2026-09-13 16:32:23] ALL DONE — marker written: logs/phase10/tsm_fair/P10_TSM_FAIR_DONE ===============

